model_id,feature_set,task,split,fold,pos_stratum,label,precision,recall,f1,support,confusion_matrix_labels,confusion_matrix
llama-3.2-1b,full_prompt_final,gender,lemma-heldout,0,ADJ,fem,0.9365079365079365,0.9833333333333333,0.959349593495935,60,"[""fem"", ""masc""]","[[59, 1], [4, 87]]"
llama-3.2-1b,full_prompt_final,gender,lemma-heldout,0,ADJ,masc,0.9886363636363636,0.9560439560439561,0.9720670391061452,91,"[""fem"", ""masc""]","[[59, 1], [4, 87]]"
llama-3.2-1b,full_prompt_final,gender,lemma-heldout,0,NOUN,fem,0.8883248730964467,0.8495145631067961,0.8684863523573201,206,"[""fem"", ""masc""]","[[175, 31], [22, 409]]"
llama-3.2-1b,full_prompt_final,gender,lemma-heldout,0,NOUN,masc,0.9295454545454546,0.9489559164733179,0.939150401836969,431,"[""fem"", ""masc""]","[[175, 31], [22, 409]]"
llama-3.2-1b,full_prompt_final,gender,lemma-heldout,0,VERB,fem,1.0,0.864406779661017,0.9272727272727272,59,"[""fem"", ""masc""]","[[51, 8], [0, 93]]"
llama-3.2-1b,full_prompt_final,gender,lemma-heldout,0,VERB,masc,0.9207920792079208,1.0,0.9587628865979382,93,"[""fem"", ""masc""]","[[51, 8], [0, 93]]"
llama-3.2-1b,full_prompt_final,gender,lemma-heldout,0,all,fem,0.9163987138263665,0.8769230769230769,0.8962264150943396,325,"[""fem"", ""masc""]","[[285, 40], [26, 589]]"
llama-3.2-1b,full_prompt_final,gender,lemma-heldout,0,all,masc,0.9364069952305246,0.9577235772357724,0.9469453376205788,615,"[""fem"", ""masc""]","[[285, 40], [26, 589]]"
llama-3.2-1b,full_prompt_final,gender,lemma-heldout,1,ADJ,fem,0.9850746268656716,0.9705882352941176,0.9777777777777777,68,"[""fem"", ""masc""]","[[66, 2], [1, 115]]"
llama-3.2-1b,full_prompt_final,gender,lemma-heldout,1,ADJ,masc,0.9829059829059829,0.9913793103448276,0.9871244635193133,116,"[""fem"", ""masc""]","[[66, 2], [1, 115]]"
llama-3.2-1b,full_prompt_final,gender,lemma-heldout,1,NOUN,fem,0.8837209302325582,0.9156626506024096,0.8994082840236687,166,"[""fem"", ""masc""]","[[152, 14], [20, 396]]"
llama-3.2-1b,full_prompt_final,gender,lemma-heldout,1,NOUN,masc,0.9658536585365853,0.9519230769230769,0.9588377723970944,416,"[""fem"", ""masc""]","[[152, 14], [20, 396]]"
llama-3.2-1b,full_prompt_final,gender,lemma-heldout,1,VERB,fem,0.9166666666666666,1.0,0.9565217391304348,66,"[""fem"", ""masc""]","[[66, 0], [6, 102]]"
llama-3.2-1b,full_prompt_final,gender,lemma-heldout,1,VERB,masc,1.0,0.9444444444444444,0.9714285714285714,108,"[""fem"", ""masc""]","[[66, 0], [6, 102]]"
llama-3.2-1b,full_prompt_final,gender,lemma-heldout,1,all,fem,0.9131832797427653,0.9466666666666667,0.9296235679214403,300,"[""fem"", ""masc""]","[[284, 16], [27, 613]]"
llama-3.2-1b,full_prompt_final,gender,lemma-heldout,1,all,masc,0.9745627980922098,0.9578125,0.9661150512214342,640,"[""fem"", ""masc""]","[[284, 16], [27, 613]]"
llama-3.2-1b,full_prompt_final,gender,lemma-heldout,2,ADJ,fem,0.9746835443037974,0.875,0.9221556886227545,88,"[""fem"", ""masc""]","[[77, 11], [2, 65]]"
llama-3.2-1b,full_prompt_final,gender,lemma-heldout,2,ADJ,masc,0.8552631578947368,0.9701492537313433,0.9090909090909091,67,"[""fem"", ""masc""]","[[77, 11], [2, 65]]"
llama-3.2-1b,full_prompt_final,gender,lemma-heldout,2,NOUN,fem,0.8520710059171598,0.8181818181818182,0.8347826086956521,176,"[""fem"", ""masc""]","[[144, 32], [25, 387]]"
llama-3.2-1b,full_prompt_final,gender,lemma-heldout,2,NOUN,masc,0.9236276849642004,0.9393203883495146,0.9314079422382672,412,"[""fem"", ""masc""]","[[144, 32], [25, 387]]"
llama-3.2-1b,full_prompt_final,gender,lemma-heldout,2,VERB,fem,0.6989247311827957,0.9027777777777778,0.7878787878787878,72,"[""fem"", ""masc""]","[[65, 7], [28, 97]]"
llama-3.2-1b,full_prompt_final,gender,lemma-heldout,2,VERB,masc,0.9326923076923077,0.776,0.8471615720524017,125,"[""fem"", ""masc""]","[[65, 7], [28, 97]]"
llama-3.2-1b,full_prompt_final,gender,lemma-heldout,2,all,fem,0.8387096774193549,0.8511904761904762,0.844903988183161,336,"[""fem"", ""masc""]","[[286, 50], [55, 549]]"
llama-3.2-1b,full_prompt_final,gender,lemma-heldout,2,all,masc,0.9165275459098498,0.9089403973509934,0.912718204488778,604,"[""fem"", ""masc""]","[[286, 50], [55, 549]]"
llama-3.2-1b,full_prompt_final,gender,lemma-heldout,3,ADJ,fem,1.0,0.9787234042553191,0.989247311827957,94,"[""fem"", ""masc""]","[[92, 2], [0, 77]]"
llama-3.2-1b,full_prompt_final,gender,lemma-heldout,3,ADJ,masc,0.9746835443037974,1.0,0.9871794871794872,77,"[""fem"", ""masc""]","[[92, 2], [0, 77]]"
llama-3.2-1b,full_prompt_final,gender,lemma-heldout,3,NOUN,fem,0.9,0.9,0.9,200,"[""fem"", ""masc""]","[[180, 20], [20, 391]]"
llama-3.2-1b,full_prompt_final,gender,lemma-heldout,3,NOUN,masc,0.9513381995133819,0.9513381995133819,0.9513381995133819,411,"[""fem"", ""masc""]","[[180, 20], [20, 391]]"
llama-3.2-1b,full_prompt_final,gender,lemma-heldout,3,VERB,fem,0.875,0.8615384615384616,0.8682170542635659,65,"[""fem"", ""masc""]","[[56, 9], [8, 85]]"
llama-3.2-1b,full_prompt_final,gender,lemma-heldout,3,VERB,masc,0.9042553191489362,0.9139784946236559,0.9090909090909091,93,"[""fem"", ""masc""]","[[56, 9], [8, 85]]"
llama-3.2-1b,full_prompt_final,gender,lemma-heldout,3,all,fem,0.9213483146067416,0.9136490250696379,0.9174825174825175,359,"[""fem"", ""masc""]","[[328, 31], [28, 553]]"
llama-3.2-1b,full_prompt_final,gender,lemma-heldout,3,all,masc,0.946917808219178,0.9518072289156626,0.9493562231759657,581,"[""fem"", ""masc""]","[[328, 31], [28, 553]]"
llama-3.2-1b,full_prompt_final,gender,lemma-heldout,4,ADJ,fem,0.9060773480662984,0.9879518072289156,0.9452449567723343,166,"[""fem"", ""masc""]","[[164, 2], [17, 65]]"
llama-3.2-1b,full_prompt_final,gender,lemma-heldout,4,ADJ,masc,0.9701492537313433,0.7926829268292683,0.87248322147651,82,"[""fem"", ""masc""]","[[164, 2], [17, 65]]"
llama-3.2-1b,full_prompt_final,gender,lemma-heldout,4,NOUN,fem,0.7769230769230769,0.9395348837209302,0.8505263157894737,215,"[""fem"", ""masc""]","[[202, 13], [58, 265]]"
llama-3.2-1b,full_prompt_final,gender,lemma-heldout,4,NOUN,masc,0.9532374100719424,0.8204334365325078,0.8818635607321131,323,"[""fem"", ""masc""]","[[202, 13], [58, 265]]"
llama-3.2-1b,full_prompt_final,gender,lemma-heldout,4,VERB,fem,0.7741935483870968,0.8571428571428571,0.8135593220338984,56,"[""fem"", ""masc""]","[[48, 8], [14, 83]]"
llama-3.2-1b,full_prompt_final,gender,lemma-heldout,4,VERB,masc,0.9120879120879121,0.8556701030927835,0.8829787234042553,97,"[""fem"", ""masc""]","[[48, 8], [14, 83]]"
llama-3.2-1b,full_prompt_final,gender,lemma-heldout,4,all,fem,0.8230616302186878,0.9473684210526315,0.8808510638297873,437,"[""fem"", ""masc""]","[[414, 23], [89, 413]]"
llama-3.2-1b,full_prompt_final,gender,lemma-heldout,4,all,masc,0.9472477064220184,0.8227091633466136,0.8805970149253731,502,"[""fem"", ""masc""]","[[414, 23], [89, 413]]"
llama-3.2-1b,full_prompt_final,gender,random,0,ADJ,fem,0.970873786407767,0.9803921568627451,0.975609756097561,102,"[""fem"", ""masc""]","[[100, 2], [3, 90]]"
llama-3.2-1b,full_prompt_final,gender,random,0,ADJ,masc,0.9782608695652174,0.967741935483871,0.972972972972973,93,"[""fem"", ""masc""]","[[100, 2], [3, 90]]"
llama-3.2-1b,full_prompt_final,gender,random,0,NOUN,fem,0.9637305699481865,0.9841269841269841,0.9738219895287958,189,"[""fem"", ""masc""]","[[186, 3], [7, 383]]"
llama-3.2-1b,full_prompt_final,gender,random,0,NOUN,masc,0.9922279792746114,0.982051282051282,0.9871134020618557,390,"[""fem"", ""masc""]","[[186, 3], [7, 383]]"
llama-3.2-1b,full_prompt_final,gender,random,0,VERB,fem,0.9836065573770492,0.9836065573770492,0.9836065573770492,61,"[""fem"", ""masc""]","[[60, 1], [1, 104]]"
llama-3.2-1b,full_prompt_final,gender,random,0,VERB,masc,0.9904761904761905,0.9904761904761905,0.9904761904761905,105,"[""fem"", ""masc""]","[[60, 1], [1, 104]]"
llama-3.2-1b,full_prompt_final,gender,random,0,all,fem,0.969187675070028,0.9829545454545454,0.9760225669957687,352,"[""fem"", ""masc""]","[[346, 6], [11, 577]]"
llama-3.2-1b,full_prompt_final,gender,random,0,all,masc,0.9897084048027445,0.9812925170068028,0.9854824935952178,588,"[""fem"", ""masc""]","[[346, 6], [11, 577]]"
llama-3.2-1b,full_prompt_final,gender,random,1,ADJ,fem,0.9875,1.0,0.9937106918238994,79,"[""fem"", ""masc""]","[[79, 0], [1, 87]]"
llama-3.2-1b,full_prompt_final,gender,random,1,ADJ,masc,1.0,0.9886363636363636,0.9942857142857143,88,"[""fem"", ""masc""]","[[79, 0], [1, 87]]"
llama-3.2-1b,full_prompt_final,gender,random,1,NOUN,fem,0.9740932642487047,0.9791666666666666,0.9766233766233766,192,"[""fem"", ""masc""]","[[188, 4], [5, 403]]"
llama-3.2-1b,full_prompt_final,gender,random,1,NOUN,masc,0.9901719901719902,0.9877450980392157,0.9889570552147239,408,"[""fem"", ""masc""]","[[188, 4], [5, 403]]"
llama-3.2-1b,full_prompt_final,gender,random,1,VERB,fem,1.0,0.9259259259259259,0.9615384615384616,81,"[""fem"", ""masc""]","[[75, 6], [0, 92]]"
llama-3.2-1b,full_prompt_final,gender,random,1,VERB,masc,0.9387755102040817,1.0,0.968421052631579,92,"[""fem"", ""masc""]","[[75, 6], [0, 92]]"
llama-3.2-1b,full_prompt_final,gender,random,1,all,fem,0.9827586206896551,0.9715909090909091,0.9771428571428571,352,"[""fem"", ""masc""]","[[342, 10], [6, 582]]"
llama-3.2-1b,full_prompt_final,gender,random,1,all,masc,0.9831081081081081,0.9897959183673469,0.9864406779661017,588,"[""fem"", ""masc""]","[[342, 10], [6, 582]]"
llama-3.2-1b,full_prompt_final,gender,random,2,ADJ,fem,1.0,0.9805825242718447,0.9901960784313726,103,"[""fem"", ""masc""]","[[101, 2], [0, 94]]"
llama-3.2-1b,full_prompt_final,gender,random,2,ADJ,masc,0.9791666666666666,1.0,0.9894736842105263,94,"[""fem"", ""masc""]","[[101, 2], [0, 94]]"
llama-3.2-1b,full_prompt_final,gender,random,2,NOUN,fem,0.9556650246305419,0.9797979797979798,0.9675810473815462,198,"[""fem"", ""masc""]","[[194, 4], [9, 380]]"
llama-3.2-1b,full_prompt_final,gender,random,2,NOUN,masc,0.9895833333333334,0.9768637532133676,0.9831824062095731,389,"[""fem"", ""masc""]","[[194, 4], [9, 380]]"
llama-3.2-1b,full_prompt_final,gender,random,2,VERB,fem,0.94,0.94,0.94,50,"[""fem"", ""masc""]","[[47, 3], [3, 103]]"
llama-3.2-1b,full_prompt_final,gender,random,2,VERB,masc,0.9716981132075472,0.9716981132075472,0.9716981132075472,106,"[""fem"", ""masc""]","[[47, 3], [3, 103]]"
llama-3.2-1b,full_prompt_final,gender,random,2,all,fem,0.9661016949152542,0.9743589743589743,0.9702127659574468,351,"[""fem"", ""masc""]","[[342, 9], [12, 577]]"
llama-3.2-1b,full_prompt_final,gender,random,2,all,masc,0.984641638225256,0.9796264855687606,0.9821276595744681,589,"[""fem"", ""masc""]","[[342, 9], [12, 577]]"
llama-3.2-1b,full_prompt_final,gender,random,3,ADJ,fem,0.9893617021276596,0.9893617021276596,0.9893617021276596,94,"[""fem"", ""masc""]","[[93, 1], [1, 72]]"
llama-3.2-1b,full_prompt_final,gender,random,3,ADJ,masc,0.9863013698630136,0.9863013698630136,0.9863013698630136,73,"[""fem"", ""masc""]","[[93, 1], [1, 72]]"
llama-3.2-1b,full_prompt_final,gender,random,3,NOUN,fem,0.984375,0.9895287958115183,0.9869451697127938,191,"[""fem"", ""masc""]","[[189, 2], [3, 409]]"
llama-3.2-1b,full_prompt_final,gender,random,3,NOUN,masc,0.9951338199513382,0.9927184466019418,0.9939246658566221,412,"[""fem"", ""masc""]","[[189, 2], [3, 409]]"
llama-3.2-1b,full_prompt_final,gender,random,3,VERB,fem,0.984375,0.9545454545454546,0.9692307692307692,66,"[""fem"", ""masc""]","[[63, 3], [1, 103]]"
llama-3.2-1b,full_prompt_final,gender,random,3,VERB,masc,0.9716981132075472,0.9903846153846154,0.9809523809523809,104,"[""fem"", ""masc""]","[[63, 3], [1, 103]]"
llama-3.2-1b,full_prompt_final,gender,random,3,all,fem,0.9857142857142858,0.9829059829059829,0.9843081312410842,351,"[""fem"", ""masc""]","[[345, 6], [5, 584]]"
llama-3.2-1b,full_prompt_final,gender,random,3,all,masc,0.9898305084745763,0.9915110356536503,0.9906700593723494,589,"[""fem"", ""masc""]","[[345, 6], [5, 584]]"
llama-3.2-1b,full_prompt_final,gender,random,4,ADJ,fem,0.9896907216494846,0.9795918367346939,0.9846153846153847,98,"[""fem"", ""masc""]","[[96, 2], [1, 84]]"
llama-3.2-1b,full_prompt_final,gender,random,4,ADJ,masc,0.9767441860465116,0.9882352941176471,0.9824561403508771,85,"[""fem"", ""masc""]","[[96, 2], [1, 84]]"
llama-3.2-1b,full_prompt_final,gender,random,4,NOUN,fem,0.9692307692307692,0.9792746113989638,0.9742268041237113,193,"[""fem"", ""masc""]","[[189, 4], [6, 388]]"
llama-3.2-1b,full_prompt_final,gender,random,4,NOUN,masc,0.9897959183673469,0.9847715736040609,0.9872773536895675,394,"[""fem"", ""masc""]","[[189, 4], [6, 388]]"
llama-3.2-1b,full_prompt_final,gender,random,4,VERB,fem,0.9090909090909091,1.0,0.9523809523809523,60,"[""fem"", ""masc""]","[[60, 0], [6, 103]]"
llama-3.2-1b,full_prompt_final,gender,random,4,VERB,masc,1.0,0.944954128440367,0.9716981132075472,109,"[""fem"", ""masc""]","[[60, 0], [6, 103]]"
llama-3.2-1b,full_prompt_final,gender,random,4,all,fem,0.9636871508379888,0.9829059829059829,0.9732016925246827,351,"[""fem"", ""masc""]","[[345, 6], [13, 575]]"
llama-3.2-1b,full_prompt_final,gender,random,4,all,masc,0.9896729776247849,0.9778911564625851,0.9837467921300257,588,"[""fem"", ""masc""]","[[345, 6], [13, 575]]"
llama-3.2-1b,full_prompt_final,gender,root-heldout,0,ADJ,fem,0.7792207792207793,0.8,0.7894736842105263,150,"[""fem"", ""masc""]","[[120, 30], [34, 97]]"
llama-3.2-1b,full_prompt_final,gender,root-heldout,0,ADJ,masc,0.7637795275590551,0.7404580152671756,0.751937984496124,131,"[""fem"", ""masc""]","[[120, 30], [34, 97]]"
llama-3.2-1b,full_prompt_final,gender,root-heldout,0,NOUN,fem,0.8235294117647058,0.9438202247191011,0.8795811518324608,178,"[""fem"", ""masc""]","[[168, 10], [36, 315]]"
llama-3.2-1b,full_prompt_final,gender,root-heldout,0,NOUN,masc,0.9692307692307692,0.8974358974358975,0.9319526627218935,351,"[""fem"", ""masc""]","[[168, 10], [36, 315]]"
llama-3.2-1b,full_prompt_final,gender,root-heldout,0,VERB,fem,0.9555555555555556,0.9347826086956522,0.945054945054945,46,"[""fem"", ""masc""]","[[43, 3], [2, 82]]"
llama-3.2-1b,full_prompt_final,gender,root-heldout,0,VERB,masc,0.9647058823529412,0.9761904761904762,0.9704142011834319,84,"[""fem"", ""masc""]","[[43, 3], [2, 82]]"
llama-3.2-1b,full_prompt_final,gender,root-heldout,0,all,fem,0.8213399503722084,0.8850267379679144,0.851994851994852,374,"[""fem"", ""masc""]","[[331, 43], [72, 494]]"
llama-3.2-1b,full_prompt_final,gender,root-heldout,0,all,masc,0.9199255121042831,0.872791519434629,0.8957388939256573,566,"[""fem"", ""masc""]","[[331, 43], [72, 494]]"
llama-3.2-1b,full_prompt_final,gender,root-heldout,1,ADJ,fem,1.0,0.9626168224299065,0.9809523809523809,107,"[""fem"", ""masc""]","[[103, 4], [0, 92]]"
llama-3.2-1b,full_prompt_final,gender,root-heldout,1,ADJ,masc,0.9583333333333334,1.0,0.9787234042553191,92,"[""fem"", ""masc""]","[[103, 4], [0, 92]]"
llama-3.2-1b,full_prompt_final,gender,root-heldout,1,NOUN,fem,0.751269035532995,0.8705882352941177,0.8065395095367848,170,"[""fem"", ""masc""]","[[148, 22], [49, 381]]"
llama-3.2-1b,full_prompt_final,gender,root-heldout,1,NOUN,masc,0.9454094292803971,0.8860465116279069,0.9147659063625451,430,"[""fem"", ""masc""]","[[148, 22], [49, 381]]"
llama-3.2-1b,full_prompt_final,gender,root-heldout,1,VERB,fem,0.9803921568627451,0.9090909090909091,0.9433962264150944,55,"[""fem"", ""masc""]","[[50, 5], [1, 85]]"
llama-3.2-1b,full_prompt_final,gender,root-heldout,1,VERB,masc,0.9444444444444444,0.9883720930232558,0.9659090909090909,86,"[""fem"", ""masc""]","[[50, 5], [1, 85]]"
llama-3.2-1b,full_prompt_final,gender,root-heldout,1,all,fem,0.8575498575498576,0.9066265060240963,0.8814055636896047,332,"[""fem"", ""masc""]","[[301, 31], [50, 558]]"
llama-3.2-1b,full_prompt_final,gender,root-heldout,1,all,masc,0.9473684210526315,0.9177631578947368,0.9323308270676691,608,"[""fem"", ""masc""]","[[301, 31], [50, 558]]"
llama-3.2-1b,full_prompt_final,gender,root-heldout,2,ADJ,fem,0.9320388349514563,0.96,0.9458128078817734,100,"[""fem"", ""masc""]","[[96, 4], [7, 72]]"
llama-3.2-1b,full_prompt_final,gender,root-heldout,2,ADJ,masc,0.9473684210526315,0.9113924050632911,0.9290322580645162,79,"[""fem"", ""masc""]","[[96, 4], [7, 72]]"
llama-3.2-1b,full_prompt_final,gender,root-heldout,2,NOUN,fem,0.837037037037037,0.8725868725868726,0.8544423440453687,259,"[""fem"", ""masc""]","[[226, 33], [44, 285]]"
llama-3.2-1b,full_prompt_final,gender,root-heldout,2,NOUN,masc,0.8962264150943396,0.8662613981762918,0.8809891808346213,329,"[""fem"", ""masc""]","[[226, 33], [44, 285]]"
llama-3.2-1b,full_prompt_final,gender,root-heldout,2,VERB,fem,0.8405797101449275,0.8656716417910447,0.8529411764705882,67,"[""fem"", ""masc""]","[[58, 9], [11, 95]]"
llama-3.2-1b,full_prompt_final,gender,root-heldout,2,VERB,masc,0.9134615384615384,0.8962264150943396,0.9047619047619048,106,"[""fem"", ""masc""]","[[58, 9], [11, 95]]"
llama-3.2-1b,full_prompt_final,gender,root-heldout,2,all,fem,0.8597285067873304,0.892018779342723,0.8755760368663594,426,"[""fem"", ""masc""]","[[380, 46], [62, 452]]"
llama-3.2-1b,full_prompt_final,gender,root-heldout,2,all,masc,0.9076305220883534,0.8793774319066148,0.8932806324110671,514,"[""fem"", ""masc""]","[[380, 46], [62, 452]]"
llama-3.2-1b,full_prompt_final,gender,root-heldout,3,ADJ,fem,0.8333333333333334,0.9482758620689655,0.8870967741935484,58,"[""fem"", ""masc""]","[[55, 3], [11, 54]]"
llama-3.2-1b,full_prompt_final,gender,root-heldout,3,ADJ,masc,0.9473684210526315,0.8307692307692308,0.8852459016393442,65,"[""fem"", ""masc""]","[[55, 3], [11, 54]]"
llama-3.2-1b,full_prompt_final,gender,root-heldout,3,NOUN,fem,0.7055555555555556,0.8410596026490066,0.7673716012084593,151,"[""fem"", ""masc""]","[[127, 24], [53, 433]]"
llama-3.2-1b,full_prompt_final,gender,root-heldout,3,NOUN,masc,0.9474835886214442,0.8909465020576132,0.9183457051961824,486,"[""fem"", ""masc""]","[[127, 24], [53, 433]]"
llama-3.2-1b,full_prompt_final,gender,root-heldout,3,VERB,fem,0.94,0.7833333333333333,0.8545454545454545,60,"[""fem"", ""masc""]","[[47, 13], [3, 117]]"
llama-3.2-1b,full_prompt_final,gender,root-heldout,3,VERB,masc,0.9,0.975,0.936,120,"[""fem"", ""masc""]","[[47, 13], [3, 117]]"
llama-3.2-1b,full_prompt_final,gender,root-heldout,3,all,fem,0.7736486486486487,0.8513011152416357,0.8106194690265487,269,"[""fem"", ""masc""]","[[229, 40], [67, 604]]"
llama-3.2-1b,full_prompt_final,gender,root-heldout,3,all,masc,0.937888198757764,0.9001490312965723,0.9186311787072243,671,"[""fem"", ""masc""]","[[229, 40], [67, 604]]"
llama-3.2-1b,full_prompt_final,gender,root-heldout,4,ADJ,fem,0.8771929824561403,0.819672131147541,0.847457627118644,61,"[""fem"", ""masc""]","[[50, 11], [7, 59]]"
llama-3.2-1b,full_prompt_final,gender,root-heldout,4,ADJ,masc,0.8428571428571429,0.8939393939393939,0.8676470588235294,66,"[""fem"", ""masc""]","[[50, 11], [7, 59]]"
llama-3.2-1b,full_prompt_final,gender,root-heldout,4,NOUN,fem,0.7405857740585774,0.8634146341463415,0.7972972972972973,205,"[""fem"", ""masc""]","[[177, 28], [62, 335]]"
llama-3.2-1b,full_prompt_final,gender,root-heldout,4,NOUN,masc,0.9228650137741047,0.8438287153652393,0.881578947368421,397,"[""fem"", ""masc""]","[[177, 28], [62, 335]]"
llama-3.2-1b,full_prompt_final,gender,root-heldout,4,VERB,fem,0.7924528301886793,0.9333333333333333,0.8571428571428571,90,"[""fem"", ""masc""]","[[84, 6], [22, 98]]"
llama-3.2-1b,full_prompt_final,gender,root-heldout,4,VERB,masc,0.9423076923076923,0.8166666666666667,0.875,120,"[""fem"", ""masc""]","[[84, 6], [22, 98]]"
llama-3.2-1b,full_prompt_final,gender,root-heldout,4,all,fem,0.7736318407960199,0.8735955056179775,0.820580474934037,356,"[""fem"", ""masc""]","[[311, 45], [91, 492]]"
llama-3.2-1b,full_prompt_final,gender,root-heldout,4,all,masc,0.9162011173184358,0.8439108061749572,0.8785714285714286,583,"[""fem"", ""masc""]","[[311, 45], [91, 492]]"
llama-3.2-1b,full_prompt_final,number,lemma-heldout,0,ADJ,du,1.0,1.0,1.0,1,"[""du"", ""pl"", ""sg""]","[[1, 0, 0], [0, 2, 2], [0, 8, 138]]"
llama-3.2-1b,full_prompt_final,number,lemma-heldout,0,ADJ,pl,0.2,0.5,0.2857142857142857,4,"[""du"", ""pl"", ""sg""]","[[1, 0, 0], [0, 2, 2], [0, 8, 138]]"
llama-3.2-1b,full_prompt_final,number,lemma-heldout,0,ADJ,sg,0.9857142857142858,0.9452054794520548,0.965034965034965,146,"[""du"", ""pl"", ""sg""]","[[1, 0, 0], [0, 2, 2], [0, 8, 138]]"
llama-3.2-1b,full_prompt_final,number,lemma-heldout,0,NOUN,du,1.0,0.75,0.8571428571428571,4,"[""du"", ""pl"", ""sg""]","[[3, 1, 0], [0, 107, 49], [0, 34, 443]]"
llama-3.2-1b,full_prompt_final,number,lemma-heldout,0,NOUN,pl,0.7535211267605634,0.6858974358974359,0.7181208053691275,156,"[""du"", ""pl"", ""sg""]","[[3, 1, 0], [0, 107, 49], [0, 34, 443]]"
llama-3.2-1b,full_prompt_final,number,lemma-heldout,0,NOUN,sg,0.9004065040650406,0.9287211740041929,0.9143446852425181,477,"[""du"", ""pl"", ""sg""]","[[3, 1, 0], [0, 107, 49], [0, 34, 443]]"
llama-3.2-1b,full_prompt_final,number,lemma-heldout,0,VERB,du,1.0,1.0,1.0,1,"[""du"", ""pl"", ""sg""]","[[1, 0, 0], [0, 11, 1], [0, 8, 131]]"
llama-3.2-1b,full_prompt_final,number,lemma-heldout,0,VERB,pl,0.5789473684210527,0.9166666666666666,0.7096774193548387,12,"[""du"", ""pl"", ""sg""]","[[1, 0, 0], [0, 11, 1], [0, 8, 131]]"
llama-3.2-1b,full_prompt_final,number,lemma-heldout,0,VERB,sg,0.9924242424242424,0.9424460431654677,0.966789667896679,139,"[""du"", ""pl"", ""sg""]","[[1, 0, 0], [0, 11, 1], [0, 8, 131]]"
llama-3.2-1b,full_prompt_final,number,lemma-heldout,0,all,du,1.0,0.8333333333333334,0.9090909090909091,6,"[""du"", ""pl"", ""sg""]","[[5, 1, 0], [0, 120, 52], [0, 50, 712]]"
llama-3.2-1b,full_prompt_final,number,lemma-heldout,0,all,pl,0.7017543859649122,0.6976744186046512,0.6997084548104956,172,"[""du"", ""pl"", ""sg""]","[[5, 1, 0], [0, 120, 52], [0, 50, 712]]"
llama-3.2-1b,full_prompt_final,number,lemma-heldout,0,all,sg,0.9319371727748691,0.9343832020997376,0.9331585845347313,762,"[""du"", ""pl"", ""sg""]","[[5, 1, 0], [0, 120, 52], [0, 50, 712]]"
llama-3.2-1b,full_prompt_final,number,lemma-heldout,1,ADJ,pl,0.7142857142857143,1.0,0.8333333333333334,5,"[""pl"", ""sg""]","[[5, 0], [2, 177]]"
llama-3.2-1b,full_prompt_final,number,lemma-heldout,1,ADJ,sg,1.0,0.9888268156424581,0.9943820224719101,179,"[""pl"", ""sg""]","[[5, 0], [2, 177]]"
llama-3.2-1b,full_prompt_final,number,lemma-heldout,1,NOUN,du,1.0,0.6666666666666666,0.8,9,"[""du"", ""pl"", ""sg""]","[[6, 2, 1], [0, 88, 29], [0, 18, 438]]"
llama-3.2-1b,full_prompt_final,number,lemma-heldout,1,NOUN,pl,0.8148148148148148,0.7521367521367521,0.7822222222222223,117,"[""du"", ""pl"", ""sg""]","[[6, 2, 1], [0, 88, 29], [0, 18, 438]]"
llama-3.2-1b,full_prompt_final,number,lemma-heldout,1,NOUN,sg,0.9358974358974359,0.9605263157894737,0.948051948051948,456,"[""du"", ""pl"", ""sg""]","[[6, 2, 1], [0, 88, 29], [0, 18, 438]]"
llama-3.2-1b,full_prompt_final,number,lemma-heldout,1,VERB,du,0.0,0.0,0.0,1,"[""du"", ""pl"", ""sg""]","[[0, 0, 1], [0, 12, 3], [0, 8, 150]]"
llama-3.2-1b,full_prompt_final,number,lemma-heldout,1,VERB,pl,0.6,0.8,0.6857142857142857,15,"[""du"", ""pl"", ""sg""]","[[0, 0, 1], [0, 12, 3], [0, 8, 150]]"
llama-3.2-1b,full_prompt_final,number,lemma-heldout,1,VERB,sg,0.974025974025974,0.9493670886075949,0.9615384615384616,158,"[""du"", ""pl"", ""sg""]","[[0, 0, 1], [0, 12, 3], [0, 8, 150]]"
llama-3.2-1b,full_prompt_final,number,lemma-heldout,1,all,du,1.0,0.6,0.75,10,"[""du"", ""pl"", ""sg""]","[[6, 2, 2], [0, 105, 32], [0, 28, 765]]"
llama-3.2-1b,full_prompt_final,number,lemma-heldout,1,all,pl,0.7777777777777778,0.7664233576642335,0.7720588235294118,137,"[""du"", ""pl"", ""sg""]","[[6, 2, 2], [0, 105, 32], [0, 28, 765]]"
llama-3.2-1b,full_prompt_final,number,lemma-heldout,1,all,sg,0.9574468085106383,0.9646910466582598,0.9610552763819096,793,"[""du"", ""pl"", ""sg""]","[[6, 2, 2], [0, 105, 32], [0, 28, 765]]"
llama-3.2-1b,full_prompt_final,number,lemma-heldout,2,ADJ,pl,0.3333333333333333,1.0,0.5,5,"[""pl"", ""sg""]","[[5, 0], [10, 140]]"
llama-3.2-1b,full_prompt_final,number,lemma-heldout,2,ADJ,sg,1.0,0.9333333333333333,0.9655172413793104,150,"[""pl"", ""sg""]","[[5, 0], [10, 140]]"
llama-3.2-1b,full_prompt_final,number,lemma-heldout,2,NOUN,du,0.6153846153846154,0.8888888888888888,0.7272727272727273,9,"[""du"", ""pl"", ""sg""]","[[8, 1, 0], [2, 113, 18], [3, 45, 398]]"
llama-3.2-1b,full_prompt_final,number,lemma-heldout,2,NOUN,pl,0.710691823899371,0.849624060150376,0.773972602739726,133,"[""du"", ""pl"", ""sg""]","[[8, 1, 0], [2, 113, 18], [3, 45, 398]]"
llama-3.2-1b,full_prompt_final,number,lemma-heldout,2,NOUN,sg,0.9567307692307693,0.8923766816143498,0.9234338747099768,446,"[""du"", ""pl"", ""sg""]","[[8, 1, 0], [2, 113, 18], [3, 45, 398]]"
llama-3.2-1b,full_prompt_final,number,lemma-heldout,2,VERB,du,0.6666666666666666,1.0,0.8,2,"[""du"", ""pl"", ""sg""]","[[2, 0, 0], [1, 8, 3], [0, 6, 177]]"
llama-3.2-1b,full_prompt_final,number,lemma-heldout,2,VERB,pl,0.5714285714285714,0.6666666666666666,0.6153846153846154,12,"[""du"", ""pl"", ""sg""]","[[2, 0, 0], [1, 8, 3], [0, 6, 177]]"
llama-3.2-1b,full_prompt_final,number,lemma-heldout,2,VERB,sg,0.9833333333333333,0.9672131147540983,0.9752066115702479,183,"[""du"", ""pl"", ""sg""]","[[2, 0, 0], [1, 8, 3], [0, 6, 177]]"
llama-3.2-1b,full_prompt_final,number,lemma-heldout,2,all,du,0.625,0.9090909090909091,0.7407407407407407,11,"[""du"", ""pl"", ""sg""]","[[10, 1, 0], [3, 126, 21], [3, 61, 715]]"
llama-3.2-1b,full_prompt_final,number,lemma-heldout,2,all,pl,0.6702127659574468,0.84,0.7455621301775148,150,"[""du"", ""pl"", ""sg""]","[[10, 1, 0], [3, 126, 21], [3, 61, 715]]"
llama-3.2-1b,full_prompt_final,number,lemma-heldout,2,all,sg,0.9714673913043478,0.9178433889602053,0.9438943894389439,779,"[""du"", ""pl"", ""sg""]","[[10, 1, 0], [3, 126, 21], [3, 61, 715]]"
llama-3.2-1b,full_prompt_final,number,lemma-heldout,3,ADJ,du,1.0,1.0,1.0,2,"[""du"", ""pl"", ""sg""]","[[2, 0, 0], [0, 2, 0], [0, 0, 167]]"
llama-3.2-1b,full_prompt_final,number,lemma-heldout,3,ADJ,pl,1.0,1.0,1.0,2,"[""du"", ""pl"", ""sg""]","[[2, 0, 0], [0, 2, 0], [0, 0, 167]]"
llama-3.2-1b,full_prompt_final,number,lemma-heldout,3,ADJ,sg,1.0,1.0,1.0,167,"[""du"", ""pl"", ""sg""]","[[2, 0, 0], [0, 2, 0], [0, 0, 167]]"
llama-3.2-1b,full_prompt_final,number,lemma-heldout,3,NOUN,du,1.0,0.8888888888888888,0.9411764705882353,9,"[""du"", ""pl"", ""sg""]","[[8, 0, 1], [0, 99, 13], [0, 14, 476]]"
llama-3.2-1b,full_prompt_final,number,lemma-heldout,3,NOUN,pl,0.8761061946902655,0.8839285714285714,0.88,112,"[""du"", ""pl"", ""sg""]","[[8, 0, 1], [0, 99, 13], [0, 14, 476]]"
llama-3.2-1b,full_prompt_final,number,lemma-heldout,3,NOUN,sg,0.9714285714285714,0.9714285714285714,0.9714285714285714,490,"[""du"", ""pl"", ""sg""]","[[8, 0, 1], [0, 99, 13], [0, 14, 476]]"
llama-3.2-1b,full_prompt_final,number,lemma-heldout,3,VERB,du,0.0,0.0,0.0,1,"[""du"", ""pl"", ""sg""]","[[0, 0, 1], [0, 5, 3], [2, 32, 115]]"
llama-3.2-1b,full_prompt_final,number,lemma-heldout,3,VERB,pl,0.13513513513513514,0.625,0.2222222222222222,8,"[""du"", ""pl"", ""sg""]","[[0, 0, 1], [0, 5, 3], [2, 32, 115]]"
llama-3.2-1b,full_prompt_final,number,lemma-heldout,3,VERB,sg,0.9663865546218487,0.7718120805369127,0.8582089552238806,149,"[""du"", ""pl"", ""sg""]","[[0, 0, 1], [0, 5, 3], [2, 32, 115]]"
llama-3.2-1b,full_prompt_final,number,lemma-heldout,3,all,du,0.8333333333333334,0.8333333333333334,0.8333333333333334,12,"[""du"", ""pl"", ""sg""]","[[10, 0, 2], [0, 106, 16], [2, 46, 758]]"
llama-3.2-1b,full_prompt_final,number,lemma-heldout,3,all,pl,0.6973684210526315,0.8688524590163934,0.7737226277372263,122,"[""du"", ""pl"", ""sg""]","[[10, 0, 2], [0, 106, 16], [2, 46, 758]]"
llama-3.2-1b,full_prompt_final,number,lemma-heldout,3,all,sg,0.9768041237113402,0.9404466501240695,0.9582806573957017,806,"[""du"", ""pl"", ""sg""]","[[10, 0, 2], [0, 106, 16], [2, 46, 758]]"
llama-3.2-1b,full_prompt_final,number,lemma-heldout,4,ADJ,du,0.0,0.0,0.0,2,"[""du"", ""pl"", ""sg""]","[[0, 0, 2], [0, 2, 0], [0, 3, 241]]"
llama-3.2-1b,full_prompt_final,number,lemma-heldout,4,ADJ,pl,0.4,1.0,0.5714285714285714,2,"[""du"", ""pl"", ""sg""]","[[0, 0, 2], [0, 2, 0], [0, 3, 241]]"
llama-3.2-1b,full_prompt_final,number,lemma-heldout,4,ADJ,sg,0.9917695473251029,0.9877049180327869,0.9897330595482546,244,"[""du"", ""pl"", ""sg""]","[[0, 0, 2], [0, 2, 0], [0, 3, 241]]"
llama-3.2-1b,full_prompt_final,number,lemma-heldout,4,NOUN,du,0.5,0.5,0.5,2,"[""du"", ""pl"", ""sg""]","[[1, 0, 1], [1, 86, 26], [0, 34, 389]]"
llama-3.2-1b,full_prompt_final,number,lemma-heldout,4,NOUN,pl,0.7166666666666667,0.7610619469026548,0.7381974248927039,113,"[""du"", ""pl"", ""sg""]","[[1, 0, 1], [1, 86, 26], [0, 34, 389]]"
llama-3.2-1b,full_prompt_final,number,lemma-heldout,4,NOUN,sg,0.9350961538461539,0.9196217494089834,0.9272943980929678,423,"[""du"", ""pl"", ""sg""]","[[1, 0, 1], [1, 86, 26], [0, 34, 389]]"
llama-3.2-1b,full_prompt_final,number,lemma-heldout,4,VERB,du,1.0,1.0,1.0,2,"[""du"", ""pl"", ""sg""]","[[2, 0, 0], [0, 4, 0], [0, 3, 144]]"
llama-3.2-1b,full_prompt_final,number,lemma-heldout,4,VERB,pl,0.5714285714285714,1.0,0.7272727272727273,4,"[""du"", ""pl"", ""sg""]","[[2, 0, 0], [0, 4, 0], [0, 3, 144]]"
llama-3.2-1b,full_prompt_final,number,lemma-heldout,4,VERB,sg,1.0,0.9795918367346939,0.9896907216494846,147,"[""du"", ""pl"", ""sg""]","[[2, 0, 0], [0, 4, 0], [0, 3, 144]]"
llama-3.2-1b,full_prompt_final,number,lemma-heldout,4,all,du,0.75,0.5,0.6,6,"[""du"", ""pl"", ""sg""]","[[3, 0, 3], [1, 92, 26], [0, 40, 774]]"
llama-3.2-1b,full_prompt_final,number,lemma-heldout,4,all,pl,0.696969696969697,0.773109243697479,0.7330677290836654,119,"[""du"", ""pl"", ""sg""]","[[3, 0, 3], [1, 92, 26], [0, 40, 774]]"
llama-3.2-1b,full_prompt_final,number,lemma-heldout,4,all,sg,0.9638854296388543,0.9508599508599509,0.9573283858998145,814,"[""du"", ""pl"", ""sg""]","[[3, 0, 3], [1, 92, 26], [0, 40, 774]]"
llama-3.2-1b,full_prompt_final,number,random,0,ADJ,pl,0.5,1.0,0.6666666666666666,1,"[""pl"", ""sg""]","[[1, 0], [1, 177]]"
llama-3.2-1b,full_prompt_final,number,random,0,ADJ,sg,1.0,0.9943820224719101,0.9971830985915493,178,"[""pl"", ""sg""]","[[1, 0], [1, 177]]"
llama-3.2-1b,full_prompt_final,number,random,0,NOUN,du,1.0,0.875,0.9333333333333333,8,"[""du"", ""pl"", ""sg""]","[[7, 0, 1], [0, 124, 6], [0, 7, 459]]"
llama-3.2-1b,full_prompt_final,number,random,0,NOUN,pl,0.9465648854961832,0.9538461538461539,0.9501915708812261,130,"[""du"", ""pl"", ""sg""]","[[7, 0, 1], [0, 124, 6], [0, 7, 459]]"
llama-3.2-1b,full_prompt_final,number,random,0,NOUN,sg,0.9849785407725322,0.9849785407725322,0.9849785407725322,466,"[""du"", ""pl"", ""sg""]","[[7, 0, 1], [0, 124, 6], [0, 7, 459]]"
llama-3.2-1b,full_prompt_final,number,random,0,VERB,du,0.0,0.0,0.0,1,"[""du"", ""pl"", ""sg""]","[[0, 1, 0], [0, 8, 1], [1, 2, 144]]"
llama-3.2-1b,full_prompt_final,number,random,0,VERB,pl,0.7272727272727273,0.8888888888888888,0.8,9,"[""du"", ""pl"", ""sg""]","[[0, 1, 0], [0, 8, 1], [1, 2, 144]]"
llama-3.2-1b,full_prompt_final,number,random,0,VERB,sg,0.993103448275862,0.9795918367346939,0.9863013698630136,147,"[""du"", ""pl"", ""sg""]","[[0, 1, 0], [0, 8, 1], [1, 2, 144]]"
llama-3.2-1b,full_prompt_final,number,random,0,all,du,0.875,0.7777777777777778,0.8235294117647058,9,"[""du"", ""pl"", ""sg""]","[[7, 1, 1], [0, 133, 7], [1, 10, 780]]"
llama-3.2-1b,full_prompt_final,number,random,0,all,pl,0.9236111111111112,0.95,0.9366197183098591,140,"[""du"", ""pl"", ""sg""]","[[7, 1, 1], [0, 133, 7], [1, 10, 780]]"
llama-3.2-1b,full_prompt_final,number,random,0,all,sg,0.9898477157360406,0.9860935524652339,0.9879670677644079,791,"[""du"", ""pl"", ""sg""]","[[7, 1, 1], [0, 133, 7], [1, 10, 780]]"
llama-3.2-1b,full_prompt_final,number,random,1,ADJ,du,1.0,1.0,1.0,2,"[""du"", ""pl"", ""sg""]","[[2, 0, 0], [0, 6, 0], [0, 0, 186]]"
llama-3.2-1b,full_prompt_final,number,random,1,ADJ,pl,1.0,1.0,1.0,6,"[""du"", ""pl"", ""sg""]","[[2, 0, 0], [0, 6, 0], [0, 0, 186]]"
llama-3.2-1b,full_prompt_final,number,random,1,ADJ,sg,1.0,1.0,1.0,186,"[""du"", ""pl"", ""sg""]","[[2, 0, 0], [0, 6, 0], [0, 0, 186]]"
llama-3.2-1b,full_prompt_final,number,random,1,NOUN,du,1.0,1.0,1.0,6,"[""du"", ""pl"", ""sg""]","[[6, 0, 0], [0, 115, 10], [0, 11, 438]]"
llama-3.2-1b,full_prompt_final,number,random,1,NOUN,pl,0.9126984126984127,0.92,0.9163346613545816,125,"[""du"", ""pl"", ""sg""]","[[6, 0, 0], [0, 115, 10], [0, 11, 438]]"
llama-3.2-1b,full_prompt_final,number,random,1,NOUN,sg,0.9776785714285714,0.9755011135857461,0.9765886287625418,449,"[""du"", ""pl"", ""sg""]","[[6, 0, 0], [0, 115, 10], [0, 11, 438]]"
llama-3.2-1b,full_prompt_final,number,random,1,VERB,du,1.0,1.0,1.0,1,"[""du"", ""pl"", ""sg""]","[[1, 0, 0], [0, 8, 1], [0, 3, 153]]"
llama-3.2-1b,full_prompt_final,number,random,1,VERB,pl,0.7272727272727273,0.8888888888888888,0.8,9,"[""du"", ""pl"", ""sg""]","[[1, 0, 0], [0, 8, 1], [0, 3, 153]]"
llama-3.2-1b,full_prompt_final,number,random,1,VERB,sg,0.9935064935064936,0.9807692307692307,0.9870967741935484,156,"[""du"", ""pl"", ""sg""]","[[1, 0, 0], [0, 8, 1], [0, 3, 153]]"
llama-3.2-1b,full_prompt_final,number,random,1,all,du,1.0,1.0,1.0,9,"[""du"", ""pl"", ""sg""]","[[9, 0, 0], [0, 129, 11], [0, 14, 777]]"
llama-3.2-1b,full_prompt_final,number,random,1,all,pl,0.9020979020979021,0.9214285714285714,0.911660777385159,140,"[""du"", ""pl"", ""sg""]","[[9, 0, 0], [0, 129, 11], [0, 14, 777]]"
llama-3.2-1b,full_prompt_final,number,random,1,all,sg,0.9860406091370558,0.9823008849557522,0.9841671944268524,791,"[""du"", ""pl"", ""sg""]","[[9, 0, 0], [0, 129, 11], [0, 14, 777]]"
llama-3.2-1b,full_prompt_final,number,random,2,ADJ,pl,0.375,1.0,0.5454545454545454,3,"[""pl"", ""sg""]","[[3, 0], [5, 161]]"
llama-3.2-1b,full_prompt_final,number,random,2,ADJ,sg,1.0,0.9698795180722891,0.9847094801223242,166,"[""pl"", ""sg""]","[[3, 0], [5, 161]]"
llama-3.2-1b,full_prompt_final,number,random,2,NOUN,du,1.0,0.6666666666666666,0.8,6,"[""du"", ""pl"", ""sg""]","[[4, 1, 1], [0, 121, 5], [0, 11, 451]]"
llama-3.2-1b,full_prompt_final,number,random,2,NOUN,pl,0.9097744360902256,0.9603174603174603,0.9343629343629344,126,"[""du"", ""pl"", ""sg""]","[[4, 1, 1], [0, 121, 5], [0, 11, 451]]"
llama-3.2-1b,full_prompt_final,number,random,2,NOUN,sg,0.986870897155361,0.9761904761904762,0.9815016322089227,462,"[""du"", ""pl"", ""sg""]","[[4, 1, 1], [0, 121, 5], [0, 11, 451]]"
llama-3.2-1b,full_prompt_final,number,random,2,VERB,du,1.0,0.3333333333333333,0.5,3,"[""du"", ""pl"", ""sg""]","[[1, 1, 1], [0, 10, 1], [0, 5, 158]]"
llama-3.2-1b,full_prompt_final,number,random,2,VERB,pl,0.625,0.9090909090909091,0.7407407407407407,11,"[""du"", ""pl"", ""sg""]","[[1, 1, 1], [0, 10, 1], [0, 5, 158]]"
llama-3.2-1b,full_prompt_final,number,random,2,VERB,sg,0.9875,0.9693251533742331,0.978328173374613,163,"[""du"", ""pl"", ""sg""]","[[1, 1, 1], [0, 10, 1], [0, 5, 158]]"
llama-3.2-1b,full_prompt_final,number,random,2,all,du,1.0,0.5555555555555556,0.7142857142857143,9,"[""du"", ""pl"", ""sg""]","[[5, 2, 2], [0, 134, 6], [0, 21, 770]]"
llama-3.2-1b,full_prompt_final,number,random,2,all,pl,0.8535031847133758,0.9571428571428572,0.9023569023569024,140,"[""du"", ""pl"", ""sg""]","[[5, 2, 2], [0, 134, 6], [0, 21, 770]]"
llama-3.2-1b,full_prompt_final,number,random,2,all,sg,0.9897172236503856,0.9734513274336283,0.9815168897386871,791,"[""du"", ""pl"", ""sg""]","[[5, 2, 2], [0, 134, 6], [0, 21, 770]]"
llama-3.2-1b,full_prompt_final,number,random,3,ADJ,du,1.0,0.6666666666666666,0.8,3,"[""du"", ""pl"", ""sg""]","[[2, 1, 0], [0, 3, 1], [0, 2, 185]]"
llama-3.2-1b,full_prompt_final,number,random,3,ADJ,pl,0.5,0.75,0.6,4,"[""du"", ""pl"", ""sg""]","[[2, 1, 0], [0, 3, 1], [0, 2, 185]]"
llama-3.2-1b,full_prompt_final,number,random,3,ADJ,sg,0.9946236559139785,0.9893048128342246,0.9919571045576407,187,"[""du"", ""pl"", ""sg""]","[[2, 1, 0], [0, 3, 1], [0, 2, 185]]"
llama-3.2-1b,full_prompt_final,number,random,3,NOUN,du,0.8571428571428571,1.0,0.9230769230769231,6,"[""du"", ""pl"", ""sg""]","[[6, 0, 0], [1, 114, 8], [0, 5, 427]]"
llama-3.2-1b,full_prompt_final,number,random,3,NOUN,pl,0.957983193277311,0.926829268292683,0.9421487603305785,123,"[""du"", ""pl"", ""sg""]","[[6, 0, 0], [1, 114, 8], [0, 5, 427]]"
llama-3.2-1b,full_prompt_final,number,random,3,NOUN,sg,0.9816091954022989,0.9884259259259259,0.9850057670126874,432,"[""du"", ""pl"", ""sg""]","[[6, 0, 0], [1, 114, 8], [0, 5, 427]]"
llama-3.2-1b,full_prompt_final,number,random,3,VERB,pl,0.8,0.9230769230769231,0.8571428571428571,13,"[""pl"", ""sg""]","[[12, 1], [3, 169]]"
llama-3.2-1b,full_prompt_final,number,random,3,VERB,sg,0.9941176470588236,0.9825581395348837,0.9883040935672515,172,"[""pl"", ""sg""]","[[12, 1], [3, 169]]"
llama-3.2-1b,full_prompt_final,number,random,3,all,du,0.8888888888888888,0.8888888888888888,0.8888888888888888,9,"[""du"", ""pl"", ""sg""]","[[8, 1, 0], [1, 129, 10], [0, 10, 781]]"
llama-3.2-1b,full_prompt_final,number,random,3,all,pl,0.9214285714285714,0.9214285714285714,0.9214285714285714,140,"[""du"", ""pl"", ""sg""]","[[8, 1, 0], [1, 129, 10], [0, 10, 781]]"
llama-3.2-1b,full_prompt_final,number,random,3,all,sg,0.9873577749683944,0.9873577749683944,0.9873577749683944,791,"[""du"", ""pl"", ""sg""]","[[8, 1, 0], [1, 129, 10], [0, 10, 781]]"
llama-3.2-1b,full_prompt_final,number,random,4,ADJ,pl,0.8,1.0,0.8888888888888888,4,"[""pl"", ""sg""]","[[4, 0], [1, 168]]"
llama-3.2-1b,full_prompt_final,number,random,4,ADJ,sg,1.0,0.9940828402366864,0.9970326409495549,169,"[""pl"", ""sg""]","[[4, 0], [1, 168]]"
llama-3.2-1b,full_prompt_final,number,random,4,NOUN,du,1.0,1.0,1.0,7,"[""du"", ""pl"", ""sg""]","[[7, 0, 0], [0, 118, 9], [0, 6, 477]]"
llama-3.2-1b,full_prompt_final,number,random,4,NOUN,pl,0.9516129032258065,0.9291338582677166,0.9402390438247012,127,"[""du"", ""pl"", ""sg""]","[[7, 0, 0], [0, 118, 9], [0, 6, 477]]"
llama-3.2-1b,full_prompt_final,number,random,4,NOUN,sg,0.9814814814814815,0.9875776397515528,0.9845201238390093,483,"[""du"", ""pl"", ""sg""]","[[7, 0, 0], [0, 118, 9], [0, 6, 477]]"
llama-3.2-1b,full_prompt_final,number,random,4,VERB,du,0.0,0.0,0.0,2,"[""du"", ""pl"", ""sg""]","[[0, 2, 0], [0, 7, 2], [0, 2, 136]]"
llama-3.2-1b,full_prompt_final,number,random,4,VERB,pl,0.6363636363636364,0.7777777777777778,0.7,9,"[""du"", ""pl"", ""sg""]","[[0, 2, 0], [0, 7, 2], [0, 2, 136]]"
llama-3.2-1b,full_prompt_final,number,random,4,VERB,sg,0.9855072463768116,0.9855072463768116,0.9855072463768116,138,"[""du"", ""pl"", ""sg""]","[[0, 2, 0], [0, 7, 2], [0, 2, 136]]"
llama-3.2-1b,full_prompt_final,number,random,4,all,du,1.0,0.7777777777777778,0.875,9,"[""du"", ""pl"", ""sg""]","[[7, 2, 0], [0, 129, 11], [0, 9, 781]]"
llama-3.2-1b,full_prompt_final,number,random,4,all,pl,0.9214285714285714,0.9214285714285714,0.9214285714285714,140,"[""du"", ""pl"", ""sg""]","[[7, 2, 0], [0, 129, 11], [0, 9, 781]]"
llama-3.2-1b,full_prompt_final,number,random,4,all,sg,0.9861111111111112,0.9886075949367089,0.9873577749683944,790,"[""du"", ""pl"", ""sg""]","[[7, 2, 0], [0, 129, 11], [0, 9, 781]]"
llama-3.2-1b,full_prompt_final,number,root-heldout,0,ADJ,du,0.0,0.0,0.0,1,"[""du"", ""pl"", ""sg""]","[[0, 0, 1], [0, 2, 1], [0, 8, 269]]"
llama-3.2-1b,full_prompt_final,number,root-heldout,0,ADJ,pl,0.2,0.6666666666666666,0.3076923076923077,3,"[""du"", ""pl"", ""sg""]","[[0, 0, 1], [0, 2, 1], [0, 8, 269]]"
llama-3.2-1b,full_prompt_final,number,root-heldout,0,ADJ,sg,0.992619926199262,0.9711191335740073,0.9817518248175182,277,"[""du"", ""pl"", ""sg""]","[[0, 0, 1], [0, 2, 1], [0, 8, 269]]"
llama-3.2-1b,full_prompt_final,number,root-heldout,0,NOUN,du,0.8,0.8,0.8,5,"[""du"", ""pl"", ""sg""]","[[4, 1, 0], [1, 74, 29], [0, 53, 367]]"
llama-3.2-1b,full_prompt_final,number,root-heldout,0,NOUN,pl,0.578125,0.7115384615384616,0.6379310344827587,104,"[""du"", ""pl"", ""sg""]","[[4, 1, 0], [1, 74, 29], [0, 53, 367]]"
llama-3.2-1b,full_prompt_final,number,root-heldout,0,NOUN,sg,0.9267676767676768,0.8738095238095238,0.8995098039215687,420,"[""du"", ""pl"", ""sg""]","[[4, 1, 0], [1, 74, 29], [0, 53, 367]]"
llama-3.2-1b,full_prompt_final,number,root-heldout,0,VERB,du,1.0,1.0,1.0,1,"[""du"", ""pl"", ""sg""]","[[1, 0, 0], [0, 13, 1], [0, 9, 106]]"
llama-3.2-1b,full_prompt_final,number,root-heldout,0,VERB,pl,0.5909090909090909,0.9285714285714286,0.7222222222222222,14,"[""du"", ""pl"", ""sg""]","[[1, 0, 0], [0, 13, 1], [0, 9, 106]]"
llama-3.2-1b,full_prompt_final,number,root-heldout,0,VERB,sg,0.9906542056074766,0.9217391304347826,0.954954954954955,115,"[""du"", ""pl"", ""sg""]","[[1, 0, 0], [0, 13, 1], [0, 9, 106]]"
llama-3.2-1b,full_prompt_final,number,root-heldout,0,all,du,0.8333333333333334,0.7142857142857143,0.7692307692307693,7,"[""du"", ""pl"", ""sg""]","[[5, 1, 1], [1, 89, 31], [0, 70, 742]]"
llama-3.2-1b,full_prompt_final,number,root-heldout,0,all,pl,0.55625,0.7355371900826446,0.6334519572953736,121,"[""du"", ""pl"", ""sg""]","[[5, 1, 1], [1, 89, 31], [0, 70, 742]]"
llama-3.2-1b,full_prompt_final,number,root-heldout,0,all,sg,0.958656330749354,0.9137931034482759,0.935687263556116,812,"[""du"", ""pl"", ""sg""]","[[5, 1, 1], [1, 89, 31], [0, 70, 742]]"
llama-3.2-1b,full_prompt_final,number,root-heldout,1,ADJ,du,1.0,1.0,1.0,2,"[""du"", ""pl"", ""sg""]","[[2, 0, 0], [0, 1, 0], [0, 4, 192]]"
llama-3.2-1b,full_prompt_final,number,root-heldout,1,ADJ,pl,0.2,1.0,0.3333333333333333,1,"[""du"", ""pl"", ""sg""]","[[2, 0, 0], [0, 1, 0], [0, 4, 192]]"
llama-3.2-1b,full_prompt_final,number,root-heldout,1,ADJ,sg,1.0,0.9795918367346939,0.9896907216494846,196,"[""du"", ""pl"", ""sg""]","[[2, 0, 0], [0, 1, 0], [0, 4, 192]]"
llama-3.2-1b,full_prompt_final,number,root-heldout,1,NOUN,du,1.0,0.8571428571428571,0.9230769230769231,7,"[""du"", ""pl"", ""sg""]","[[6, 1, 0], [0, 60, 26], [0, 64, 443]]"
llama-3.2-1b,full_prompt_final,number,root-heldout,1,NOUN,pl,0.48,0.6976744186046512,0.5687203791469194,86,"[""du"", ""pl"", ""sg""]","[[6, 1, 0], [0, 60, 26], [0, 64, 443]]"
llama-3.2-1b,full_prompt_final,number,root-heldout,1,NOUN,sg,0.9445628997867804,0.873767258382643,0.9077868852459017,507,"[""du"", ""pl"", ""sg""]","[[6, 1, 0], [0, 60, 26], [0, 64, 443]]"
llama-3.2-1b,full_prompt_final,number,root-heldout,1,VERB,du,0.0,0.0,0.0,2,"[""du"", ""pl"", ""sg""]","[[0, 2, 0], [0, 7, 1], [0, 4, 127]]"
llama-3.2-1b,full_prompt_final,number,root-heldout,1,VERB,pl,0.5384615384615384,0.875,0.6666666666666666,8,"[""du"", ""pl"", ""sg""]","[[0, 2, 0], [0, 7, 1], [0, 4, 127]]"
llama-3.2-1b,full_prompt_final,number,root-heldout,1,VERB,sg,0.9921875,0.9694656488549618,0.9806949806949807,131,"[""du"", ""pl"", ""sg""]","[[0, 2, 0], [0, 7, 1], [0, 4, 127]]"
llama-3.2-1b,full_prompt_final,number,root-heldout,1,all,du,1.0,0.7272727272727273,0.8421052631578947,11,"[""du"", ""pl"", ""sg""]","[[8, 3, 0], [0, 68, 27], [0, 72, 762]]"
llama-3.2-1b,full_prompt_final,number,root-heldout,1,all,pl,0.4755244755244755,0.7157894736842105,0.5714285714285714,95,"[""du"", ""pl"", ""sg""]","[[8, 3, 0], [0, 68, 27], [0, 72, 762]]"
llama-3.2-1b,full_prompt_final,number,root-heldout,1,all,sg,0.9657794676806084,0.9136690647482014,0.9390018484288355,834,"[""du"", ""pl"", ""sg""]","[[8, 3, 0], [0, 68, 27], [0, 72, 762]]"
llama-3.2-1b,full_prompt_final,number,root-heldout,2,ADJ,pl,0.38461538461538464,0.8333333333333334,0.5263157894736842,6,"[""pl"", ""sg""]","[[5, 1], [8, 165]]"
llama-3.2-1b,full_prompt_final,number,root-heldout,2,ADJ,sg,0.9939759036144579,0.953757225433526,0.9734513274336283,173,"[""pl"", ""sg""]","[[5, 1], [8, 165]]"
llama-3.2-1b,full_prompt_final,number,root-heldout,2,NOUN,du,1.0,1.0,1.0,2,"[""du"", ""pl"", ""sg""]","[[2, 0, 0], [0, 103, 41], [0, 27, 415]]"
llama-3.2-1b,full_prompt_final,number,root-heldout,2,NOUN,pl,0.7923076923076923,0.7152777777777778,0.7518248175182481,144,"[""du"", ""pl"", ""sg""]","[[2, 0, 0], [0, 103, 41], [0, 27, 415]]"
llama-3.2-1b,full_prompt_final,number,root-heldout,2,NOUN,sg,0.9100877192982456,0.9389140271493213,0.9242761692650334,442,"[""du"", ""pl"", ""sg""]","[[2, 0, 0], [0, 103, 41], [0, 27, 415]]"
llama-3.2-1b,full_prompt_final,number,root-heldout,2,VERB,du,1.0,0.5,0.6666666666666666,2,"[""du"", ""pl"", ""sg""]","[[1, 0, 1], [0, 11, 0], [0, 23, 137]]"
llama-3.2-1b,full_prompt_final,number,root-heldout,2,VERB,pl,0.3235294117647059,1.0,0.4888888888888889,11,"[""du"", ""pl"", ""sg""]","[[1, 0, 1], [0, 11, 0], [0, 23, 137]]"
llama-3.2-1b,full_prompt_final,number,root-heldout,2,VERB,sg,0.9927536231884058,0.85625,0.9194630872483222,160,"[""du"", ""pl"", ""sg""]","[[1, 0, 1], [0, 11, 0], [0, 23, 137]]"
llama-3.2-1b,full_prompt_final,number,root-heldout,2,all,du,1.0,0.75,0.8571428571428571,4,"[""du"", ""pl"", ""sg""]","[[3, 0, 1], [0, 119, 42], [0, 58, 717]]"
llama-3.2-1b,full_prompt_final,number,root-heldout,2,all,pl,0.672316384180791,0.7391304347826086,0.7041420118343196,161,"[""du"", ""pl"", ""sg""]","[[3, 0, 1], [0, 119, 42], [0, 58, 717]]"
llama-3.2-1b,full_prompt_final,number,root-heldout,2,all,sg,0.9434210526315789,0.9251612903225807,0.9342019543973942,775,"[""du"", ""pl"", ""sg""]","[[3, 0, 1], [0, 119, 42], [0, 58, 717]]"
llama-3.2-1b,full_prompt_final,number,root-heldout,3,ADJ,du,0.125,0.5,0.2,2,"[""du"", ""pl"", ""sg""]","[[1, 0, 1], [0, 5, 1], [7, 21, 87]]"
llama-3.2-1b,full_prompt_final,number,root-heldout,3,ADJ,pl,0.19230769230769232,0.8333333333333334,0.3125,6,"[""du"", ""pl"", ""sg""]","[[1, 0, 1], [0, 5, 1], [7, 21, 87]]"
llama-3.2-1b,full_prompt_final,number,root-heldout,3,ADJ,sg,0.9775280898876404,0.7565217391304347,0.8529411764705882,115,"[""du"", ""pl"", ""sg""]","[[1, 0, 1], [0, 5, 1], [7, 21, 87]]"
llama-3.2-1b,full_prompt_final,number,root-heldout,3,NOUN,du,0.3,0.5454545454545454,0.3870967741935484,11,"[""du"", ""pl"", ""sg""]","[[6, 5, 0], [1, 99, 37], [13, 59, 417]]"
llama-3.2-1b,full_prompt_final,number,root-heldout,3,NOUN,pl,0.6073619631901841,0.7226277372262774,0.66,137,"[""du"", ""pl"", ""sg""]","[[6, 5, 0], [1, 99, 37], [13, 59, 417]]"
llama-3.2-1b,full_prompt_final,number,root-heldout,3,NOUN,sg,0.9185022026431718,0.852760736196319,0.8844114528101803,489,"[""du"", ""pl"", ""sg""]","[[6, 5, 0], [1, 99, 37], [13, 59, 417]]"
llama-3.2-1b,full_prompt_final,number,root-heldout,3,VERB,du,1.0,1.0,1.0,1,"[""du"", ""pl"", ""sg""]","[[1, 0, 0], [0, 7, 1], [0, 6, 165]]"
llama-3.2-1b,full_prompt_final,number,root-heldout,3,VERB,pl,0.5384615384615384,0.875,0.6666666666666666,8,"[""du"", ""pl"", ""sg""]","[[1, 0, 0], [0, 7, 1], [0, 6, 165]]"
llama-3.2-1b,full_prompt_final,number,root-heldout,3,VERB,sg,0.9939759036144579,0.9649122807017544,0.9792284866468842,171,"[""du"", ""pl"", ""sg""]","[[1, 0, 0], [0, 7, 1], [0, 6, 165]]"
llama-3.2-1b,full_prompt_final,number,root-heldout,3,all,du,0.27586206896551724,0.5714285714285714,0.37209302325581395,14,"[""du"", ""pl"", ""sg""]","[[8, 5, 1], [1, 111, 39], [20, 86, 669]]"
llama-3.2-1b,full_prompt_final,number,root-heldout,3,all,pl,0.5495049504950495,0.7350993377483444,0.6288951841359773,151,"[""du"", ""pl"", ""sg""]","[[8, 5, 1], [1, 111, 39], [20, 86, 669]]"
llama-3.2-1b,full_prompt_final,number,root-heldout,3,all,sg,0.9435825105782792,0.863225806451613,0.9016172506738545,775,"[""du"", ""pl"", ""sg""]","[[8, 5, 1], [1, 111, 39], [20, 86, 669]]"
llama-3.2-1b,full_prompt_final,number,root-heldout,4,ADJ,pl,0.16666666666666666,1.0,0.2857142857142857,2,"[""pl"", ""sg""]","[[2, 0], [10, 115]]"
llama-3.2-1b,full_prompt_final,number,root-heldout,4,ADJ,sg,1.0,0.92,0.9583333333333334,125,"[""pl"", ""sg""]","[[2, 0], [10, 115]]"
llama-3.2-1b,full_prompt_final,number,root-heldout,4,NOUN,du,1.0,1.0,1.0,8,"[""du"", ""pl"", ""sg""]","[[8, 0, 0], [0, 134, 26], [0, 45, 389]]"
llama-3.2-1b,full_prompt_final,number,root-heldout,4,NOUN,pl,0.7486033519553073,0.8375,0.7905604719764012,160,"[""du"", ""pl"", ""sg""]","[[8, 0, 0], [0, 134, 26], [0, 45, 389]]"
llama-3.2-1b,full_prompt_final,number,root-heldout,4,NOUN,sg,0.9373493975903614,0.8963133640552995,0.9163722025912838,434,"[""du"", ""pl"", ""sg""]","[[8, 0, 0], [0, 134, 26], [0, 45, 389]]"
llama-3.2-1b,full_prompt_final,number,root-heldout,4,VERB,du,0.08333333333333333,1.0,0.15384615384615385,1,"[""du"", ""pl"", ""sg""]","[[1, 0, 0], [0, 7, 3], [11, 4, 184]]"
llama-3.2-1b,full_prompt_final,number,root-heldout,4,VERB,pl,0.6363636363636364,0.7,0.6666666666666666,10,"[""du"", ""pl"", ""sg""]","[[1, 0, 0], [0, 7, 3], [11, 4, 184]]"
llama-3.2-1b,full_prompt_final,number,root-heldout,4,VERB,sg,0.983957219251337,0.9246231155778895,0.9533678756476683,199,"[""du"", ""pl"", ""sg""]","[[1, 0, 0], [0, 7, 3], [11, 4, 184]]"
llama-3.2-1b,full_prompt_final,number,root-heldout,4,all,du,0.45,1.0,0.6206896551724138,9,"[""du"", ""pl"", ""sg""]","[[9, 0, 0], [0, 143, 29], [11, 59, 688]]"
llama-3.2-1b,full_prompt_final,number,root-heldout,4,all,pl,0.7079207920792079,0.8313953488372093,0.7647058823529411,172,"[""du"", ""pl"", ""sg""]","[[9, 0, 0], [0, 143, 29], [11, 59, 688]]"
llama-3.2-1b,full_prompt_final,number,root-heldout,4,all,sg,0.9595536959553695,0.9076517150395779,0.9328813559322033,758,"[""du"", ""pl"", ""sg""]","[[9, 0, 0], [0, 143, 29], [11, 59, 688]]"
llama-3.2-1b,full_prompt_final,pos,lemma-heldout,0,ADJ,ADJ,1.0,0.7011494252873564,0.8243243243243243,174,"[""ADJ"", ""NOUN"", ""VERB""]","[[122, 49, 3], [0, 0, 0], [0, 0, 0]]"
llama-3.2-1b,full_prompt_final,pos,lemma-heldout,0,ADJ,NOUN,0.0,0.0,0.0,0,"[""ADJ"", ""NOUN"", ""VERB""]","[[122, 49, 3], [0, 0, 0], [0, 0, 0]]"
llama-3.2-1b,full_prompt_final,pos,lemma-heldout,0,ADJ,VERB,0.0,0.0,0.0,0,"[""ADJ"", ""NOUN"", ""VERB""]","[[122, 49, 3], [0, 0, 0], [0, 0, 0]]"
llama-3.2-1b,full_prompt_final,pos,lemma-heldout,0,NOUN,ADJ,0.0,0.0,0.0,0,"[""ADJ"", ""NOUN"", ""VERB""]","[[0, 0, 0], [81, 548, 19], [0, 0, 0]]"
llama-3.2-1b,full_prompt_final,pos,lemma-heldout,0,NOUN,NOUN,1.0,0.845679012345679,0.9163879598662207,648,"[""ADJ"", ""NOUN"", ""VERB""]","[[0, 0, 0], [81, 548, 19], [0, 0, 0]]"
llama-3.2-1b,full_prompt_final,pos,lemma-heldout,0,NOUN,VERB,0.0,0.0,0.0,0,"[""ADJ"", ""NOUN"", ""VERB""]","[[0, 0, 0], [81, 548, 19], [0, 0, 0]]"
llama-3.2-1b,full_prompt_final,pos,lemma-heldout,0,VERB,ADJ,0.0,0.0,0.0,0,"[""ADJ"", ""NOUN"", ""VERB""]","[[0, 0, 0], [0, 0, 0], [1, 11, 107]]"
llama-3.2-1b,full_prompt_final,pos,lemma-heldout,0,VERB,NOUN,0.0,0.0,0.0,0,"[""ADJ"", ""NOUN"", ""VERB""]","[[0, 0, 0], [0, 0, 0], [1, 11, 107]]"
llama-3.2-1b,full_prompt_final,pos,lemma-heldout,0,VERB,VERB,1.0,0.8991596638655462,0.9469026548672567,119,"[""ADJ"", ""NOUN"", ""VERB""]","[[0, 0, 0], [0, 0, 0], [1, 11, 107]]"
llama-3.2-1b,full_prompt_final,pos,lemma-heldout,0,all,ADJ,0.5980392156862745,0.7011494252873564,0.6455026455026455,174,"[""ADJ"", ""NOUN"", ""VERB""]","[[122, 49, 3], [81, 548, 19], [1, 11, 107]]"
llama-3.2-1b,full_prompt_final,pos,lemma-heldout,0,all,NOUN,0.9013157894736842,0.845679012345679,0.8726114649681529,648,"[""ADJ"", ""NOUN"", ""VERB""]","[[122, 49, 3], [81, 548, 19], [1, 11, 107]]"
llama-3.2-1b,full_prompt_final,pos,lemma-heldout,0,all,VERB,0.8294573643410853,0.8991596638655462,0.8629032258064516,119,"[""ADJ"", ""NOUN"", ""VERB""]","[[122, 49, 3], [81, 548, 19], [1, 11, 107]]"
llama-3.2-1b,full_prompt_final,pos,lemma-heldout,1,ADJ,ADJ,1.0,0.7971014492753623,0.8870967741935484,207,"[""ADJ"", ""NOUN"", ""VERB""]","[[165, 36, 6], [0, 0, 0], [0, 0, 0]]"
llama-3.2-1b,full_prompt_final,pos,lemma-heldout,1,ADJ,NOUN,0.0,0.0,0.0,0,"[""ADJ"", ""NOUN"", ""VERB""]","[[165, 36, 6], [0, 0, 0], [0, 0, 0]]"
llama-3.2-1b,full_prompt_final,pos,lemma-heldout,1,ADJ,VERB,0.0,0.0,0.0,0,"[""ADJ"", ""NOUN"", ""VERB""]","[[165, 36, 6], [0, 0, 0], [0, 0, 0]]"
llama-3.2-1b,full_prompt_final,pos,lemma-heldout,1,NOUN,ADJ,0.0,0.0,0.0,0,"[""ADJ"", ""NOUN"", ""VERB""]","[[0, 0, 0], [75, 465, 23], [0, 0, 0]]"
llama-3.2-1b,full_prompt_final,pos,lemma-heldout,1,NOUN,NOUN,1.0,0.8259325044404974,0.9046692607003891,563,"[""ADJ"", ""NOUN"", ""VERB""]","[[0, 0, 0], [75, 465, 23], [0, 0, 0]]"
llama-3.2-1b,full_prompt_final,pos,lemma-heldout,1,NOUN,VERB,0.0,0.0,0.0,0,"[""ADJ"", ""NOUN"", ""VERB""]","[[0, 0, 0], [75, 465, 23], [0, 0, 0]]"
llama-3.2-1b,full_prompt_final,pos,lemma-heldout,1,VERB,ADJ,0.0,0.0,0.0,0,"[""ADJ"", ""NOUN"", ""VERB""]","[[0, 0, 0], [0, 0, 0], [1, 16, 153]]"
llama-3.2-1b,full_prompt_final,pos,lemma-heldout,1,VERB,NOUN,0.0,0.0,0.0,0,"[""ADJ"", ""NOUN"", ""VERB""]","[[0, 0, 0], [0, 0, 0], [1, 16, 153]]"
llama-3.2-1b,full_prompt_final,pos,lemma-heldout,1,VERB,VERB,1.0,0.9,0.9473684210526315,170,"[""ADJ"", ""NOUN"", ""VERB""]","[[0, 0, 0], [0, 0, 0], [1, 16, 153]]"
llama-3.2-1b,full_prompt_final,pos,lemma-heldout,1,all,ADJ,0.6846473029045643,0.7971014492753623,0.7366071428571429,207,"[""ADJ"", ""NOUN"", ""VERB""]","[[165, 36, 6], [75, 465, 23], [1, 16, 153]]"
llama-3.2-1b,full_prompt_final,pos,lemma-heldout,1,all,NOUN,0.8994197292069632,0.8259325044404974,0.8611111111111112,563,"[""ADJ"", ""NOUN"", ""VERB""]","[[165, 36, 6], [75, 465, 23], [1, 16, 153]]"
llama-3.2-1b,full_prompt_final,pos,lemma-heldout,1,all,VERB,0.8406593406593407,0.9,0.8693181818181818,170,"[""ADJ"", ""NOUN"", ""VERB""]","[[165, 36, 6], [75, 465, 23], [1, 16, 153]]"
llama-3.2-1b,full_prompt_final,pos,lemma-heldout,2,ADJ,ADJ,1.0,0.7394366197183099,0.8502024291497976,142,"[""ADJ"", ""NOUN""]","[[105, 37], [0, 0]]"
llama-3.2-1b,full_prompt_final,pos,lemma-heldout,2,ADJ,NOUN,0.0,0.0,0.0,0,"[""ADJ"", ""NOUN""]","[[105, 37], [0, 0]]"
llama-3.2-1b,full_prompt_final,pos,lemma-heldout,2,NOUN,ADJ,0.0,0.0,0.0,0,"[""ADJ"", ""NOUN"", ""VERB""]","[[0, 0, 0], [63, 522, 15], [0, 0, 0]]"
llama-3.2-1b,full_prompt_final,pos,lemma-heldout,2,NOUN,NOUN,1.0,0.87,0.93048128342246,600,"[""ADJ"", ""NOUN"", ""VERB""]","[[0, 0, 0], [63, 522, 15], [0, 0, 0]]"
llama-3.2-1b,full_prompt_final,pos,lemma-heldout,2,NOUN,VERB,0.0,0.0,0.0,0,"[""ADJ"", ""NOUN"", ""VERB""]","[[0, 0, 0], [63, 522, 15], [0, 0, 0]]"
llama-3.2-1b,full_prompt_final,pos,lemma-heldout,2,VERB,ADJ,0.0,0.0,0.0,0,"[""ADJ"", ""NOUN"", ""VERB""]","[[0, 0, 0], [0, 0, 0], [8, 15, 175]]"
llama-3.2-1b,full_prompt_final,pos,lemma-heldout,2,VERB,NOUN,0.0,0.0,0.0,0,"[""ADJ"", ""NOUN"", ""VERB""]","[[0, 0, 0], [0, 0, 0], [8, 15, 175]]"
llama-3.2-1b,full_prompt_final,pos,lemma-heldout,2,VERB,VERB,1.0,0.8838383838383839,0.938337801608579,198,"[""ADJ"", ""NOUN"", ""VERB""]","[[0, 0, 0], [0, 0, 0], [8, 15, 175]]"
llama-3.2-1b,full_prompt_final,pos,lemma-heldout,2,all,ADJ,0.5965909090909091,0.7394366197183099,0.660377358490566,142,"[""ADJ"", ""NOUN"", ""VERB""]","[[105, 37, 0], [63, 522, 15], [8, 15, 175]]"
llama-3.2-1b,full_prompt_final,pos,lemma-heldout,2,all,NOUN,0.9094076655052264,0.87,0.889267461669506,600,"[""ADJ"", ""NOUN"", ""VERB""]","[[105, 37, 0], [63, 522, 15], [8, 15, 175]]"
llama-3.2-1b,full_prompt_final,pos,lemma-heldout,2,all,VERB,0.9210526315789473,0.8838383838383839,0.9020618556701031,198,"[""ADJ"", ""NOUN"", ""VERB""]","[[105, 37, 0], [63, 522, 15], [8, 15, 175]]"
llama-3.2-1b,full_prompt_final,pos,lemma-heldout,3,ADJ,ADJ,1.0,0.8494623655913979,0.9186046511627907,186,"[""ADJ"", ""NOUN""]","[[158, 28], [0, 0]]"
llama-3.2-1b,full_prompt_final,pos,lemma-heldout,3,ADJ,NOUN,0.0,0.0,0.0,0,"[""ADJ"", ""NOUN""]","[[158, 28], [0, 0]]"
llama-3.2-1b,full_prompt_final,pos,lemma-heldout,3,NOUN,ADJ,0.0,0.0,0.0,0,"[""ADJ"", ""NOUN"", ""VERB""]","[[0, 0, 0], [82, 498, 17], [0, 0, 0]]"
llama-3.2-1b,full_prompt_final,pos,lemma-heldout,3,NOUN,NOUN,1.0,0.8341708542713567,0.9095890410958904,597,"[""ADJ"", ""NOUN"", ""VERB""]","[[0, 0, 0], [82, 498, 17], [0, 0, 0]]"
llama-3.2-1b,full_prompt_final,pos,lemma-heldout,3,NOUN,VERB,0.0,0.0,0.0,0,"[""ADJ"", ""NOUN"", ""VERB""]","[[0, 0, 0], [82, 498, 17], [0, 0, 0]]"
llama-3.2-1b,full_prompt_final,pos,lemma-heldout,3,VERB,ADJ,0.0,0.0,0.0,0,"[""ADJ"", ""NOUN"", ""VERB""]","[[0, 0, 0], [0, 0, 0], [1, 13, 143]]"
llama-3.2-1b,full_prompt_final,pos,lemma-heldout,3,VERB,NOUN,0.0,0.0,0.0,0,"[""ADJ"", ""NOUN"", ""VERB""]","[[0, 0, 0], [0, 0, 0], [1, 13, 143]]"
llama-3.2-1b,full_prompt_final,pos,lemma-heldout,3,VERB,VERB,1.0,0.910828025477707,0.9533333333333334,157,"[""ADJ"", ""NOUN"", ""VERB""]","[[0, 0, 0], [0, 0, 0], [1, 13, 143]]"
llama-3.2-1b,full_prompt_final,pos,lemma-heldout,3,all,ADJ,0.6556016597510373,0.8494623655913979,0.7400468384074942,186,"[""ADJ"", ""NOUN"", ""VERB""]","[[158, 28, 0], [82, 498, 17], [1, 13, 143]]"
llama-3.2-1b,full_prompt_final,pos,lemma-heldout,3,all,NOUN,0.9239332096474954,0.8341708542713567,0.8767605633802817,597,"[""ADJ"", ""NOUN"", ""VERB""]","[[158, 28, 0], [82, 498, 17], [1, 13, 143]]"
llama-3.2-1b,full_prompt_final,pos,lemma-heldout,3,all,VERB,0.89375,0.910828025477707,0.9022082018927445,157,"[""ADJ"", ""NOUN"", ""VERB""]","[[158, 28, 0], [82, 498, 17], [1, 13, 143]]"
llama-3.2-1b,full_prompt_final,pos,lemma-heldout,4,ADJ,ADJ,1.0,0.6567164179104478,0.7927927927927928,201,"[""ADJ"", ""NOUN""]","[[132, 69], [0, 0]]"
llama-3.2-1b,full_prompt_final,pos,lemma-heldout,4,ADJ,NOUN,0.0,0.0,0.0,0,"[""ADJ"", ""NOUN""]","[[132, 69], [0, 0]]"
llama-3.2-1b,full_prompt_final,pos,lemma-heldout,4,NOUN,ADJ,0.0,0.0,0.0,0,"[""ADJ"", ""NOUN"", ""VERB""]","[[0, 0, 0], [83, 446, 20], [0, 0, 0]]"
llama-3.2-1b,full_prompt_final,pos,lemma-heldout,4,NOUN,NOUN,1.0,0.8123861566484517,0.8964824120603015,549,"[""ADJ"", ""NOUN"", ""VERB""]","[[0, 0, 0], [83, 446, 20], [0, 0, 0]]"
llama-3.2-1b,full_prompt_final,pos,lemma-heldout,4,NOUN,VERB,0.0,0.0,0.0,0,"[""ADJ"", ""NOUN"", ""VERB""]","[[0, 0, 0], [83, 446, 20], [0, 0, 0]]"
llama-3.2-1b,full_prompt_final,pos,lemma-heldout,4,VERB,ADJ,0.0,0.0,0.0,0,"[""ADJ"", ""NOUN"", ""VERB""]","[[0, 0, 0], [0, 0, 0], [8, 34, 148]]"
llama-3.2-1b,full_prompt_final,pos,lemma-heldout,4,VERB,NOUN,0.0,0.0,0.0,0,"[""ADJ"", ""NOUN"", ""VERB""]","[[0, 0, 0], [0, 0, 0], [8, 34, 148]]"
llama-3.2-1b,full_prompt_final,pos,lemma-heldout,4,VERB,VERB,1.0,0.7789473684210526,0.8757396449704142,190,"[""ADJ"", ""NOUN"", ""VERB""]","[[0, 0, 0], [0, 0, 0], [8, 34, 148]]"
llama-3.2-1b,full_prompt_final,pos,lemma-heldout,4,all,ADJ,0.5919282511210763,0.6567164179104478,0.6226415094339622,201,"[""ADJ"", ""NOUN"", ""VERB""]","[[132, 69, 0], [83, 446, 20], [8, 34, 148]]"
llama-3.2-1b,full_prompt_final,pos,lemma-heldout,4,all,NOUN,0.8123861566484517,0.8123861566484517,0.8123861566484517,549,"[""ADJ"", ""NOUN"", ""VERB""]","[[132, 69, 0], [83, 446, 20], [8, 34, 148]]"
llama-3.2-1b,full_prompt_final,pos,lemma-heldout,4,all,VERB,0.8809523809523809,0.7789473684210526,0.8268156424581006,190,"[""ADJ"", ""NOUN"", ""VERB""]","[[132, 69, 0], [83, 446, 20], [8, 34, 148]]"
llama-3.2-1b,full_prompt_final,pos,random,0,ADJ,ADJ,1.0,0.9010989010989011,0.9479768786127167,182,"[""ADJ"", ""NOUN"", ""VERB""]","[[164, 17, 1], [0, 0, 0], [0, 0, 0]]"
llama-3.2-1b,full_prompt_final,pos,random,0,ADJ,NOUN,0.0,0.0,0.0,0,"[""ADJ"", ""NOUN"", ""VERB""]","[[164, 17, 1], [0, 0, 0], [0, 0, 0]]"
llama-3.2-1b,full_prompt_final,pos,random,0,ADJ,VERB,0.0,0.0,0.0,0,"[""ADJ"", ""NOUN"", ""VERB""]","[[164, 17, 1], [0, 0, 0], [0, 0, 0]]"
llama-3.2-1b,full_prompt_final,pos,random,0,NOUN,ADJ,0.0,0.0,0.0,0,"[""ADJ"", ""NOUN"", ""VERB""]","[[0, 0, 0], [20, 565, 7], [0, 0, 0]]"
llama-3.2-1b,full_prompt_final,pos,random,0,NOUN,NOUN,1.0,0.9543918918918919,0.9766637856525497,592,"[""ADJ"", ""NOUN"", ""VERB""]","[[0, 0, 0], [20, 565, 7], [0, 0, 0]]"
llama-3.2-1b,full_prompt_final,pos,random,0,NOUN,VERB,0.0,0.0,0.0,0,"[""ADJ"", ""NOUN"", ""VERB""]","[[0, 0, 0], [20, 565, 7], [0, 0, 0]]"
llama-3.2-1b,full_prompt_final,pos,random,0,VERB,ADJ,0.0,0.0,0.0,0,"[""ADJ"", ""NOUN"", ""VERB""]","[[0, 0, 0], [0, 0, 0], [2, 2, 163]]"
llama-3.2-1b,full_prompt_final,pos,random,0,VERB,NOUN,0.0,0.0,0.0,0,"[""ADJ"", ""NOUN"", ""VERB""]","[[0, 0, 0], [0, 0, 0], [2, 2, 163]]"
llama-3.2-1b,full_prompt_final,pos,random,0,VERB,VERB,1.0,0.9760479041916168,0.9878787878787879,167,"[""ADJ"", ""NOUN"", ""VERB""]","[[0, 0, 0], [0, 0, 0], [2, 2, 163]]"
llama-3.2-1b,full_prompt_final,pos,random,0,all,ADJ,0.8817204301075269,0.9010989010989011,0.8913043478260869,182,"[""ADJ"", ""NOUN"", ""VERB""]","[[164, 17, 1], [20, 565, 7], [2, 2, 163]]"
llama-3.2-1b,full_prompt_final,pos,random,0,all,NOUN,0.9674657534246576,0.9543918918918919,0.9608843537414966,592,"[""ADJ"", ""NOUN"", ""VERB""]","[[164, 17, 1], [20, 565, 7], [2, 2, 163]]"
llama-3.2-1b,full_prompt_final,pos,random,0,all,VERB,0.9532163742690059,0.9760479041916168,0.9644970414201184,167,"[""ADJ"", ""NOUN"", ""VERB""]","[[164, 17, 1], [20, 565, 7], [2, 2, 163]]"
llama-3.2-1b,full_prompt_final,pos,random,1,ADJ,ADJ,1.0,0.9065934065934066,0.9510086455331412,182,"[""ADJ"", ""NOUN"", ""VERB""]","[[165, 15, 2], [0, 0, 0], [0, 0, 0]]"
llama-3.2-1b,full_prompt_final,pos,random,1,ADJ,NOUN,0.0,0.0,0.0,0,"[""ADJ"", ""NOUN"", ""VERB""]","[[165, 15, 2], [0, 0, 0], [0, 0, 0]]"
llama-3.2-1b,full_prompt_final,pos,random,1,ADJ,VERB,0.0,0.0,0.0,0,"[""ADJ"", ""NOUN"", ""VERB""]","[[165, 15, 2], [0, 0, 0], [0, 0, 0]]"
llama-3.2-1b,full_prompt_final,pos,random,1,NOUN,ADJ,0.0,0.0,0.0,0,"[""ADJ"", ""NOUN"", ""VERB""]","[[0, 0, 0], [27, 559, 6], [0, 0, 0]]"
llama-3.2-1b,full_prompt_final,pos,random,1,NOUN,NOUN,1.0,0.9442567567567568,0.9713292788879235,592,"[""ADJ"", ""NOUN"", ""VERB""]","[[0, 0, 0], [27, 559, 6], [0, 0, 0]]"
llama-3.2-1b,full_prompt_final,pos,random,1,NOUN,VERB,0.0,0.0,0.0,0,"[""ADJ"", ""NOUN"", ""VERB""]","[[0, 0, 0], [27, 559, 6], [0, 0, 0]]"
llama-3.2-1b,full_prompt_final,pos,random,1,VERB,ADJ,0.0,0.0,0.0,0,"[""ADJ"", ""NOUN"", ""VERB""]","[[0, 0, 0], [0, 0, 0], [2, 6, 158]]"
llama-3.2-1b,full_prompt_final,pos,random,1,VERB,NOUN,0.0,0.0,0.0,0,"[""ADJ"", ""NOUN"", ""VERB""]","[[0, 0, 0], [0, 0, 0], [2, 6, 158]]"
llama-3.2-1b,full_prompt_final,pos,random,1,VERB,VERB,1.0,0.9518072289156626,0.9753086419753086,166,"[""ADJ"", ""NOUN"", ""VERB""]","[[0, 0, 0], [0, 0, 0], [2, 6, 158]]"
llama-3.2-1b,full_prompt_final,pos,random,1,all,ADJ,0.8505154639175257,0.9065934065934066,0.8776595744680851,182,"[""ADJ"", ""NOUN"", ""VERB""]","[[165, 15, 2], [27, 559, 6], [2, 6, 158]]"
llama-3.2-1b,full_prompt_final,pos,random,1,all,NOUN,0.9637931034482758,0.9442567567567568,0.9539249146757679,592,"[""ADJ"", ""NOUN"", ""VERB""]","[[165, 15, 2], [27, 559, 6], [2, 6, 158]]"
llama-3.2-1b,full_prompt_final,pos,random,1,all,VERB,0.9518072289156626,0.9518072289156626,0.9518072289156626,166,"[""ADJ"", ""NOUN"", ""VERB""]","[[165, 15, 2], [27, 559, 6], [2, 6, 158]]"
llama-3.2-1b,full_prompt_final,pos,random,2,ADJ,ADJ,1.0,0.9065934065934066,0.9510086455331412,182,"[""ADJ"", ""NOUN""]","[[165, 17], [0, 0]]"
llama-3.2-1b,full_prompt_final,pos,random,2,ADJ,NOUN,0.0,0.0,0.0,0,"[""ADJ"", ""NOUN""]","[[165, 17], [0, 0]]"
llama-3.2-1b,full_prompt_final,pos,random,2,NOUN,ADJ,0.0,0.0,0.0,0,"[""ADJ"", ""NOUN"", ""VERB""]","[[0, 0, 0], [16, 565, 10], [0, 0, 0]]"
llama-3.2-1b,full_prompt_final,pos,random,2,NOUN,NOUN,1.0,0.9560067681895094,0.9775086505190311,591,"[""ADJ"", ""NOUN"", ""VERB""]","[[0, 0, 0], [16, 565, 10], [0, 0, 0]]"
llama-3.2-1b,full_prompt_final,pos,random,2,NOUN,VERB,0.0,0.0,0.0,0,"[""ADJ"", ""NOUN"", ""VERB""]","[[0, 0, 0], [16, 565, 10], [0, 0, 0]]"
llama-3.2-1b,full_prompt_final,pos,random,2,VERB,ADJ,0.0,0.0,0.0,0,"[""ADJ"", ""NOUN"", ""VERB""]","[[0, 0, 0], [0, 0, 0], [1, 7, 159]]"
llama-3.2-1b,full_prompt_final,pos,random,2,VERB,NOUN,0.0,0.0,0.0,0,"[""ADJ"", ""NOUN"", ""VERB""]","[[0, 0, 0], [0, 0, 0], [1, 7, 159]]"
llama-3.2-1b,full_prompt_final,pos,random,2,VERB,VERB,1.0,0.9520958083832335,0.9754601226993865,167,"[""ADJ"", ""NOUN"", ""VERB""]","[[0, 0, 0], [0, 0, 0], [1, 7, 159]]"
llama-3.2-1b,full_prompt_final,pos,random,2,all,ADJ,0.9065934065934066,0.9065934065934066,0.9065934065934066,182,"[""ADJ"", ""NOUN"", ""VERB""]","[[165, 17, 0], [16, 565, 10], [1, 7, 159]]"
llama-3.2-1b,full_prompt_final,pos,random,2,all,NOUN,0.9592529711375212,0.9560067681895094,0.9576271186440678,591,"[""ADJ"", ""NOUN"", ""VERB""]","[[165, 17, 0], [16, 565, 10], [1, 7, 159]]"
llama-3.2-1b,full_prompt_final,pos,random,2,all,VERB,0.9408284023668639,0.9520958083832335,0.9464285714285714,167,"[""ADJ"", ""NOUN"", ""VERB""]","[[165, 17, 0], [16, 565, 10], [1, 7, 159]]"
llama-3.2-1b,full_prompt_final,pos,random,3,ADJ,ADJ,1.0,0.9505494505494505,0.9746478873239437,182,"[""ADJ"", ""NOUN"", ""VERB""]","[[173, 7, 2], [0, 0, 0], [0, 0, 0]]"
llama-3.2-1b,full_prompt_final,pos,random,3,ADJ,NOUN,0.0,0.0,0.0,0,"[""ADJ"", ""NOUN"", ""VERB""]","[[173, 7, 2], [0, 0, 0], [0, 0, 0]]"
llama-3.2-1b,full_prompt_final,pos,random,3,ADJ,VERB,0.0,0.0,0.0,0,"[""ADJ"", ""NOUN"", ""VERB""]","[[173, 7, 2], [0, 0, 0], [0, 0, 0]]"
llama-3.2-1b,full_prompt_final,pos,random,3,NOUN,ADJ,0.0,0.0,0.0,0,"[""ADJ"", ""NOUN"", ""VERB""]","[[0, 0, 0], [16, 571, 4], [0, 0, 0]]"
llama-3.2-1b,full_prompt_final,pos,random,3,NOUN,NOUN,1.0,0.9661590524534687,0.9827882960413081,591,"[""ADJ"", ""NOUN"", ""VERB""]","[[0, 0, 0], [16, 571, 4], [0, 0, 0]]"
llama-3.2-1b,full_prompt_final,pos,random,3,NOUN,VERB,0.0,0.0,0.0,0,"[""ADJ"", ""NOUN"", ""VERB""]","[[0, 0, 0], [16, 571, 4], [0, 0, 0]]"
llama-3.2-1b,full_prompt_final,pos,random,3,VERB,ADJ,0.0,0.0,0.0,0,"[""ADJ"", ""NOUN"", ""VERB""]","[[0, 0, 0], [0, 0, 0], [2, 3, 162]]"
llama-3.2-1b,full_prompt_final,pos,random,3,VERB,NOUN,0.0,0.0,0.0,0,"[""ADJ"", ""NOUN"", ""VERB""]","[[0, 0, 0], [0, 0, 0], [2, 3, 162]]"
llama-3.2-1b,full_prompt_final,pos,random,3,VERB,VERB,1.0,0.9700598802395209,0.9848024316109423,167,"[""ADJ"", ""NOUN"", ""VERB""]","[[0, 0, 0], [0, 0, 0], [2, 3, 162]]"
llama-3.2-1b,full_prompt_final,pos,random,3,all,ADJ,0.9057591623036649,0.9505494505494505,0.9276139410187667,182,"[""ADJ"", ""NOUN"", ""VERB""]","[[173, 7, 2], [16, 571, 4], [2, 3, 162]]"
llama-3.2-1b,full_prompt_final,pos,random,3,all,NOUN,0.9827882960413081,0.9661590524534687,0.9744027303754266,591,"[""ADJ"", ""NOUN"", ""VERB""]","[[173, 7, 2], [16, 571, 4], [2, 3, 162]]"
llama-3.2-1b,full_prompt_final,pos,random,3,all,VERB,0.9642857142857143,0.9700598802395209,0.9671641791044776,167,"[""ADJ"", ""NOUN"", ""VERB""]","[[173, 7, 2], [16, 571, 4], [2, 3, 162]]"
llama-3.2-1b,full_prompt_final,pos,random,4,ADJ,ADJ,1.0,0.8681318681318682,0.9294117647058824,182,"[""ADJ"", ""NOUN""]","[[158, 24], [0, 0]]"
llama-3.2-1b,full_prompt_final,pos,random,4,ADJ,NOUN,0.0,0.0,0.0,0,"[""ADJ"", ""NOUN""]","[[158, 24], [0, 0]]"
llama-3.2-1b,full_prompt_final,pos,random,4,NOUN,ADJ,0.0,0.0,0.0,0,"[""ADJ"", ""NOUN"", ""VERB""]","[[0, 0, 0], [17, 568, 6], [0, 0, 0]]"
llama-3.2-1b,full_prompt_final,pos,random,4,NOUN,NOUN,1.0,0.961082910321489,0.9801553062985332,591,"[""ADJ"", ""NOUN"", ""VERB""]","[[0, 0, 0], [17, 568, 6], [0, 0, 0]]"
llama-3.2-1b,full_prompt_final,pos,random,4,NOUN,VERB,0.0,0.0,0.0,0,"[""ADJ"", ""NOUN"", ""VERB""]","[[0, 0, 0], [17, 568, 6], [0, 0, 0]]"
llama-3.2-1b,full_prompt_final,pos,random,4,VERB,VERB,1.0,1.0,1.0,167,"[""VERB""]",[[167]]
llama-3.2-1b,full_prompt_final,pos,random,4,all,ADJ,0.9028571428571428,0.8681318681318682,0.8851540616246498,182,"[""ADJ"", ""NOUN"", ""VERB""]","[[158, 24, 0], [17, 568, 6], [0, 0, 167]]"
llama-3.2-1b,full_prompt_final,pos,random,4,all,NOUN,0.9594594594594594,0.961082910321489,0.9602704987320372,591,"[""ADJ"", ""NOUN"", ""VERB""]","[[158, 24, 0], [17, 568, 6], [0, 0, 167]]"
llama-3.2-1b,full_prompt_final,pos,random,4,all,VERB,0.9653179190751445,1.0,0.9823529411764705,167,"[""ADJ"", ""NOUN"", ""VERB""]","[[158, 24, 0], [17, 568, 6], [0, 0, 167]]"
llama-3.2-1b,full_prompt_final,pos,root-heldout,0,ADJ,ADJ,1.0,0.5579710144927537,0.7162790697674418,276,"[""ADJ"", ""NOUN"", ""VERB""]","[[154, 116, 6], [0, 0, 0], [0, 0, 0]]"
llama-3.2-1b,full_prompt_final,pos,root-heldout,0,ADJ,NOUN,0.0,0.0,0.0,0,"[""ADJ"", ""NOUN"", ""VERB""]","[[154, 116, 6], [0, 0, 0], [0, 0, 0]]"
llama-3.2-1b,full_prompt_final,pos,root-heldout,0,ADJ,VERB,0.0,0.0,0.0,0,"[""ADJ"", ""NOUN"", ""VERB""]","[[154, 116, 6], [0, 0, 0], [0, 0, 0]]"
llama-3.2-1b,full_prompt_final,pos,root-heldout,0,NOUN,ADJ,0.0,0.0,0.0,0,"[""ADJ"", ""NOUN"", ""VERB""]","[[0, 0, 0], [75, 435, 20], [0, 0, 0]]"
llama-3.2-1b,full_prompt_final,pos,root-heldout,0,NOUN,NOUN,1.0,0.8207547169811321,0.9015544041450777,530,"[""ADJ"", ""NOUN"", ""VERB""]","[[0, 0, 0], [75, 435, 20], [0, 0, 0]]"
llama-3.2-1b,full_prompt_final,pos,root-heldout,0,NOUN,VERB,0.0,0.0,0.0,0,"[""ADJ"", ""NOUN"", ""VERB""]","[[0, 0, 0], [75, 435, 20], [0, 0, 0]]"
llama-3.2-1b,full_prompt_final,pos,root-heldout,0,VERB,NOUN,0.0,0.0,0.0,0,"[""NOUN"", ""VERB""]","[[0, 0], [13, 122]]"
llama-3.2-1b,full_prompt_final,pos,root-heldout,0,VERB,VERB,1.0,0.9037037037037037,0.9494163424124513,135,"[""NOUN"", ""VERB""]","[[0, 0], [13, 122]]"
llama-3.2-1b,full_prompt_final,pos,root-heldout,0,all,ADJ,0.6724890829694323,0.5579710144927537,0.6099009900990099,276,"[""ADJ"", ""NOUN"", ""VERB""]","[[154, 116, 6], [75, 435, 20], [0, 13, 122]]"
llama-3.2-1b,full_prompt_final,pos,root-heldout,0,all,NOUN,0.7712765957446809,0.8207547169811321,0.7952468007312614,530,"[""ADJ"", ""NOUN"", ""VERB""]","[[154, 116, 6], [75, 435, 20], [0, 13, 122]]"
llama-3.2-1b,full_prompt_final,pos,root-heldout,0,all,VERB,0.8243243243243243,0.9037037037037037,0.8621908127208481,135,"[""ADJ"", ""NOUN"", ""VERB""]","[[154, 116, 6], [75, 435, 20], [0, 13, 122]]"
llama-3.2-1b,full_prompt_final,pos,root-heldout,1,ADJ,ADJ,1.0,0.717948717948718,0.835820895522388,156,"[""ADJ"", ""NOUN""]","[[112, 44], [0, 0]]"
llama-3.2-1b,full_prompt_final,pos,root-heldout,1,ADJ,NOUN,0.0,0.0,0.0,0,"[""ADJ"", ""NOUN""]","[[112, 44], [0, 0]]"
llama-3.2-1b,full_prompt_final,pos,root-heldout,1,NOUN,ADJ,0.0,0.0,0.0,0,"[""ADJ"", ""NOUN"", ""VERB""]","[[0, 0, 0], [89, 509, 20], [0, 0, 0]]"
llama-3.2-1b,full_prompt_final,pos,root-heldout,1,NOUN,NOUN,1.0,0.8236245954692557,0.9032830523513753,618,"[""ADJ"", ""NOUN"", ""VERB""]","[[0, 0, 0], [89, 509, 20], [0, 0, 0]]"
llama-3.2-1b,full_prompt_final,pos,root-heldout,1,NOUN,VERB,0.0,0.0,0.0,0,"[""ADJ"", ""NOUN"", ""VERB""]","[[0, 0, 0], [89, 509, 20], [0, 0, 0]]"
llama-3.2-1b,full_prompt_final,pos,root-heldout,1,VERB,ADJ,0.0,0.0,0.0,0,"[""ADJ"", ""NOUN"", ""VERB""]","[[0, 0, 0], [0, 0, 0], [11, 18, 137]]"
llama-3.2-1b,full_prompt_final,pos,root-heldout,1,VERB,NOUN,0.0,0.0,0.0,0,"[""ADJ"", ""NOUN"", ""VERB""]","[[0, 0, 0], [0, 0, 0], [11, 18, 137]]"
llama-3.2-1b,full_prompt_final,pos,root-heldout,1,VERB,VERB,1.0,0.8253012048192772,0.9042904290429042,166,"[""ADJ"", ""NOUN"", ""VERB""]","[[0, 0, 0], [0, 0, 0], [11, 18, 137]]"
llama-3.2-1b,full_prompt_final,pos,root-heldout,1,all,ADJ,0.5283018867924528,0.717948717948718,0.6086956521739131,156,"[""ADJ"", ""NOUN"", ""VERB""]","[[112, 44, 0], [89, 509, 20], [11, 18, 137]]"
llama-3.2-1b,full_prompt_final,pos,root-heldout,1,all,NOUN,0.8914185639229422,0.8236245954692557,0.8561816652649286,618,"[""ADJ"", ""NOUN"", ""VERB""]","[[112, 44, 0], [89, 509, 20], [11, 18, 137]]"
llama-3.2-1b,full_prompt_final,pos,root-heldout,1,all,VERB,0.8726114649681529,0.8253012048192772,0.848297213622291,166,"[""ADJ"", ""NOUN"", ""VERB""]","[[112, 44, 0], [89, 509, 20], [11, 18, 137]]"
llama-3.2-1b,full_prompt_final,pos,root-heldout,2,ADJ,ADJ,1.0,0.8318181818181818,0.9081885856079405,220,"[""ADJ"", ""NOUN"", ""VERB""]","[[183, 36, 1], [0, 0, 0], [0, 0, 0]]"
llama-3.2-1b,full_prompt_final,pos,root-heldout,2,ADJ,NOUN,0.0,0.0,0.0,0,"[""ADJ"", ""NOUN"", ""VERB""]","[[183, 36, 1], [0, 0, 0], [0, 0, 0]]"
llama-3.2-1b,full_prompt_final,pos,root-heldout,2,ADJ,VERB,0.0,0.0,0.0,0,"[""ADJ"", ""NOUN"", ""VERB""]","[[183, 36, 1], [0, 0, 0], [0, 0, 0]]"
llama-3.2-1b,full_prompt_final,pos,root-heldout,2,NOUN,ADJ,0.0,0.0,0.0,0,"[""ADJ"", ""NOUN"", ""VERB""]","[[0, 0, 0], [52, 516, 12], [0, 0, 0]]"
llama-3.2-1b,full_prompt_final,pos,root-heldout,2,NOUN,NOUN,1.0,0.8896551724137931,0.9416058394160584,580,"[""ADJ"", ""NOUN"", ""VERB""]","[[0, 0, 0], [52, 516, 12], [0, 0, 0]]"
llama-3.2-1b,full_prompt_final,pos,root-heldout,2,NOUN,VERB,0.0,0.0,0.0,0,"[""ADJ"", ""NOUN"", ""VERB""]","[[0, 0, 0], [52, 516, 12], [0, 0, 0]]"
llama-3.2-1b,full_prompt_final,pos,root-heldout,2,VERB,ADJ,0.0,0.0,0.0,0,"[""ADJ"", ""NOUN"", ""VERB""]","[[0, 0, 0], [0, 0, 0], [2, 8, 130]]"
llama-3.2-1b,full_prompt_final,pos,root-heldout,2,VERB,NOUN,0.0,0.0,0.0,0,"[""ADJ"", ""NOUN"", ""VERB""]","[[0, 0, 0], [0, 0, 0], [2, 8, 130]]"
llama-3.2-1b,full_prompt_final,pos,root-heldout,2,VERB,VERB,1.0,0.9285714285714286,0.9629629629629629,140,"[""ADJ"", ""NOUN"", ""VERB""]","[[0, 0, 0], [0, 0, 0], [2, 8, 130]]"
llama-3.2-1b,full_prompt_final,pos,root-heldout,2,all,ADJ,0.7721518987341772,0.8318181818181818,0.8008752735229759,220,"[""ADJ"", ""NOUN"", ""VERB""]","[[183, 36, 1], [52, 516, 12], [2, 8, 130]]"
llama-3.2-1b,full_prompt_final,pos,root-heldout,2,all,NOUN,0.9214285714285714,0.8896551724137931,0.9052631578947369,580,"[""ADJ"", ""NOUN"", ""VERB""]","[[183, 36, 1], [52, 516, 12], [2, 8, 130]]"
llama-3.2-1b,full_prompt_final,pos,root-heldout,2,all,VERB,0.9090909090909091,0.9285714285714286,0.9187279151943463,140,"[""ADJ"", ""NOUN"", ""VERB""]","[[183, 36, 1], [52, 516, 12], [2, 8, 130]]"
llama-3.2-1b,full_prompt_final,pos,root-heldout,3,ADJ,ADJ,1.0,0.6129032258064516,0.76,124,"[""ADJ"", ""NOUN"", ""VERB""]","[[76, 47, 1], [0, 0, 0], [0, 0, 0]]"
llama-3.2-1b,full_prompt_final,pos,root-heldout,3,ADJ,NOUN,0.0,0.0,0.0,0,"[""ADJ"", ""NOUN"", ""VERB""]","[[76, 47, 1], [0, 0, 0], [0, 0, 0]]"
llama-3.2-1b,full_prompt_final,pos,root-heldout,3,ADJ,VERB,0.0,0.0,0.0,0,"[""ADJ"", ""NOUN"", ""VERB""]","[[76, 47, 1], [0, 0, 0], [0, 0, 0]]"
llama-3.2-1b,full_prompt_final,pos,root-heldout,3,NOUN,ADJ,0.0,0.0,0.0,0,"[""ADJ"", ""NOUN"", ""VERB""]","[[0, 0, 0], [61, 555, 15], [0, 0, 0]]"
llama-3.2-1b,full_prompt_final,pos,root-heldout,3,NOUN,NOUN,1.0,0.8795562599049128,0.9359190556492412,631,"[""ADJ"", ""NOUN"", ""VERB""]","[[0, 0, 0], [61, 555, 15], [0, 0, 0]]"
llama-3.2-1b,full_prompt_final,pos,root-heldout,3,NOUN,VERB,0.0,0.0,0.0,0,"[""ADJ"", ""NOUN"", ""VERB""]","[[0, 0, 0], [61, 555, 15], [0, 0, 0]]"
llama-3.2-1b,full_prompt_final,pos,root-heldout,3,VERB,ADJ,0.0,0.0,0.0,0,"[""ADJ"", ""NOUN"", ""VERB""]","[[0, 0, 0], [0, 0, 0], [10, 4, 171]]"
llama-3.2-1b,full_prompt_final,pos,root-heldout,3,VERB,NOUN,0.0,0.0,0.0,0,"[""ADJ"", ""NOUN"", ""VERB""]","[[0, 0, 0], [0, 0, 0], [10, 4, 171]]"
llama-3.2-1b,full_prompt_final,pos,root-heldout,3,VERB,VERB,1.0,0.9243243243243243,0.9606741573033708,185,"[""ADJ"", ""NOUN"", ""VERB""]","[[0, 0, 0], [0, 0, 0], [10, 4, 171]]"
llama-3.2-1b,full_prompt_final,pos,root-heldout,3,all,ADJ,0.5170068027210885,0.6129032258064516,0.5608856088560885,124,"[""ADJ"", ""NOUN"", ""VERB""]","[[76, 47, 1], [61, 555, 15], [10, 4, 171]]"
llama-3.2-1b,full_prompt_final,pos,root-heldout,3,all,NOUN,0.9158415841584159,0.8795562599049128,0.8973322554567502,631,"[""ADJ"", ""NOUN"", ""VERB""]","[[76, 47, 1], [61, 555, 15], [10, 4, 171]]"
llama-3.2-1b,full_prompt_final,pos,root-heldout,3,all,VERB,0.9144385026737968,0.9243243243243243,0.9193548387096774,185,"[""ADJ"", ""NOUN"", ""VERB""]","[[76, 47, 1], [61, 555, 15], [10, 4, 171]]"
llama-3.2-1b,full_prompt_final,pos,root-heldout,4,ADJ,ADJ,1.0,0.6567164179104478,0.7927927927927928,134,"[""ADJ"", ""NOUN"", ""VERB""]","[[88, 37, 9], [0, 0, 0], [0, 0, 0]]"
llama-3.2-1b,full_prompt_final,pos,root-heldout,4,ADJ,NOUN,0.0,0.0,0.0,0,"[""ADJ"", ""NOUN"", ""VERB""]","[[88, 37, 9], [0, 0, 0], [0, 0, 0]]"
llama-3.2-1b,full_prompt_final,pos,root-heldout,4,ADJ,VERB,0.0,0.0,0.0,0,"[""ADJ"", ""NOUN"", ""VERB""]","[[88, 37, 9], [0, 0, 0], [0, 0, 0]]"
llama-3.2-1b,full_prompt_final,pos,root-heldout,4,NOUN,ADJ,0.0,0.0,0.0,0,"[""ADJ"", ""NOUN"", ""VERB""]","[[0, 0, 0], [64, 511, 23], [0, 0, 0]]"
llama-3.2-1b,full_prompt_final,pos,root-heldout,4,NOUN,NOUN,1.0,0.8545150501672241,0.9215509467989179,598,"[""ADJ"", ""NOUN"", ""VERB""]","[[0, 0, 0], [64, 511, 23], [0, 0, 0]]"
llama-3.2-1b,full_prompt_final,pos,root-heldout,4,NOUN,VERB,0.0,0.0,0.0,0,"[""ADJ"", ""NOUN"", ""VERB""]","[[0, 0, 0], [64, 511, 23], [0, 0, 0]]"
llama-3.2-1b,full_prompt_final,pos,root-heldout,4,VERB,ADJ,0.0,0.0,0.0,0,"[""ADJ"", ""NOUN"", ""VERB""]","[[0, 0, 0], [0, 0, 0], [8, 15, 185]]"
llama-3.2-1b,full_prompt_final,pos,root-heldout,4,VERB,NOUN,0.0,0.0,0.0,0,"[""ADJ"", ""NOUN"", ""VERB""]","[[0, 0, 0], [0, 0, 0], [8, 15, 185]]"
llama-3.2-1b,full_prompt_final,pos,root-heldout,4,VERB,VERB,1.0,0.8894230769230769,0.9414758269720102,208,"[""ADJ"", ""NOUN"", ""VERB""]","[[0, 0, 0], [0, 0, 0], [8, 15, 185]]"
llama-3.2-1b,full_prompt_final,pos,root-heldout,4,all,ADJ,0.55,0.6567164179104478,0.5986394557823129,134,"[""ADJ"", ""NOUN"", ""VERB""]","[[88, 37, 9], [64, 511, 23], [8, 15, 185]]"
llama-3.2-1b,full_prompt_final,pos,root-heldout,4,all,NOUN,0.9076376554174067,0.8545150501672241,0.880275624461671,598,"[""ADJ"", ""NOUN"", ""VERB""]","[[88, 37, 9], [64, 511, 23], [8, 15, 185]]"
llama-3.2-1b,full_prompt_final,pos,root-heldout,4,all,VERB,0.8525345622119815,0.8894230769230769,0.8705882352941177,208,"[""ADJ"", ""NOUN"", ""VERB""]","[[88, 37, 9], [64, 511, 23], [8, 15, 185]]"
llama-3.2-1b,metadata_free_prompt_final,gender,lemma-heldout,0,ADJ,fem,0.9206349206349206,0.9666666666666667,0.943089430894309,60,"[""fem"", ""masc""]","[[58, 2], [5, 86]]"
llama-3.2-1b,metadata_free_prompt_final,gender,lemma-heldout,0,ADJ,masc,0.9772727272727273,0.945054945054945,0.9608938547486033,91,"[""fem"", ""masc""]","[[58, 2], [5, 86]]"
llama-3.2-1b,metadata_free_prompt_final,gender,lemma-heldout,0,NOUN,fem,0.6565217391304348,0.7330097087378641,0.6926605504587156,206,"[""fem"", ""masc""]","[[151, 55], [79, 352]]"
llama-3.2-1b,metadata_free_prompt_final,gender,lemma-heldout,0,NOUN,masc,0.8648648648648649,0.8167053364269141,0.8400954653937948,431,"[""fem"", ""masc""]","[[151, 55], [79, 352]]"
llama-3.2-1b,metadata_free_prompt_final,gender,lemma-heldout,0,VERB,fem,0.7,0.711864406779661,0.7058823529411765,59,"[""fem"", ""masc""]","[[42, 17], [18, 75]]"
llama-3.2-1b,metadata_free_prompt_final,gender,lemma-heldout,0,VERB,masc,0.8152173913043478,0.8064516129032258,0.8108108108108109,93,"[""fem"", ""masc""]","[[42, 17], [18, 75]]"
llama-3.2-1b,metadata_free_prompt_final,gender,lemma-heldout,0,all,fem,0.7110481586402266,0.7723076923076924,0.7404129793510325,325,"[""fem"", ""masc""]","[[251, 74], [102, 513]]"
llama-3.2-1b,metadata_free_prompt_final,gender,lemma-heldout,0,all,masc,0.8739352640545145,0.8341463414634146,0.8535773710482529,615,"[""fem"", ""masc""]","[[251, 74], [102, 513]]"
llama-3.2-1b,metadata_free_prompt_final,gender,lemma-heldout,1,ADJ,fem,0.803030303030303,0.7794117647058824,0.7910447761194029,68,"[""fem"", ""masc""]","[[53, 15], [13, 103]]"
llama-3.2-1b,metadata_free_prompt_final,gender,lemma-heldout,1,ADJ,masc,0.8728813559322034,0.8879310344827587,0.8803418803418803,116,"[""fem"", ""masc""]","[[53, 15], [13, 103]]"
llama-3.2-1b,metadata_free_prompt_final,gender,lemma-heldout,1,NOUN,fem,0.5132275132275133,0.5843373493975904,0.5464788732394367,166,"[""fem"", ""masc""]","[[97, 69], [92, 324]]"
llama-3.2-1b,metadata_free_prompt_final,gender,lemma-heldout,1,NOUN,masc,0.8244274809160306,0.7788461538461539,0.8009888751545118,416,"[""fem"", ""masc""]","[[97, 69], [92, 324]]"
llama-3.2-1b,metadata_free_prompt_final,gender,lemma-heldout,1,VERB,fem,0.6333333333333333,0.5757575757575758,0.6031746031746031,66,"[""fem"", ""masc""]","[[38, 28], [22, 86]]"
llama-3.2-1b,metadata_free_prompt_final,gender,lemma-heldout,1,VERB,masc,0.7543859649122807,0.7962962962962963,0.7747747747747747,108,"[""fem"", ""masc""]","[[38, 28], [22, 86]]"
llama-3.2-1b,metadata_free_prompt_final,gender,lemma-heldout,1,all,fem,0.5968253968253968,0.6266666666666667,0.6113821138211382,300,"[""fem"", ""masc""]","[[188, 112], [127, 513]]"
llama-3.2-1b,metadata_free_prompt_final,gender,lemma-heldout,1,all,masc,0.8208,0.8015625,0.8110671936758893,640,"[""fem"", ""masc""]","[[188, 112], [127, 513]]"
llama-3.2-1b,metadata_free_prompt_final,gender,lemma-heldout,2,ADJ,fem,0.8764044943820225,0.8863636363636364,0.8813559322033898,88,"[""fem"", ""masc""]","[[78, 10], [11, 56]]"
llama-3.2-1b,metadata_free_prompt_final,gender,lemma-heldout,2,ADJ,masc,0.8484848484848485,0.835820895522388,0.8421052631578947,67,"[""fem"", ""masc""]","[[78, 10], [11, 56]]"
llama-3.2-1b,metadata_free_prompt_final,gender,lemma-heldout,2,NOUN,fem,0.6526315789473685,0.7045454545454546,0.6775956284153005,176,"[""fem"", ""masc""]","[[124, 52], [66, 346]]"
llama-3.2-1b,metadata_free_prompt_final,gender,lemma-heldout,2,NOUN,masc,0.8693467336683417,0.8398058252427184,0.854320987654321,412,"[""fem"", ""masc""]","[[124, 52], [66, 346]]"
llama-3.2-1b,metadata_free_prompt_final,gender,lemma-heldout,2,VERB,fem,0.8787878787878788,0.8055555555555556,0.8405797101449275,72,"[""fem"", ""masc""]","[[58, 14], [8, 117]]"
llama-3.2-1b,metadata_free_prompt_final,gender,lemma-heldout,2,VERB,masc,0.8931297709923665,0.936,0.9140625,125,"[""fem"", ""masc""]","[[58, 14], [8, 117]]"
llama-3.2-1b,metadata_free_prompt_final,gender,lemma-heldout,2,all,fem,0.7536231884057971,0.7738095238095238,0.7635829662261381,336,"[""fem"", ""masc""]","[[260, 76], [85, 519]]"
llama-3.2-1b,metadata_free_prompt_final,gender,lemma-heldout,2,all,masc,0.8722689075630252,0.859271523178808,0.8657214345287739,604,"[""fem"", ""masc""]","[[260, 76], [85, 519]]"
llama-3.2-1b,metadata_free_prompt_final,gender,lemma-heldout,3,ADJ,fem,0.8365384615384616,0.925531914893617,0.8787878787878788,94,"[""fem"", ""masc""]","[[87, 7], [17, 60]]"
llama-3.2-1b,metadata_free_prompt_final,gender,lemma-heldout,3,ADJ,masc,0.8955223880597015,0.7792207792207793,0.8333333333333334,77,"[""fem"", ""masc""]","[[87, 7], [17, 60]]"
llama-3.2-1b,metadata_free_prompt_final,gender,lemma-heldout,3,NOUN,fem,0.6259842519685039,0.795,0.7004405286343612,200,"[""fem"", ""masc""]","[[159, 41], [95, 316]]"
llama-3.2-1b,metadata_free_prompt_final,gender,lemma-heldout,3,NOUN,masc,0.8851540616246498,0.7688564476885644,0.8229166666666666,411,"[""fem"", ""masc""]","[[159, 41], [95, 316]]"
llama-3.2-1b,metadata_free_prompt_final,gender,lemma-heldout,3,VERB,fem,0.75,0.7384615384615385,0.7441860465116279,65,"[""fem"", ""masc""]","[[48, 17], [16, 77]]"
llama-3.2-1b,metadata_free_prompt_final,gender,lemma-heldout,3,VERB,masc,0.8191489361702128,0.8279569892473119,0.8235294117647058,93,"[""fem"", ""masc""]","[[48, 17], [16, 77]]"
llama-3.2-1b,metadata_free_prompt_final,gender,lemma-heldout,3,all,fem,0.6966824644549763,0.8189415041782729,0.7528809218950064,359,"[""fem"", ""masc""]","[[294, 65], [128, 453]]"
llama-3.2-1b,metadata_free_prompt_final,gender,lemma-heldout,3,all,masc,0.8745173745173745,0.7796901893287436,0.824385805277525,581,"[""fem"", ""masc""]","[[294, 65], [128, 453]]"
llama-3.2-1b,metadata_free_prompt_final,gender,lemma-heldout,4,ADJ,fem,0.9137931034482759,0.9578313253012049,0.9352941176470588,166,"[""fem"", ""masc""]","[[159, 7], [15, 67]]"
llama-3.2-1b,metadata_free_prompt_final,gender,lemma-heldout,4,ADJ,masc,0.9054054054054054,0.8170731707317073,0.8589743589743589,82,"[""fem"", ""masc""]","[[159, 7], [15, 67]]"
llama-3.2-1b,metadata_free_prompt_final,gender,lemma-heldout,4,NOUN,fem,0.7607655502392344,0.7395348837209302,0.75,215,"[""fem"", ""masc""]","[[159, 56], [50, 273]]"
llama-3.2-1b,metadata_free_prompt_final,gender,lemma-heldout,4,NOUN,masc,0.8297872340425532,0.8452012383900929,0.8374233128834356,323,"[""fem"", ""masc""]","[[159, 56], [50, 273]]"
llama-3.2-1b,metadata_free_prompt_final,gender,lemma-heldout,4,VERB,fem,0.6935483870967742,0.7678571428571429,0.7288135593220338,56,"[""fem"", ""masc""]","[[43, 13], [19, 78]]"
llama-3.2-1b,metadata_free_prompt_final,gender,lemma-heldout,4,VERB,masc,0.8571428571428571,0.8041237113402062,0.8297872340425532,97,"[""fem"", ""masc""]","[[43, 13], [19, 78]]"
llama-3.2-1b,metadata_free_prompt_final,gender,lemma-heldout,4,all,fem,0.8112359550561797,0.8260869565217391,0.81859410430839,437,"[""fem"", ""masc""]","[[361, 76], [84, 418]]"
llama-3.2-1b,metadata_free_prompt_final,gender,lemma-heldout,4,all,masc,0.8461538461538461,0.8326693227091634,0.8393574297188755,502,"[""fem"", ""masc""]","[[361, 76], [84, 418]]"
llama-3.2-1b,metadata_free_prompt_final,gender,random,0,ADJ,fem,0.9702970297029703,0.9607843137254902,0.9655172413793104,102,"[""fem"", ""masc""]","[[98, 4], [3, 90]]"
llama-3.2-1b,metadata_free_prompt_final,gender,random,0,ADJ,masc,0.9574468085106383,0.967741935483871,0.9625668449197861,93,"[""fem"", ""masc""]","[[98, 4], [3, 90]]"
llama-3.2-1b,metadata_free_prompt_final,gender,random,0,NOUN,fem,0.9119170984455959,0.9312169312169312,0.9214659685863874,189,"[""fem"", ""masc""]","[[176, 13], [17, 373]]"
llama-3.2-1b,metadata_free_prompt_final,gender,random,0,NOUN,masc,0.966321243523316,0.9564102564102565,0.961340206185567,390,"[""fem"", ""masc""]","[[176, 13], [17, 373]]"
llama-3.2-1b,metadata_free_prompt_final,gender,random,0,VERB,fem,0.8448275862068966,0.8032786885245902,0.8235294117647058,61,"[""fem"", ""masc""]","[[49, 12], [9, 96]]"
llama-3.2-1b,metadata_free_prompt_final,gender,random,0,VERB,masc,0.8888888888888888,0.9142857142857143,0.9014084507042254,105,"[""fem"", ""masc""]","[[49, 12], [9, 96]]"
llama-3.2-1b,metadata_free_prompt_final,gender,random,0,all,fem,0.9176136363636364,0.9176136363636364,0.9176136363636364,352,"[""fem"", ""masc""]","[[323, 29], [29, 559]]"
llama-3.2-1b,metadata_free_prompt_final,gender,random,0,all,masc,0.9506802721088435,0.9506802721088435,0.9506802721088435,588,"[""fem"", ""masc""]","[[323, 29], [29, 559]]"
llama-3.2-1b,metadata_free_prompt_final,gender,random,1,ADJ,fem,0.961038961038961,0.9367088607594937,0.9487179487179487,79,"[""fem"", ""masc""]","[[74, 5], [3, 85]]"
llama-3.2-1b,metadata_free_prompt_final,gender,random,1,ADJ,masc,0.9444444444444444,0.9659090909090909,0.9550561797752809,88,"[""fem"", ""masc""]","[[74, 5], [3, 85]]"
llama-3.2-1b,metadata_free_prompt_final,gender,random,1,NOUN,fem,0.8719211822660099,0.921875,0.8962025316455696,192,"[""fem"", ""masc""]","[[177, 15], [26, 382]]"
llama-3.2-1b,metadata_free_prompt_final,gender,random,1,NOUN,masc,0.9622166246851386,0.9362745098039216,0.9490683229813665,408,"[""fem"", ""masc""]","[[177, 15], [26, 382]]"
llama-3.2-1b,metadata_free_prompt_final,gender,random,1,VERB,fem,0.881578947368421,0.8271604938271605,0.8535031847133758,81,"[""fem"", ""masc""]","[[67, 14], [9, 83]]"
llama-3.2-1b,metadata_free_prompt_final,gender,random,1,VERB,masc,0.8556701030927835,0.9021739130434783,0.8783068783068783,92,"[""fem"", ""masc""]","[[67, 14], [9, 83]]"
llama-3.2-1b,metadata_free_prompt_final,gender,random,1,all,fem,0.8932584269662921,0.9034090909090909,0.8983050847457628,352,"[""fem"", ""masc""]","[[318, 34], [38, 550]]"
llama-3.2-1b,metadata_free_prompt_final,gender,random,1,all,masc,0.9417808219178082,0.935374149659864,0.9385665529010239,588,"[""fem"", ""masc""]","[[318, 34], [38, 550]]"
llama-3.2-1b,metadata_free_prompt_final,gender,random,2,ADJ,fem,0.9238095238095239,0.941747572815534,0.9326923076923077,103,"[""fem"", ""masc""]","[[97, 6], [8, 86]]"
llama-3.2-1b,metadata_free_prompt_final,gender,random,2,ADJ,masc,0.9347826086956522,0.9148936170212766,0.9247311827956989,94,"[""fem"", ""masc""]","[[97, 6], [8, 86]]"
llama-3.2-1b,metadata_free_prompt_final,gender,random,2,NOUN,fem,0.8564814814814815,0.9343434343434344,0.893719806763285,198,"[""fem"", ""masc""]","[[185, 13], [31, 358]]"
llama-3.2-1b,metadata_free_prompt_final,gender,random,2,NOUN,masc,0.9649595687331537,0.9203084832904884,0.9421052631578948,389,"[""fem"", ""masc""]","[[185, 13], [31, 358]]"
llama-3.2-1b,metadata_free_prompt_final,gender,random,2,VERB,fem,0.8301886792452831,0.88,0.8543689320388349,50,"[""fem"", ""masc""]","[[44, 6], [9, 97]]"
llama-3.2-1b,metadata_free_prompt_final,gender,random,2,VERB,masc,0.941747572815534,0.9150943396226415,0.9282296650717703,106,"[""fem"", ""masc""]","[[44, 6], [9, 97]]"
llama-3.2-1b,metadata_free_prompt_final,gender,random,2,all,fem,0.8716577540106952,0.9287749287749287,0.8993103448275862,351,"[""fem"", ""masc""]","[[326, 25], [48, 541]]"
llama-3.2-1b,metadata_free_prompt_final,gender,random,2,all,masc,0.9558303886925795,0.9185059422750425,0.9367965367965368,589,"[""fem"", ""masc""]","[[326, 25], [48, 541]]"
llama-3.2-1b,metadata_free_prompt_final,gender,random,3,ADJ,fem,0.9565217391304348,0.9361702127659575,0.946236559139785,94,"[""fem"", ""masc""]","[[88, 6], [4, 69]]"
llama-3.2-1b,metadata_free_prompt_final,gender,random,3,ADJ,masc,0.92,0.9452054794520548,0.9324324324324325,73,"[""fem"", ""masc""]","[[88, 6], [4, 69]]"
llama-3.2-1b,metadata_free_prompt_final,gender,random,3,NOUN,fem,0.84688995215311,0.9267015706806283,0.885,191,"[""fem"", ""masc""]","[[177, 14], [32, 380]]"
llama-3.2-1b,metadata_free_prompt_final,gender,random,3,NOUN,masc,0.9644670050761421,0.9223300970873787,0.9429280397022333,412,"[""fem"", ""masc""]","[[177, 14], [32, 380]]"
llama-3.2-1b,metadata_free_prompt_final,gender,random,3,VERB,fem,0.8484848484848485,0.8484848484848485,0.8484848484848485,66,"[""fem"", ""masc""]","[[56, 10], [10, 94]]"
llama-3.2-1b,metadata_free_prompt_final,gender,random,3,VERB,masc,0.9038461538461539,0.9038461538461539,0.9038461538461539,104,"[""fem"", ""masc""]","[[56, 10], [10, 94]]"
llama-3.2-1b,metadata_free_prompt_final,gender,random,3,all,fem,0.8746594005449592,0.9145299145299145,0.8941504178272981,351,"[""fem"", ""masc""]","[[321, 30], [46, 543]]"
llama-3.2-1b,metadata_free_prompt_final,gender,random,3,all,masc,0.9476439790575916,0.9219015280135824,0.9345955249569707,589,"[""fem"", ""masc""]","[[321, 30], [46, 543]]"
llama-3.2-1b,metadata_free_prompt_final,gender,random,4,ADJ,fem,0.968421052631579,0.9387755102040817,0.9533678756476683,98,"[""fem"", ""masc""]","[[92, 6], [3, 82]]"
llama-3.2-1b,metadata_free_prompt_final,gender,random,4,ADJ,masc,0.9318181818181818,0.9647058823529412,0.9479768786127167,85,"[""fem"", ""masc""]","[[92, 6], [3, 82]]"
llama-3.2-1b,metadata_free_prompt_final,gender,random,4,NOUN,fem,0.8578431372549019,0.9067357512953368,0.8816120906801007,193,"[""fem"", ""masc""]","[[175, 18], [29, 365]]"
llama-3.2-1b,metadata_free_prompt_final,gender,random,4,NOUN,masc,0.9530026109660574,0.9263959390862944,0.9395109395109396,394,"[""fem"", ""masc""]","[[175, 18], [29, 365]]"
llama-3.2-1b,metadata_free_prompt_final,gender,random,4,VERB,fem,0.8225806451612904,0.85,0.8360655737704918,60,"[""fem"", ""masc""]","[[51, 9], [11, 98]]"
llama-3.2-1b,metadata_free_prompt_final,gender,random,4,VERB,masc,0.9158878504672897,0.8990825688073395,0.9074074074074074,109,"[""fem"", ""masc""]","[[51, 9], [11, 98]]"
llama-3.2-1b,metadata_free_prompt_final,gender,random,4,all,fem,0.8808864265927978,0.905982905982906,0.8932584269662921,351,"[""fem"", ""masc""]","[[318, 33], [43, 545]]"
llama-3.2-1b,metadata_free_prompt_final,gender,random,4,all,masc,0.9429065743944637,0.9268707482993197,0.934819897084048,588,"[""fem"", ""masc""]","[[318, 33], [43, 545]]"
llama-3.2-1b,metadata_free_prompt_final,gender,root-heldout,0,ADJ,fem,0.8175675675675675,0.8066666666666666,0.8120805369127517,150,"[""fem"", ""masc""]","[[121, 29], [27, 104]]"
llama-3.2-1b,metadata_free_prompt_final,gender,root-heldout,0,ADJ,masc,0.7819548872180451,0.7938931297709924,0.7878787878787878,131,"[""fem"", ""masc""]","[[121, 29], [27, 104]]"
llama-3.2-1b,metadata_free_prompt_final,gender,root-heldout,0,NOUN,fem,0.5432692307692307,0.6348314606741573,0.5854922279792746,178,"[""fem"", ""masc""]","[[113, 65], [95, 256]]"
llama-3.2-1b,metadata_free_prompt_final,gender,root-heldout,0,NOUN,masc,0.7975077881619937,0.7293447293447294,0.7619047619047619,351,"[""fem"", ""masc""]","[[113, 65], [95, 256]]"
llama-3.2-1b,metadata_free_prompt_final,gender,root-heldout,0,VERB,fem,0.6730769230769231,0.7608695652173914,0.7142857142857143,46,"[""fem"", ""masc""]","[[35, 11], [17, 67]]"
llama-3.2-1b,metadata_free_prompt_final,gender,root-heldout,0,VERB,masc,0.8589743589743589,0.7976190476190477,0.8271604938271605,84,"[""fem"", ""masc""]","[[35, 11], [17, 67]]"
llama-3.2-1b,metadata_free_prompt_final,gender,root-heldout,0,all,fem,0.6593137254901961,0.7192513368983957,0.6879795396419437,374,"[""fem"", ""masc""]","[[269, 105], [139, 427]]"
llama-3.2-1b,metadata_free_prompt_final,gender,root-heldout,0,all,masc,0.8026315789473685,0.7544169611307421,0.7777777777777778,566,"[""fem"", ""masc""]","[[269, 105], [139, 427]]"
llama-3.2-1b,metadata_free_prompt_final,gender,root-heldout,1,ADJ,fem,0.8888888888888888,0.897196261682243,0.8930232558139535,107,"[""fem"", ""masc""]","[[96, 11], [12, 80]]"
llama-3.2-1b,metadata_free_prompt_final,gender,root-heldout,1,ADJ,masc,0.8791208791208791,0.8695652173913043,0.8743169398907104,92,"[""fem"", ""masc""]","[[96, 11], [12, 80]]"
llama-3.2-1b,metadata_free_prompt_final,gender,root-heldout,1,NOUN,fem,0.6473429951690821,0.788235294117647,0.7108753315649867,170,"[""fem"", ""masc""]","[[134, 36], [73, 357]]"
llama-3.2-1b,metadata_free_prompt_final,gender,root-heldout,1,NOUN,masc,0.9083969465648855,0.8302325581395349,0.8675577156743621,430,"[""fem"", ""masc""]","[[134, 36], [73, 357]]"
llama-3.2-1b,metadata_free_prompt_final,gender,root-heldout,1,VERB,fem,0.6415094339622641,0.6181818181818182,0.6296296296296297,55,"[""fem"", ""masc""]","[[34, 21], [19, 67]]"
llama-3.2-1b,metadata_free_prompt_final,gender,root-heldout,1,VERB,masc,0.7613636363636364,0.7790697674418605,0.7701149425287356,86,"[""fem"", ""masc""]","[[34, 21], [19, 67]]"
llama-3.2-1b,metadata_free_prompt_final,gender,root-heldout,1,all,fem,0.717391304347826,0.7951807228915663,0.7542857142857143,332,"[""fem"", ""masc""]","[[264, 68], [104, 504]]"
llama-3.2-1b,metadata_free_prompt_final,gender,root-heldout,1,all,masc,0.8811188811188811,0.8289473684210527,0.8542372881355932,608,"[""fem"", ""masc""]","[[264, 68], [104, 504]]"
llama-3.2-1b,metadata_free_prompt_final,gender,root-heldout,2,ADJ,fem,0.6527777777777778,0.47,0.5465116279069767,100,"[""fem"", ""masc""]","[[47, 53], [25, 54]]"
llama-3.2-1b,metadata_free_prompt_final,gender,root-heldout,2,ADJ,masc,0.5046728971962616,0.6835443037974683,0.5806451612903226,79,"[""fem"", ""masc""]","[[47, 53], [25, 54]]"
llama-3.2-1b,metadata_free_prompt_final,gender,root-heldout,2,NOUN,fem,0.7216117216117216,0.7606177606177607,0.7406015037593985,259,"[""fem"", ""masc""]","[[197, 62], [76, 253]]"
llama-3.2-1b,metadata_free_prompt_final,gender,root-heldout,2,NOUN,masc,0.8031746031746032,0.7689969604863222,0.7857142857142857,329,"[""fem"", ""masc""]","[[197, 62], [76, 253]]"
llama-3.2-1b,metadata_free_prompt_final,gender,root-heldout,2,VERB,fem,0.6226415094339622,0.4925373134328358,0.55,67,"[""fem"", ""masc""]","[[33, 34], [20, 86]]"
llama-3.2-1b,metadata_free_prompt_final,gender,root-heldout,2,VERB,masc,0.7166666666666667,0.8113207547169812,0.7610619469026548,106,"[""fem"", ""masc""]","[[33, 34], [20, 86]]"
llama-3.2-1b,metadata_free_prompt_final,gender,root-heldout,2,all,fem,0.6959798994974874,0.6502347417840375,0.6723300970873787,426,"[""fem"", ""masc""]","[[277, 149], [121, 393]]"
llama-3.2-1b,metadata_free_prompt_final,gender,root-heldout,2,all,masc,0.7250922509225092,0.7645914396887159,0.7443181818181818,514,"[""fem"", ""masc""]","[[277, 149], [121, 393]]"
llama-3.2-1b,metadata_free_prompt_final,gender,root-heldout,3,ADJ,fem,0.7105263157894737,0.9310344827586207,0.8059701492537313,58,"[""fem"", ""masc""]","[[54, 4], [22, 43]]"
llama-3.2-1b,metadata_free_prompt_final,gender,root-heldout,3,ADJ,masc,0.9148936170212766,0.6615384615384615,0.7678571428571429,65,"[""fem"", ""masc""]","[[54, 4], [22, 43]]"
llama-3.2-1b,metadata_free_prompt_final,gender,root-heldout,3,NOUN,fem,0.5721925133689839,0.7086092715231788,0.6331360946745562,151,"[""fem"", ""masc""]","[[107, 44], [80, 406]]"
llama-3.2-1b,metadata_free_prompt_final,gender,root-heldout,3,NOUN,masc,0.9022222222222223,0.8353909465020576,0.8675213675213675,486,"[""fem"", ""masc""]","[[107, 44], [80, 406]]"
llama-3.2-1b,metadata_free_prompt_final,gender,root-heldout,3,VERB,fem,0.49333333333333335,0.6166666666666667,0.5481481481481482,60,"[""fem"", ""masc""]","[[37, 23], [38, 82]]"
llama-3.2-1b,metadata_free_prompt_final,gender,root-heldout,3,VERB,masc,0.780952380952381,0.6833333333333333,0.7288888888888889,120,"[""fem"", ""masc""]","[[37, 23], [38, 82]]"
llama-3.2-1b,metadata_free_prompt_final,gender,root-heldout,3,all,fem,0.5857988165680473,0.7360594795539034,0.6523887973640856,269,"[""fem"", ""masc""]","[[198, 71], [140, 531]]"
llama-3.2-1b,metadata_free_prompt_final,gender,root-heldout,3,all,masc,0.8820598006644518,0.7913561847988078,0.8342498036135114,671,"[""fem"", ""masc""]","[[198, 71], [140, 531]]"
llama-3.2-1b,metadata_free_prompt_final,gender,root-heldout,4,ADJ,fem,0.8157894736842105,0.5081967213114754,0.6262626262626263,61,"[""fem"", ""masc""]","[[31, 30], [7, 59]]"
llama-3.2-1b,metadata_free_prompt_final,gender,root-heldout,4,ADJ,masc,0.6629213483146067,0.8939393939393939,0.7612903225806451,66,"[""fem"", ""masc""]","[[31, 30], [7, 59]]"
llama-3.2-1b,metadata_free_prompt_final,gender,root-heldout,4,NOUN,fem,0.6065573770491803,0.7219512195121951,0.6592427616926503,205,"[""fem"", ""masc""]","[[148, 57], [96, 301]]"
llama-3.2-1b,metadata_free_prompt_final,gender,root-heldout,4,NOUN,masc,0.840782122905028,0.7581863979848866,0.7973509933774835,397,"[""fem"", ""masc""]","[[148, 57], [96, 301]]"
llama-3.2-1b,metadata_free_prompt_final,gender,root-heldout,4,VERB,fem,0.8983050847457628,0.5888888888888889,0.7114093959731543,90,"[""fem"", ""masc""]","[[53, 37], [6, 114]]"
llama-3.2-1b,metadata_free_prompt_final,gender,root-heldout,4,VERB,masc,0.7549668874172185,0.95,0.8413284132841329,120,"[""fem"", ""masc""]","[[53, 37], [6, 114]]"
llama-3.2-1b,metadata_free_prompt_final,gender,root-heldout,4,all,fem,0.6803519061583577,0.651685393258427,0.6657101865136298,356,"[""fem"", ""masc""]","[[232, 124], [109, 474]]"
llama-3.2-1b,metadata_free_prompt_final,gender,root-heldout,4,all,masc,0.7926421404682275,0.8130360205831904,0.8027095681625741,583,"[""fem"", ""masc""]","[[232, 124], [109, 474]]"
llama-3.2-1b,metadata_free_prompt_final,number,lemma-heldout,0,ADJ,du,0.0,0.0,0.0,1,"[""du"", ""pl"", ""sg""]","[[0, 1, 0], [0, 2, 2], [2, 24, 120]]"
llama-3.2-1b,metadata_free_prompt_final,number,lemma-heldout,0,ADJ,pl,0.07407407407407407,0.5,0.12903225806451613,4,"[""du"", ""pl"", ""sg""]","[[0, 1, 0], [0, 2, 2], [2, 24, 120]]"
llama-3.2-1b,metadata_free_prompt_final,number,lemma-heldout,0,ADJ,sg,0.9836065573770492,0.821917808219178,0.8955223880597015,146,"[""du"", ""pl"", ""sg""]","[[0, 1, 0], [0, 2, 2], [2, 24, 120]]"
llama-3.2-1b,metadata_free_prompt_final,number,lemma-heldout,0,NOUN,du,0.2,0.5,0.2857142857142857,4,"[""du"", ""pl"", ""sg""]","[[2, 1, 1], [0, 114, 42], [8, 95, 374]]"
llama-3.2-1b,metadata_free_prompt_final,number,lemma-heldout,0,NOUN,pl,0.5428571428571428,0.7307692307692307,0.6229508196721312,156,"[""du"", ""pl"", ""sg""]","[[2, 1, 1], [0, 114, 42], [8, 95, 374]]"
llama-3.2-1b,metadata_free_prompt_final,number,lemma-heldout,0,NOUN,sg,0.8968824940047961,0.7840670859538784,0.8366890380313199,477,"[""du"", ""pl"", ""sg""]","[[2, 1, 1], [0, 114, 42], [8, 95, 374]]"
llama-3.2-1b,metadata_free_prompt_final,number,lemma-heldout,0,VERB,du,0.0,0.0,0.0,1,"[""du"", ""pl"", ""sg""]","[[0, 1, 0], [0, 8, 4], [0, 9, 130]]"
llama-3.2-1b,metadata_free_prompt_final,number,lemma-heldout,0,VERB,pl,0.4444444444444444,0.6666666666666666,0.5333333333333333,12,"[""du"", ""pl"", ""sg""]","[[0, 1, 0], [0, 8, 4], [0, 9, 130]]"
llama-3.2-1b,metadata_free_prompt_final,number,lemma-heldout,0,VERB,sg,0.9701492537313433,0.935251798561151,0.9523809523809523,139,"[""du"", ""pl"", ""sg""]","[[0, 1, 0], [0, 8, 4], [0, 9, 130]]"
llama-3.2-1b,metadata_free_prompt_final,number,lemma-heldout,0,all,du,0.16666666666666666,0.3333333333333333,0.2222222222222222,6,"[""du"", ""pl"", ""sg""]","[[2, 3, 1], [0, 124, 48], [10, 128, 624]]"
llama-3.2-1b,metadata_free_prompt_final,number,lemma-heldout,0,all,pl,0.48627450980392156,0.7209302325581395,0.5807962529274004,172,"[""du"", ""pl"", ""sg""]","[[2, 3, 1], [0, 124, 48], [10, 128, 624]]"
llama-3.2-1b,metadata_free_prompt_final,number,lemma-heldout,0,all,sg,0.9271916790490342,0.8188976377952756,0.8696864111498258,762,"[""du"", ""pl"", ""sg""]","[[2, 3, 1], [0, 124, 48], [10, 128, 624]]"
llama-3.2-1b,metadata_free_prompt_final,number,lemma-heldout,1,ADJ,pl,0.3333333333333333,1.0,0.5,5,"[""pl"", ""sg""]","[[5, 0], [10, 169]]"
llama-3.2-1b,metadata_free_prompt_final,number,lemma-heldout,1,ADJ,sg,1.0,0.9441340782122905,0.9712643678160919,179,"[""pl"", ""sg""]","[[5, 0], [10, 169]]"
llama-3.2-1b,metadata_free_prompt_final,number,lemma-heldout,1,NOUN,du,0.0,0.0,0.0,9,"[""du"", ""pl"", ""sg""]","[[0, 6, 3], [1, 97, 19], [0, 69, 387]]"
llama-3.2-1b,metadata_free_prompt_final,number,lemma-heldout,1,NOUN,pl,0.563953488372093,0.8290598290598291,0.671280276816609,117,"[""du"", ""pl"", ""sg""]","[[0, 6, 3], [1, 97, 19], [0, 69, 387]]"
llama-3.2-1b,metadata_free_prompt_final,number,lemma-heldout,1,NOUN,sg,0.9462102689486552,0.8486842105263158,0.8947976878612717,456,"[""du"", ""pl"", ""sg""]","[[0, 6, 3], [1, 97, 19], [0, 69, 387]]"
llama-3.2-1b,metadata_free_prompt_final,number,lemma-heldout,1,VERB,du,0.0,0.0,0.0,1,"[""du"", ""pl"", ""sg""]","[[0, 0, 1], [0, 13, 2], [2, 19, 137]]"
llama-3.2-1b,metadata_free_prompt_final,number,lemma-heldout,1,VERB,pl,0.40625,0.8666666666666667,0.5531914893617021,15,"[""du"", ""pl"", ""sg""]","[[0, 0, 1], [0, 13, 2], [2, 19, 137]]"
llama-3.2-1b,metadata_free_prompt_final,number,lemma-heldout,1,VERB,sg,0.9785714285714285,0.8670886075949367,0.9194630872483222,158,"[""du"", ""pl"", ""sg""]","[[0, 0, 1], [0, 13, 2], [2, 19, 137]]"
llama-3.2-1b,metadata_free_prompt_final,number,lemma-heldout,1,all,du,0.0,0.0,0.0,10,"[""du"", ""pl"", ""sg""]","[[0, 6, 4], [1, 115, 21], [2, 98, 693]]"
llama-3.2-1b,metadata_free_prompt_final,number,lemma-heldout,1,all,pl,0.5251141552511416,0.8394160583941606,0.6460674157303371,137,"[""du"", ""pl"", ""sg""]","[[0, 6, 4], [1, 115, 21], [2, 98, 693]]"
llama-3.2-1b,metadata_free_prompt_final,number,lemma-heldout,1,all,sg,0.9651810584958217,0.8738965952080706,0.9172733289212442,793,"[""du"", ""pl"", ""sg""]","[[0, 6, 4], [1, 115, 21], [2, 98, 693]]"
llama-3.2-1b,metadata_free_prompt_final,number,lemma-heldout,2,ADJ,pl,0.5,0.8,0.6153846153846154,5,"[""pl"", ""sg""]","[[4, 1], [4, 146]]"
llama-3.2-1b,metadata_free_prompt_final,number,lemma-heldout,2,ADJ,sg,0.9931972789115646,0.9733333333333334,0.9831649831649831,150,"[""pl"", ""sg""]","[[4, 1], [4, 146]]"
llama-3.2-1b,metadata_free_prompt_final,number,lemma-heldout,2,NOUN,du,1.0,0.3333333333333333,0.5,9,"[""du"", ""pl"", ""sg""]","[[3, 3, 3], [0, 105, 28], [0, 21, 425]]"
llama-3.2-1b,metadata_free_prompt_final,number,lemma-heldout,2,NOUN,pl,0.813953488372093,0.7894736842105263,0.8015267175572519,133,"[""du"", ""pl"", ""sg""]","[[3, 3, 3], [0, 105, 28], [0, 21, 425]]"
llama-3.2-1b,metadata_free_prompt_final,number,lemma-heldout,2,NOUN,sg,0.9320175438596491,0.952914798206278,0.9423503325942351,446,"[""du"", ""pl"", ""sg""]","[[3, 3, 3], [0, 105, 28], [0, 21, 425]]"
llama-3.2-1b,metadata_free_prompt_final,number,lemma-heldout,2,VERB,du,1.0,0.5,0.6666666666666666,2,"[""du"", ""pl"", ""sg""]","[[1, 0, 1], [0, 10, 2], [0, 47, 136]]"
llama-3.2-1b,metadata_free_prompt_final,number,lemma-heldout,2,VERB,pl,0.17543859649122806,0.8333333333333334,0.2898550724637681,12,"[""du"", ""pl"", ""sg""]","[[1, 0, 1], [0, 10, 2], [0, 47, 136]]"
llama-3.2-1b,metadata_free_prompt_final,number,lemma-heldout,2,VERB,sg,0.9784172661870504,0.7431693989071039,0.84472049689441,183,"[""du"", ""pl"", ""sg""]","[[1, 0, 1], [0, 10, 2], [0, 47, 136]]"
llama-3.2-1b,metadata_free_prompt_final,number,lemma-heldout,2,all,du,1.0,0.36363636363636365,0.5333333333333333,11,"[""du"", ""pl"", ""sg""]","[[4, 3, 4], [0, 119, 31], [0, 72, 707]]"
llama-3.2-1b,metadata_free_prompt_final,number,lemma-heldout,2,all,pl,0.6134020618556701,0.7933333333333333,0.6918604651162791,150,"[""du"", ""pl"", ""sg""]","[[4, 3, 4], [0, 119, 31], [0, 72, 707]]"
llama-3.2-1b,metadata_free_prompt_final,number,lemma-heldout,2,all,sg,0.9528301886792453,0.9075738125802311,0.9296515450361604,779,"[""du"", ""pl"", ""sg""]","[[4, 3, 4], [0, 119, 31], [0, 72, 707]]"
llama-3.2-1b,metadata_free_prompt_final,number,lemma-heldout,3,ADJ,du,1.0,0.5,0.6666666666666666,2,"[""du"", ""pl"", ""sg""]","[[1, 1, 0], [0, 2, 0], [0, 11, 156]]"
llama-3.2-1b,metadata_free_prompt_final,number,lemma-heldout,3,ADJ,pl,0.14285714285714285,1.0,0.25,2,"[""du"", ""pl"", ""sg""]","[[1, 1, 0], [0, 2, 0], [0, 11, 156]]"
llama-3.2-1b,metadata_free_prompt_final,number,lemma-heldout,3,ADJ,sg,1.0,0.9341317365269461,0.9659442724458205,167,"[""du"", ""pl"", ""sg""]","[[1, 1, 0], [0, 2, 0], [0, 11, 156]]"
llama-3.2-1b,metadata_free_prompt_final,number,lemma-heldout,3,NOUN,du,1.0,0.6666666666666666,0.8,9,"[""du"", ""pl"", ""sg""]","[[6, 1, 2], [0, 96, 16], [0, 12, 478]]"
llama-3.2-1b,metadata_free_prompt_final,number,lemma-heldout,3,NOUN,pl,0.8807339449541285,0.8571428571428571,0.8687782805429864,112,"[""du"", ""pl"", ""sg""]","[[6, 1, 2], [0, 96, 16], [0, 12, 478]]"
llama-3.2-1b,metadata_free_prompt_final,number,lemma-heldout,3,NOUN,sg,0.9637096774193549,0.9755102040816327,0.9695740365111561,490,"[""du"", ""pl"", ""sg""]","[[6, 1, 2], [0, 96, 16], [0, 12, 478]]"
llama-3.2-1b,metadata_free_prompt_final,number,lemma-heldout,3,VERB,du,0.0,0.0,0.0,1,"[""du"", ""pl"", ""sg""]","[[0, 0, 1], [0, 5, 3], [2, 7, 140]]"
llama-3.2-1b,metadata_free_prompt_final,number,lemma-heldout,3,VERB,pl,0.4166666666666667,0.625,0.5,8,"[""du"", ""pl"", ""sg""]","[[0, 0, 1], [0, 5, 3], [2, 7, 140]]"
llama-3.2-1b,metadata_free_prompt_final,number,lemma-heldout,3,VERB,sg,0.9722222222222222,0.9395973154362416,0.9556313993174061,149,"[""du"", ""pl"", ""sg""]","[[0, 0, 1], [0, 5, 3], [2, 7, 140]]"
llama-3.2-1b,metadata_free_prompt_final,number,lemma-heldout,3,all,du,0.7777777777777778,0.5833333333333334,0.6666666666666666,12,"[""du"", ""pl"", ""sg""]","[[7, 2, 3], [0, 103, 19], [2, 30, 774]]"
llama-3.2-1b,metadata_free_prompt_final,number,lemma-heldout,3,all,pl,0.762962962962963,0.8442622950819673,0.8015564202334631,122,"[""du"", ""pl"", ""sg""]","[[7, 2, 3], [0, 103, 19], [2, 30, 774]]"
llama-3.2-1b,metadata_free_prompt_final,number,lemma-heldout,3,all,sg,0.9723618090452262,0.9602977667493796,0.9662921348314607,806,"[""du"", ""pl"", ""sg""]","[[7, 2, 3], [0, 103, 19], [2, 30, 774]]"
llama-3.2-1b,metadata_free_prompt_final,number,lemma-heldout,4,ADJ,du,1.0,0.5,0.6666666666666666,2,"[""du"", ""pl"", ""sg""]","[[1, 0, 1], [0, 2, 0], [0, 19, 225]]"
llama-3.2-1b,metadata_free_prompt_final,number,lemma-heldout,4,ADJ,pl,0.09523809523809523,1.0,0.17391304347826086,2,"[""du"", ""pl"", ""sg""]","[[1, 0, 1], [0, 2, 0], [0, 19, 225]]"
llama-3.2-1b,metadata_free_prompt_final,number,lemma-heldout,4,ADJ,sg,0.995575221238938,0.9221311475409836,0.9574468085106383,244,"[""du"", ""pl"", ""sg""]","[[1, 0, 1], [0, 2, 0], [0, 19, 225]]"
llama-3.2-1b,metadata_free_prompt_final,number,lemma-heldout,4,NOUN,du,0.3333333333333333,0.5,0.4,2,"[""du"", ""pl"", ""sg""]","[[1, 1, 0], [0, 100, 13], [2, 52, 369]]"
llama-3.2-1b,metadata_free_prompt_final,number,lemma-heldout,4,NOUN,pl,0.6535947712418301,0.8849557522123894,0.7518796992481203,113,"[""du"", ""pl"", ""sg""]","[[1, 1, 0], [0, 100, 13], [2, 52, 369]]"
llama-3.2-1b,metadata_free_prompt_final,number,lemma-heldout,4,NOUN,sg,0.9659685863874345,0.8723404255319149,0.9167701863354037,423,"[""du"", ""pl"", ""sg""]","[[1, 1, 0], [0, 100, 13], [2, 52, 369]]"
llama-3.2-1b,metadata_free_prompt_final,number,lemma-heldout,4,VERB,du,0.0,0.0,0.0,2,"[""du"", ""pl"", ""sg""]","[[0, 2, 0], [0, 3, 1], [1, 18, 128]]"
llama-3.2-1b,metadata_free_prompt_final,number,lemma-heldout,4,VERB,pl,0.13043478260869565,0.75,0.2222222222222222,4,"[""du"", ""pl"", ""sg""]","[[0, 2, 0], [0, 3, 1], [1, 18, 128]]"
llama-3.2-1b,metadata_free_prompt_final,number,lemma-heldout,4,VERB,sg,0.9922480620155039,0.8707482993197279,0.927536231884058,147,"[""du"", ""pl"", ""sg""]","[[0, 2, 0], [0, 3, 1], [1, 18, 128]]"
llama-3.2-1b,metadata_free_prompt_final,number,lemma-heldout,4,all,du,0.4,0.3333333333333333,0.36363636363636365,6,"[""du"", ""pl"", ""sg""]","[[2, 3, 1], [0, 105, 14], [3, 89, 722]]"
llama-3.2-1b,metadata_free_prompt_final,number,lemma-heldout,4,all,pl,0.5329949238578681,0.8823529411764706,0.6645569620253164,119,"[""du"", ""pl"", ""sg""]","[[2, 3, 1], [0, 105, 14], [3, 89, 722]]"
llama-3.2-1b,metadata_free_prompt_final,number,lemma-heldout,4,all,sg,0.9796472184531886,0.8869778869778869,0.9310122501611864,814,"[""du"", ""pl"", ""sg""]","[[2, 3, 1], [0, 105, 14], [3, 89, 722]]"
llama-3.2-1b,metadata_free_prompt_final,number,random,0,ADJ,pl,0.25,1.0,0.4,1,"[""pl"", ""sg""]","[[1, 0], [3, 175]]"
llama-3.2-1b,metadata_free_prompt_final,number,random,0,ADJ,sg,1.0,0.9831460674157303,0.9915014164305949,178,"[""pl"", ""sg""]","[[1, 0], [3, 175]]"
llama-3.2-1b,metadata_free_prompt_final,number,random,0,NOUN,du,1.0,0.625,0.7692307692307693,8,"[""du"", ""pl"", ""sg""]","[[5, 2, 1], [0, 119, 11], [0, 10, 456]]"
llama-3.2-1b,metadata_free_prompt_final,number,random,0,NOUN,pl,0.9083969465648855,0.9153846153846154,0.9118773946360154,130,"[""du"", ""pl"", ""sg""]","[[5, 2, 1], [0, 119, 11], [0, 10, 456]]"
llama-3.2-1b,metadata_free_prompt_final,number,random,0,NOUN,sg,0.9743589743589743,0.9785407725321889,0.9764453961456103,466,"[""du"", ""pl"", ""sg""]","[[5, 2, 1], [0, 119, 11], [0, 10, 456]]"
llama-3.2-1b,metadata_free_prompt_final,number,random,0,VERB,du,0.0,0.0,0.0,1,"[""du"", ""pl"", ""sg""]","[[0, 0, 1], [0, 8, 1], [0, 5, 142]]"
llama-3.2-1b,metadata_free_prompt_final,number,random,0,VERB,pl,0.6153846153846154,0.8888888888888888,0.7272727272727273,9,"[""du"", ""pl"", ""sg""]","[[0, 0, 1], [0, 8, 1], [0, 5, 142]]"
llama-3.2-1b,metadata_free_prompt_final,number,random,0,VERB,sg,0.9861111111111112,0.9659863945578231,0.9759450171821306,147,"[""du"", ""pl"", ""sg""]","[[0, 0, 1], [0, 8, 1], [0, 5, 142]]"
llama-3.2-1b,metadata_free_prompt_final,number,random,0,all,du,1.0,0.5555555555555556,0.7142857142857143,9,"[""du"", ""pl"", ""sg""]","[[5, 2, 2], [0, 128, 12], [0, 18, 773]]"
llama-3.2-1b,metadata_free_prompt_final,number,random,0,all,pl,0.8648648648648649,0.9142857142857143,0.8888888888888888,140,"[""du"", ""pl"", ""sg""]","[[5, 2, 2], [0, 128, 12], [0, 18, 773]]"
llama-3.2-1b,metadata_free_prompt_final,number,random,0,all,sg,0.9822109275730623,0.97724399494311,0.9797211660329531,791,"[""du"", ""pl"", ""sg""]","[[5, 2, 2], [0, 128, 12], [0, 18, 773]]"
llama-3.2-1b,metadata_free_prompt_final,number,random,1,ADJ,du,0.0,0.0,0.0,2,"[""du"", ""pl"", ""sg""]","[[0, 0, 2], [2, 3, 1], [0, 7, 179]]"
llama-3.2-1b,metadata_free_prompt_final,number,random,1,ADJ,pl,0.3,0.5,0.375,6,"[""du"", ""pl"", ""sg""]","[[0, 0, 2], [2, 3, 1], [0, 7, 179]]"
llama-3.2-1b,metadata_free_prompt_final,number,random,1,ADJ,sg,0.9835164835164835,0.9623655913978495,0.9728260869565217,186,"[""du"", ""pl"", ""sg""]","[[0, 0, 2], [2, 3, 1], [0, 7, 179]]"
llama-3.2-1b,metadata_free_prompt_final,number,random,1,NOUN,du,0.625,0.8333333333333334,0.7142857142857143,6,"[""du"", ""pl"", ""sg""]","[[5, 1, 0], [3, 110, 12], [0, 12, 437]]"
llama-3.2-1b,metadata_free_prompt_final,number,random,1,NOUN,pl,0.8943089430894309,0.88,0.8870967741935484,125,"[""du"", ""pl"", ""sg""]","[[5, 1, 0], [3, 110, 12], [0, 12, 437]]"
llama-3.2-1b,metadata_free_prompt_final,number,random,1,NOUN,sg,0.9732739420935412,0.9732739420935412,0.9732739420935412,449,"[""du"", ""pl"", ""sg""]","[[5, 1, 0], [3, 110, 12], [0, 12, 437]]"
llama-3.2-1b,metadata_free_prompt_final,number,random,1,VERB,du,0.0,0.0,0.0,1,"[""du"", ""pl"", ""sg""]","[[0, 1, 0], [0, 8, 1], [0, 5, 151]]"
llama-3.2-1b,metadata_free_prompt_final,number,random,1,VERB,pl,0.5714285714285714,0.8888888888888888,0.6956521739130435,9,"[""du"", ""pl"", ""sg""]","[[0, 1, 0], [0, 8, 1], [0, 5, 151]]"
llama-3.2-1b,metadata_free_prompt_final,number,random,1,VERB,sg,0.993421052631579,0.967948717948718,0.9805194805194806,156,"[""du"", ""pl"", ""sg""]","[[0, 1, 0], [0, 8, 1], [0, 5, 151]]"
llama-3.2-1b,metadata_free_prompt_final,number,random,1,all,du,0.5,0.5555555555555556,0.5263157894736842,9,"[""du"", ""pl"", ""sg""]","[[5, 2, 2], [5, 121, 14], [0, 24, 767]]"
llama-3.2-1b,metadata_free_prompt_final,number,random,1,all,pl,0.8231292517006803,0.8642857142857143,0.8432055749128919,140,"[""du"", ""pl"", ""sg""]","[[5, 2, 2], [5, 121, 14], [0, 24, 767]]"
llama-3.2-1b,metadata_free_prompt_final,number,random,1,all,sg,0.979565772669221,0.9696586599241467,0.974587039390089,791,"[""du"", ""pl"", ""sg""]","[[5, 2, 2], [5, 121, 14], [0, 24, 767]]"
llama-3.2-1b,metadata_free_prompt_final,number,random,2,ADJ,pl,0.6,1.0,0.75,3,"[""pl"", ""sg""]","[[3, 0], [2, 164]]"
llama-3.2-1b,metadata_free_prompt_final,number,random,2,ADJ,sg,1.0,0.9879518072289156,0.9939393939393939,166,"[""pl"", ""sg""]","[[3, 0], [2, 164]]"
llama-3.2-1b,metadata_free_prompt_final,number,random,2,NOUN,du,1.0,0.6666666666666666,0.8,6,"[""du"", ""pl"", ""sg""]","[[4, 0, 2], [0, 114, 12], [0, 6, 456]]"
llama-3.2-1b,metadata_free_prompt_final,number,random,2,NOUN,pl,0.95,0.9047619047619048,0.926829268292683,126,"[""du"", ""pl"", ""sg""]","[[4, 0, 2], [0, 114, 12], [0, 6, 456]]"
llama-3.2-1b,metadata_free_prompt_final,number,random,2,NOUN,sg,0.9702127659574468,0.987012987012987,0.9785407725321889,462,"[""du"", ""pl"", ""sg""]","[[4, 0, 2], [0, 114, 12], [0, 6, 456]]"
llama-3.2-1b,metadata_free_prompt_final,number,random,2,VERB,du,0.0,0.0,0.0,3,"[""du"", ""pl"", ""sg""]","[[0, 2, 1], [0, 8, 3], [0, 3, 160]]"
llama-3.2-1b,metadata_free_prompt_final,number,random,2,VERB,pl,0.6153846153846154,0.7272727272727273,0.6666666666666666,11,"[""du"", ""pl"", ""sg""]","[[0, 2, 1], [0, 8, 3], [0, 3, 160]]"
llama-3.2-1b,metadata_free_prompt_final,number,random,2,VERB,sg,0.975609756097561,0.9815950920245399,0.9785932721712538,163,"[""du"", ""pl"", ""sg""]","[[0, 2, 1], [0, 8, 3], [0, 3, 160]]"
llama-3.2-1b,metadata_free_prompt_final,number,random,2,all,du,1.0,0.4444444444444444,0.6153846153846154,9,"[""du"", ""pl"", ""sg""]","[[4, 2, 3], [0, 125, 15], [0, 11, 780]]"
llama-3.2-1b,metadata_free_prompt_final,number,random,2,all,pl,0.9057971014492754,0.8928571428571429,0.8992805755395683,140,"[""du"", ""pl"", ""sg""]","[[4, 2, 3], [0, 125, 15], [0, 11, 780]]"
llama-3.2-1b,metadata_free_prompt_final,number,random,2,all,sg,0.9774436090225563,0.9860935524652339,0.9817495280050346,791,"[""du"", ""pl"", ""sg""]","[[4, 2, 3], [0, 125, 15], [0, 11, 780]]"
llama-3.2-1b,metadata_free_prompt_final,number,random,3,ADJ,du,1.0,0.3333333333333333,0.5,3,"[""du"", ""pl"", ""sg""]","[[1, 2, 0], [0, 4, 0], [0, 3, 184]]"
llama-3.2-1b,metadata_free_prompt_final,number,random,3,ADJ,pl,0.4444444444444444,1.0,0.6153846153846154,4,"[""du"", ""pl"", ""sg""]","[[1, 2, 0], [0, 4, 0], [0, 3, 184]]"
llama-3.2-1b,metadata_free_prompt_final,number,random,3,ADJ,sg,1.0,0.983957219251337,0.9919137466307277,187,"[""du"", ""pl"", ""sg""]","[[1, 2, 0], [0, 4, 0], [0, 3, 184]]"
llama-3.2-1b,metadata_free_prompt_final,number,random,3,NOUN,du,1.0,0.5,0.6666666666666666,6,"[""du"", ""pl"", ""sg""]","[[3, 2, 1], [0, 116, 7], [0, 9, 423]]"
llama-3.2-1b,metadata_free_prompt_final,number,random,3,NOUN,pl,0.9133858267716536,0.943089430894309,0.928,123,"[""du"", ""pl"", ""sg""]","[[3, 2, 1], [0, 116, 7], [0, 9, 423]]"
llama-3.2-1b,metadata_free_prompt_final,number,random,3,NOUN,sg,0.9814385150812065,0.9791666666666666,0.9803012746234068,432,"[""du"", ""pl"", ""sg""]","[[3, 2, 1], [0, 116, 7], [0, 9, 423]]"
llama-3.2-1b,metadata_free_prompt_final,number,random,3,VERB,du,0.0,0.0,0.0,0,"[""du"", ""pl"", ""sg""]","[[0, 0, 0], [1, 10, 2], [0, 0, 172]]"
llama-3.2-1b,metadata_free_prompt_final,number,random,3,VERB,pl,1.0,0.7692307692307693,0.8695652173913043,13,"[""du"", ""pl"", ""sg""]","[[0, 0, 0], [1, 10, 2], [0, 0, 172]]"
llama-3.2-1b,metadata_free_prompt_final,number,random,3,VERB,sg,0.9885057471264368,1.0,0.9942196531791907,172,"[""du"", ""pl"", ""sg""]","[[0, 0, 0], [1, 10, 2], [0, 0, 172]]"
llama-3.2-1b,metadata_free_prompt_final,number,random,3,all,du,0.8,0.4444444444444444,0.5714285714285714,9,"[""du"", ""pl"", ""sg""]","[[4, 4, 1], [1, 130, 9], [0, 12, 779]]"
llama-3.2-1b,metadata_free_prompt_final,number,random,3,all,pl,0.8904109589041096,0.9285714285714286,0.9090909090909091,140,"[""du"", ""pl"", ""sg""]","[[4, 4, 1], [1, 130, 9], [0, 12, 779]]"
llama-3.2-1b,metadata_free_prompt_final,number,random,3,all,sg,0.9873257287705957,0.9848293299620733,0.9860759493670886,791,"[""du"", ""pl"", ""sg""]","[[4, 4, 1], [1, 130, 9], [0, 12, 779]]"
llama-3.2-1b,metadata_free_prompt_final,number,random,4,ADJ,du,0.0,0.0,0.0,0,"[""du"", ""pl"", ""sg""]","[[0, 0, 0], [0, 3, 1], [1, 3, 165]]"
llama-3.2-1b,metadata_free_prompt_final,number,random,4,ADJ,pl,0.5,0.75,0.6,4,"[""du"", ""pl"", ""sg""]","[[0, 0, 0], [0, 3, 1], [1, 3, 165]]"
llama-3.2-1b,metadata_free_prompt_final,number,random,4,ADJ,sg,0.9939759036144579,0.9763313609467456,0.9850746268656716,169,"[""du"", ""pl"", ""sg""]","[[0, 0, 0], [0, 3, 1], [1, 3, 165]]"
llama-3.2-1b,metadata_free_prompt_final,number,random,4,NOUN,du,0.7,1.0,0.8235294117647058,7,"[""du"", ""pl"", ""sg""]","[[7, 0, 0], [0, 115, 12], [3, 7, 473]]"
llama-3.2-1b,metadata_free_prompt_final,number,random,4,NOUN,pl,0.9426229508196722,0.905511811023622,0.9236947791164659,127,"[""du"", ""pl"", ""sg""]","[[7, 0, 0], [0, 115, 12], [3, 7, 473]]"
llama-3.2-1b,metadata_free_prompt_final,number,random,4,NOUN,sg,0.9752577319587629,0.979296066252588,0.9772727272727273,483,"[""du"", ""pl"", ""sg""]","[[7, 0, 0], [0, 115, 12], [3, 7, 473]]"
llama-3.2-1b,metadata_free_prompt_final,number,random,4,VERB,du,0.5,0.5,0.5,2,"[""du"", ""pl"", ""sg""]","[[1, 0, 1], [0, 7, 2], [1, 2, 135]]"
llama-3.2-1b,metadata_free_prompt_final,number,random,4,VERB,pl,0.7777777777777778,0.7777777777777778,0.7777777777777778,9,"[""du"", ""pl"", ""sg""]","[[1, 0, 1], [0, 7, 2], [1, 2, 135]]"
llama-3.2-1b,metadata_free_prompt_final,number,random,4,VERB,sg,0.9782608695652174,0.9782608695652174,0.9782608695652174,138,"[""du"", ""pl"", ""sg""]","[[1, 0, 1], [0, 7, 2], [1, 2, 135]]"
llama-3.2-1b,metadata_free_prompt_final,number,random,4,all,du,0.6153846153846154,0.8888888888888888,0.7272727272727273,9,"[""du"", ""pl"", ""sg""]","[[8, 0, 1], [0, 125, 15], [5, 12, 773]]"
llama-3.2-1b,metadata_free_prompt_final,number,random,4,all,pl,0.9124087591240876,0.8928571428571429,0.9025270758122743,140,"[""du"", ""pl"", ""sg""]","[[8, 0, 1], [0, 125, 15], [5, 12, 773]]"
llama-3.2-1b,metadata_free_prompt_final,number,random,4,all,sg,0.9797211660329531,0.9784810126582278,0.9791006966434452,790,"[""du"", ""pl"", ""sg""]","[[8, 0, 1], [0, 125, 15], [5, 12, 773]]"
llama-3.2-1b,metadata_free_prompt_final,number,root-heldout,0,ADJ,du,0.0,0.0,0.0,1,"[""du"", ""pl"", ""sg""]","[[0, 1, 0], [1, 1, 1], [0, 26, 251]]"
llama-3.2-1b,metadata_free_prompt_final,number,root-heldout,0,ADJ,pl,0.03571428571428571,0.3333333333333333,0.06451612903225806,3,"[""du"", ""pl"", ""sg""]","[[0, 1, 0], [1, 1, 1], [0, 26, 251]]"
llama-3.2-1b,metadata_free_prompt_final,number,root-heldout,0,ADJ,sg,0.996031746031746,0.9061371841155235,0.9489603024574669,277,"[""du"", ""pl"", ""sg""]","[[0, 1, 0], [1, 1, 1], [0, 26, 251]]"
llama-3.2-1b,metadata_free_prompt_final,number,root-heldout,0,NOUN,du,0.5,0.2,0.2857142857142857,5,"[""du"", ""pl"", ""sg""]","[[1, 2, 2], [0, 79, 25], [1, 70, 349]]"
llama-3.2-1b,metadata_free_prompt_final,number,root-heldout,0,NOUN,pl,0.5231788079470199,0.7596153846153846,0.6196078431372549,104,"[""du"", ""pl"", ""sg""]","[[1, 2, 2], [0, 79, 25], [1, 70, 349]]"
llama-3.2-1b,metadata_free_prompt_final,number,root-heldout,0,NOUN,sg,0.9281914893617021,0.830952380952381,0.8768844221105527,420,"[""du"", ""pl"", ""sg""]","[[1, 2, 2], [0, 79, 25], [1, 70, 349]]"
llama-3.2-1b,metadata_free_prompt_final,number,root-heldout,0,VERB,du,0.25,1.0,0.4,1,"[""du"", ""pl"", ""sg""]","[[1, 0, 0], [2, 11, 1], [1, 6, 108]]"
llama-3.2-1b,metadata_free_prompt_final,number,root-heldout,0,VERB,pl,0.6470588235294118,0.7857142857142857,0.7096774193548387,14,"[""du"", ""pl"", ""sg""]","[[1, 0, 0], [2, 11, 1], [1, 6, 108]]"
llama-3.2-1b,metadata_free_prompt_final,number,root-heldout,0,VERB,sg,0.9908256880733946,0.9391304347826087,0.9642857142857143,115,"[""du"", ""pl"", ""sg""]","[[1, 0, 0], [2, 11, 1], [1, 6, 108]]"
llama-3.2-1b,metadata_free_prompt_final,number,root-heldout,0,all,du,0.2857142857142857,0.2857142857142857,0.2857142857142857,7,"[""du"", ""pl"", ""sg""]","[[2, 3, 2], [3, 91, 27], [2, 102, 708]]"
llama-3.2-1b,metadata_free_prompt_final,number,root-heldout,0,all,pl,0.4642857142857143,0.7520661157024794,0.5741324921135647,121,"[""du"", ""pl"", ""sg""]","[[2, 3, 2], [3, 91, 27], [2, 102, 708]]"
llama-3.2-1b,metadata_free_prompt_final,number,root-heldout,0,all,sg,0.9606512890094979,0.8719211822660099,0.9141381536475145,812,"[""du"", ""pl"", ""sg""]","[[2, 3, 2], [3, 91, 27], [2, 102, 708]]"
llama-3.2-1b,metadata_free_prompt_final,number,root-heldout,1,ADJ,du,1.0,1.0,1.0,2,"[""du"", ""pl"", ""sg""]","[[2, 0, 0], [0, 1, 0], [0, 11, 185]]"
llama-3.2-1b,metadata_free_prompt_final,number,root-heldout,1,ADJ,pl,0.08333333333333333,1.0,0.15384615384615385,1,"[""du"", ""pl"", ""sg""]","[[2, 0, 0], [0, 1, 0], [0, 11, 185]]"
llama-3.2-1b,metadata_free_prompt_final,number,root-heldout,1,ADJ,sg,1.0,0.9438775510204082,0.9711286089238845,196,"[""du"", ""pl"", ""sg""]","[[2, 0, 0], [0, 1, 0], [0, 11, 185]]"
llama-3.2-1b,metadata_free_prompt_final,number,root-heldout,1,NOUN,du,0.125,0.14285714285714285,0.13333333333333333,7,"[""du"", ""pl"", ""sg""]","[[1, 1, 5], [1, 77, 8], [6, 15, 486]]"
llama-3.2-1b,metadata_free_prompt_final,number,root-heldout,1,NOUN,pl,0.8279569892473119,0.8953488372093024,0.8603351955307262,86,"[""du"", ""pl"", ""sg""]","[[1, 1, 5], [1, 77, 8], [6, 15, 486]]"
llama-3.2-1b,metadata_free_prompt_final,number,root-heldout,1,NOUN,sg,0.9739478957915831,0.9585798816568047,0.9662027833001988,507,"[""du"", ""pl"", ""sg""]","[[1, 1, 5], [1, 77, 8], [6, 15, 486]]"
llama-3.2-1b,metadata_free_prompt_final,number,root-heldout,1,VERB,du,0.0,0.0,0.0,2,"[""du"", ""pl"", ""sg""]","[[0, 1, 1], [0, 7, 1], [0, 4, 127]]"
llama-3.2-1b,metadata_free_prompt_final,number,root-heldout,1,VERB,pl,0.5833333333333334,0.875,0.7,8,"[""du"", ""pl"", ""sg""]","[[0, 1, 1], [0, 7, 1], [0, 4, 127]]"
llama-3.2-1b,metadata_free_prompt_final,number,root-heldout,1,VERB,sg,0.9844961240310077,0.9694656488549618,0.9769230769230769,131,"[""du"", ""pl"", ""sg""]","[[0, 1, 1], [0, 7, 1], [0, 4, 127]]"
llama-3.2-1b,metadata_free_prompt_final,number,root-heldout,1,all,du,0.3,0.2727272727272727,0.2857142857142857,11,"[""du"", ""pl"", ""sg""]","[[3, 2, 6], [1, 85, 9], [6, 30, 798]]"
llama-3.2-1b,metadata_free_prompt_final,number,root-heldout,1,all,pl,0.7264957264957265,0.8947368421052632,0.8018867924528302,95,"[""du"", ""pl"", ""sg""]","[[3, 2, 6], [1, 85, 9], [6, 30, 798]]"
llama-3.2-1b,metadata_free_prompt_final,number,root-heldout,1,all,sg,0.981549815498155,0.9568345323741008,0.9690346083788707,834,"[""du"", ""pl"", ""sg""]","[[3, 2, 6], [1, 85, 9], [6, 30, 798]]"
llama-3.2-1b,metadata_free_prompt_final,number,root-heldout,2,ADJ,du,0.0,0.0,0.0,0,"[""du"", ""pl"", ""sg""]","[[0, 0, 0], [1, 4, 1], [7, 23, 143]]"
llama-3.2-1b,metadata_free_prompt_final,number,root-heldout,2,ADJ,pl,0.14814814814814814,0.6666666666666666,0.24242424242424243,6,"[""du"", ""pl"", ""sg""]","[[0, 0, 0], [1, 4, 1], [7, 23, 143]]"
llama-3.2-1b,metadata_free_prompt_final,number,root-heldout,2,ADJ,sg,0.9930555555555556,0.8265895953757225,0.9022082018927445,173,"[""du"", ""pl"", ""sg""]","[[0, 0, 0], [1, 4, 1], [7, 23, 143]]"
llama-3.2-1b,metadata_free_prompt_final,number,root-heldout,2,NOUN,du,1.0,0.5,0.6666666666666666,2,"[""du"", ""pl"", ""sg""]","[[1, 1, 0], [0, 111, 33], [0, 42, 400]]"
llama-3.2-1b,metadata_free_prompt_final,number,root-heldout,2,NOUN,pl,0.7207792207792207,0.7708333333333334,0.7449664429530202,144,"[""du"", ""pl"", ""sg""]","[[1, 1, 0], [0, 111, 33], [0, 42, 400]]"
llama-3.2-1b,metadata_free_prompt_final,number,root-heldout,2,NOUN,sg,0.9237875288683602,0.9049773755656109,0.9142857142857143,442,"[""du"", ""pl"", ""sg""]","[[1, 1, 0], [0, 111, 33], [0, 42, 400]]"
llama-3.2-1b,metadata_free_prompt_final,number,root-heldout,2,VERB,du,0.0,0.0,0.0,2,"[""du"", ""pl"", ""sg""]","[[0, 0, 2], [0, 11, 0], [1, 20, 139]]"
llama-3.2-1b,metadata_free_prompt_final,number,root-heldout,2,VERB,pl,0.3548387096774194,1.0,0.5238095238095238,11,"[""du"", ""pl"", ""sg""]","[[0, 0, 2], [0, 11, 0], [1, 20, 139]]"
llama-3.2-1b,metadata_free_prompt_final,number,root-heldout,2,VERB,sg,0.9858156028368794,0.86875,0.9235880398671097,160,"[""du"", ""pl"", ""sg""]","[[0, 0, 2], [0, 11, 0], [1, 20, 139]]"
llama-3.2-1b,metadata_free_prompt_final,number,root-heldout,2,all,du,0.1,0.25,0.14285714285714285,4,"[""du"", ""pl"", ""sg""]","[[1, 1, 2], [1, 126, 34], [8, 85, 682]]"
llama-3.2-1b,metadata_free_prompt_final,number,root-heldout,2,all,pl,0.5943396226415094,0.782608695652174,0.675603217158177,161,"[""du"", ""pl"", ""sg""]","[[1, 1, 2], [1, 126, 34], [8, 85, 682]]"
llama-3.2-1b,metadata_free_prompt_final,number,root-heldout,2,all,sg,0.9498607242339833,0.88,0.9135967849966511,775,"[""du"", ""pl"", ""sg""]","[[1, 1, 2], [1, 126, 34], [8, 85, 682]]"
llama-3.2-1b,metadata_free_prompt_final,number,root-heldout,3,ADJ,du,0.0,0.0,0.0,2,"[""du"", ""pl"", ""sg""]","[[0, 1, 1], [0, 5, 1], [0, 4, 111]]"
llama-3.2-1b,metadata_free_prompt_final,number,root-heldout,3,ADJ,pl,0.5,0.8333333333333334,0.625,6,"[""du"", ""pl"", ""sg""]","[[0, 1, 1], [0, 5, 1], [0, 4, 111]]"
llama-3.2-1b,metadata_free_prompt_final,number,root-heldout,3,ADJ,sg,0.9823008849557522,0.9652173913043478,0.9736842105263158,115,"[""du"", ""pl"", ""sg""]","[[0, 1, 1], [0, 5, 1], [0, 4, 111]]"
llama-3.2-1b,metadata_free_prompt_final,number,root-heldout,3,NOUN,du,0.0,0.0,0.0,11,"[""du"", ""pl"", ""sg""]","[[0, 11, 0], [0, 120, 17], [2, 36, 451]]"
llama-3.2-1b,metadata_free_prompt_final,number,root-heldout,3,NOUN,pl,0.718562874251497,0.8759124087591241,0.7894736842105263,137,"[""du"", ""pl"", ""sg""]","[[0, 11, 0], [0, 120, 17], [2, 36, 451]]"
llama-3.2-1b,metadata_free_prompt_final,number,root-heldout,3,NOUN,sg,0.9636752136752137,0.9222903885480572,0.9425287356321839,489,"[""du"", ""pl"", ""sg""]","[[0, 11, 0], [0, 120, 17], [2, 36, 451]]"
llama-3.2-1b,metadata_free_prompt_final,number,root-heldout,3,VERB,du,0.0,0.0,0.0,1,"[""du"", ""pl"", ""sg""]","[[0, 1, 0], [0, 7, 1], [0, 17, 154]]"
llama-3.2-1b,metadata_free_prompt_final,number,root-heldout,3,VERB,pl,0.28,0.875,0.42424242424242425,8,"[""du"", ""pl"", ""sg""]","[[0, 1, 0], [0, 7, 1], [0, 17, 154]]"
llama-3.2-1b,metadata_free_prompt_final,number,root-heldout,3,VERB,sg,0.9935483870967742,0.9005847953216374,0.9447852760736196,171,"[""du"", ""pl"", ""sg""]","[[0, 1, 0], [0, 7, 1], [0, 17, 154]]"
llama-3.2-1b,metadata_free_prompt_final,number,root-heldout,3,all,du,0.0,0.0,0.0,14,"[""du"", ""pl"", ""sg""]","[[0, 13, 1], [0, 132, 19], [2, 57, 716]]"
llama-3.2-1b,metadata_free_prompt_final,number,root-heldout,3,all,pl,0.6534653465346535,0.8741721854304636,0.7478753541076487,151,"[""du"", ""pl"", ""sg""]","[[0, 13, 1], [0, 132, 19], [2, 57, 716]]"
llama-3.2-1b,metadata_free_prompt_final,number,root-heldout,3,all,sg,0.9728260869565217,0.9238709677419354,0.9477167438782264,775,"[""du"", ""pl"", ""sg""]","[[0, 13, 1], [0, 132, 19], [2, 57, 716]]"
llama-3.2-1b,metadata_free_prompt_final,number,root-heldout,4,ADJ,pl,0.25,1.0,0.4,2,"[""pl"", ""sg""]","[[2, 0], [6, 119]]"
llama-3.2-1b,metadata_free_prompt_final,number,root-heldout,4,ADJ,sg,1.0,0.952,0.9754098360655737,125,"[""pl"", ""sg""]","[[2, 0], [6, 119]]"
llama-3.2-1b,metadata_free_prompt_final,number,root-heldout,4,NOUN,du,0.2857142857142857,0.5,0.36363636363636365,8,"[""du"", ""pl"", ""sg""]","[[4, 3, 1], [1, 125, 34], [9, 71, 354]]"
llama-3.2-1b,metadata_free_prompt_final,number,root-heldout,4,NOUN,pl,0.628140703517588,0.78125,0.6963788300835655,160,"[""du"", ""pl"", ""sg""]","[[4, 3, 1], [1, 125, 34], [9, 71, 354]]"
llama-3.2-1b,metadata_free_prompt_final,number,root-heldout,4,NOUN,sg,0.910025706940874,0.815668202764977,0.8602673147023087,434,"[""du"", ""pl"", ""sg""]","[[4, 3, 1], [1, 125, 34], [9, 71, 354]]"
llama-3.2-1b,metadata_free_prompt_final,number,root-heldout,4,VERB,du,1.0,1.0,1.0,1,"[""du"", ""pl"", ""sg""]","[[1, 0, 0], [0, 6, 4], [0, 17, 182]]"
llama-3.2-1b,metadata_free_prompt_final,number,root-heldout,4,VERB,pl,0.2608695652173913,0.6,0.36363636363636365,10,"[""du"", ""pl"", ""sg""]","[[1, 0, 0], [0, 6, 4], [0, 17, 182]]"
llama-3.2-1b,metadata_free_prompt_final,number,root-heldout,4,VERB,sg,0.978494623655914,0.914572864321608,0.9454545454545454,199,"[""du"", ""pl"", ""sg""]","[[1, 0, 0], [0, 6, 4], [0, 17, 182]]"
llama-3.2-1b,metadata_free_prompt_final,number,root-heldout,4,all,du,0.3333333333333333,0.5555555555555556,0.4166666666666667,9,"[""du"", ""pl"", ""sg""]","[[5, 3, 1], [1, 133, 38], [9, 94, 655]]"
llama-3.2-1b,metadata_free_prompt_final,number,root-heldout,4,all,pl,0.5782608695652174,0.7732558139534884,0.6616915422885572,172,"[""du"", ""pl"", ""sg""]","[[5, 3, 1], [1, 133, 38], [9, 94, 655]]"
llama-3.2-1b,metadata_free_prompt_final,number,root-heldout,4,all,sg,0.9438040345821326,0.8641160949868074,0.9022038567493113,758,"[""du"", ""pl"", ""sg""]","[[5, 3, 1], [1, 133, 38], [9, 94, 655]]"
llama-3.2-1b,metadata_free_prompt_final,pos,lemma-heldout,0,ADJ,ADJ,1.0,0.7758620689655172,0.8737864077669902,174,"[""ADJ"", ""NOUN"", ""VERB""]","[[135, 37, 2], [0, 0, 0], [0, 0, 0]]"
llama-3.2-1b,metadata_free_prompt_final,pos,lemma-heldout,0,ADJ,NOUN,0.0,0.0,0.0,0,"[""ADJ"", ""NOUN"", ""VERB""]","[[135, 37, 2], [0, 0, 0], [0, 0, 0]]"
llama-3.2-1b,metadata_free_prompt_final,pos,lemma-heldout,0,ADJ,VERB,0.0,0.0,0.0,0,"[""ADJ"", ""NOUN"", ""VERB""]","[[135, 37, 2], [0, 0, 0], [0, 0, 0]]"
llama-3.2-1b,metadata_free_prompt_final,pos,lemma-heldout,0,NOUN,ADJ,0.0,0.0,0.0,0,"[""ADJ"", ""NOUN"", ""VERB""]","[[0, 0, 0], [109, 504, 35], [0, 0, 0]]"
llama-3.2-1b,metadata_free_prompt_final,pos,lemma-heldout,0,NOUN,NOUN,1.0,0.7777777777777778,0.875,648,"[""ADJ"", ""NOUN"", ""VERB""]","[[0, 0, 0], [109, 504, 35], [0, 0, 0]]"
llama-3.2-1b,metadata_free_prompt_final,pos,lemma-heldout,0,NOUN,VERB,0.0,0.0,0.0,0,"[""ADJ"", ""NOUN"", ""VERB""]","[[0, 0, 0], [109, 504, 35], [0, 0, 0]]"
llama-3.2-1b,metadata_free_prompt_final,pos,lemma-heldout,0,VERB,ADJ,0.0,0.0,0.0,0,"[""ADJ"", ""NOUN"", ""VERB""]","[[0, 0, 0], [0, 0, 0], [3, 22, 94]]"
llama-3.2-1b,metadata_free_prompt_final,pos,lemma-heldout,0,VERB,NOUN,0.0,0.0,0.0,0,"[""ADJ"", ""NOUN"", ""VERB""]","[[0, 0, 0], [0, 0, 0], [3, 22, 94]]"
llama-3.2-1b,metadata_free_prompt_final,pos,lemma-heldout,0,VERB,VERB,1.0,0.7899159663865546,0.8826291079812206,119,"[""ADJ"", ""NOUN"", ""VERB""]","[[0, 0, 0], [0, 0, 0], [3, 22, 94]]"
llama-3.2-1b,metadata_free_prompt_final,pos,lemma-heldout,0,all,ADJ,0.5465587044534413,0.7758620689655172,0.6413301662707839,174,"[""ADJ"", ""NOUN"", ""VERB""]","[[135, 37, 2], [109, 504, 35], [3, 22, 94]]"
llama-3.2-1b,metadata_free_prompt_final,pos,lemma-heldout,0,all,NOUN,0.8952042628774423,0.7777777777777778,0.8323699421965318,648,"[""ADJ"", ""NOUN"", ""VERB""]","[[135, 37, 2], [109, 504, 35], [3, 22, 94]]"
llama-3.2-1b,metadata_free_prompt_final,pos,lemma-heldout,0,all,VERB,0.7175572519083969,0.7899159663865546,0.752,119,"[""ADJ"", ""NOUN"", ""VERB""]","[[135, 37, 2], [109, 504, 35], [3, 22, 94]]"
llama-3.2-1b,metadata_free_prompt_final,pos,lemma-heldout,1,ADJ,ADJ,1.0,0.4975845410628019,0.6645161290322581,207,"[""ADJ"", ""NOUN"", ""VERB""]","[[103, 89, 15], [0, 0, 0], [0, 0, 0]]"
llama-3.2-1b,metadata_free_prompt_final,pos,lemma-heldout,1,ADJ,NOUN,0.0,0.0,0.0,0,"[""ADJ"", ""NOUN"", ""VERB""]","[[103, 89, 15], [0, 0, 0], [0, 0, 0]]"
llama-3.2-1b,metadata_free_prompt_final,pos,lemma-heldout,1,ADJ,VERB,0.0,0.0,0.0,0,"[""ADJ"", ""NOUN"", ""VERB""]","[[103, 89, 15], [0, 0, 0], [0, 0, 0]]"
llama-3.2-1b,metadata_free_prompt_final,pos,lemma-heldout,1,NOUN,ADJ,0.0,0.0,0.0,0,"[""ADJ"", ""NOUN"", ""VERB""]","[[0, 0, 0], [72, 441, 50], [0, 0, 0]]"
llama-3.2-1b,metadata_free_prompt_final,pos,lemma-heldout,1,NOUN,NOUN,1.0,0.783303730017762,0.8784860557768924,563,"[""ADJ"", ""NOUN"", ""VERB""]","[[0, 0, 0], [72, 441, 50], [0, 0, 0]]"
llama-3.2-1b,metadata_free_prompt_final,pos,lemma-heldout,1,NOUN,VERB,0.0,0.0,0.0,0,"[""ADJ"", ""NOUN"", ""VERB""]","[[0, 0, 0], [72, 441, 50], [0, 0, 0]]"
llama-3.2-1b,metadata_free_prompt_final,pos,lemma-heldout,1,VERB,ADJ,0.0,0.0,0.0,0,"[""ADJ"", ""NOUN"", ""VERB""]","[[0, 0, 0], [0, 0, 0], [3, 49, 118]]"
llama-3.2-1b,metadata_free_prompt_final,pos,lemma-heldout,1,VERB,NOUN,0.0,0.0,0.0,0,"[""ADJ"", ""NOUN"", ""VERB""]","[[0, 0, 0], [0, 0, 0], [3, 49, 118]]"
llama-3.2-1b,metadata_free_prompt_final,pos,lemma-heldout,1,VERB,VERB,1.0,0.6941176470588235,0.8194444444444444,170,"[""ADJ"", ""NOUN"", ""VERB""]","[[0, 0, 0], [0, 0, 0], [3, 49, 118]]"
llama-3.2-1b,metadata_free_prompt_final,pos,lemma-heldout,1,all,ADJ,0.5786516853932584,0.4975845410628019,0.535064935064935,207,"[""ADJ"", ""NOUN"", ""VERB""]","[[103, 89, 15], [72, 441, 50], [3, 49, 118]]"
llama-3.2-1b,metadata_free_prompt_final,pos,lemma-heldout,1,all,NOUN,0.7616580310880829,0.783303730017762,0.7723292469352014,563,"[""ADJ"", ""NOUN"", ""VERB""]","[[103, 89, 15], [72, 441, 50], [3, 49, 118]]"
llama-3.2-1b,metadata_free_prompt_final,pos,lemma-heldout,1,all,VERB,0.644808743169399,0.6941176470588235,0.6685552407932012,170,"[""ADJ"", ""NOUN"", ""VERB""]","[[103, 89, 15], [72, 441, 50], [3, 49, 118]]"
llama-3.2-1b,metadata_free_prompt_final,pos,lemma-heldout,2,ADJ,ADJ,1.0,0.676056338028169,0.8067226890756303,142,"[""ADJ"", ""NOUN"", ""VERB""]","[[96, 43, 3], [0, 0, 0], [0, 0, 0]]"
llama-3.2-1b,metadata_free_prompt_final,pos,lemma-heldout,2,ADJ,NOUN,0.0,0.0,0.0,0,"[""ADJ"", ""NOUN"", ""VERB""]","[[96, 43, 3], [0, 0, 0], [0, 0, 0]]"
llama-3.2-1b,metadata_free_prompt_final,pos,lemma-heldout,2,ADJ,VERB,0.0,0.0,0.0,0,"[""ADJ"", ""NOUN"", ""VERB""]","[[96, 43, 3], [0, 0, 0], [0, 0, 0]]"
llama-3.2-1b,metadata_free_prompt_final,pos,lemma-heldout,2,NOUN,ADJ,0.0,0.0,0.0,0,"[""ADJ"", ""NOUN"", ""VERB""]","[[0, 0, 0], [153, 429, 18], [0, 0, 0]]"
llama-3.2-1b,metadata_free_prompt_final,pos,lemma-heldout,2,NOUN,NOUN,1.0,0.715,0.8338192419825073,600,"[""ADJ"", ""NOUN"", ""VERB""]","[[0, 0, 0], [153, 429, 18], [0, 0, 0]]"
llama-3.2-1b,metadata_free_prompt_final,pos,lemma-heldout,2,NOUN,VERB,0.0,0.0,0.0,0,"[""ADJ"", ""NOUN"", ""VERB""]","[[0, 0, 0], [153, 429, 18], [0, 0, 0]]"
llama-3.2-1b,metadata_free_prompt_final,pos,lemma-heldout,2,VERB,ADJ,0.0,0.0,0.0,0,"[""ADJ"", ""NOUN"", ""VERB""]","[[0, 0, 0], [0, 0, 0], [25, 20, 153]]"
llama-3.2-1b,metadata_free_prompt_final,pos,lemma-heldout,2,VERB,NOUN,0.0,0.0,0.0,0,"[""ADJ"", ""NOUN"", ""VERB""]","[[0, 0, 0], [0, 0, 0], [25, 20, 153]]"
llama-3.2-1b,metadata_free_prompt_final,pos,lemma-heldout,2,VERB,VERB,1.0,0.7727272727272727,0.8717948717948718,198,"[""ADJ"", ""NOUN"", ""VERB""]","[[0, 0, 0], [0, 0, 0], [25, 20, 153]]"
llama-3.2-1b,metadata_free_prompt_final,pos,lemma-heldout,2,all,ADJ,0.35036496350364965,0.676056338028169,0.46153846153846156,142,"[""ADJ"", ""NOUN"", ""VERB""]","[[96, 43, 3], [153, 429, 18], [25, 20, 153]]"
llama-3.2-1b,metadata_free_prompt_final,pos,lemma-heldout,2,all,NOUN,0.8719512195121951,0.715,0.7857142857142857,600,"[""ADJ"", ""NOUN"", ""VERB""]","[[96, 43, 3], [153, 429, 18], [25, 20, 153]]"
llama-3.2-1b,metadata_free_prompt_final,pos,lemma-heldout,2,all,VERB,0.8793103448275862,0.7727272727272727,0.8225806451612904,198,"[""ADJ"", ""NOUN"", ""VERB""]","[[96, 43, 3], [153, 429, 18], [25, 20, 153]]"
llama-3.2-1b,metadata_free_prompt_final,pos,lemma-heldout,3,ADJ,ADJ,1.0,0.7419354838709677,0.8518518518518519,186,"[""ADJ"", ""NOUN"", ""VERB""]","[[138, 47, 1], [0, 0, 0], [0, 0, 0]]"
llama-3.2-1b,metadata_free_prompt_final,pos,lemma-heldout,3,ADJ,NOUN,0.0,0.0,0.0,0,"[""ADJ"", ""NOUN"", ""VERB""]","[[138, 47, 1], [0, 0, 0], [0, 0, 0]]"
llama-3.2-1b,metadata_free_prompt_final,pos,lemma-heldout,3,ADJ,VERB,0.0,0.0,0.0,0,"[""ADJ"", ""NOUN"", ""VERB""]","[[138, 47, 1], [0, 0, 0], [0, 0, 0]]"
llama-3.2-1b,metadata_free_prompt_final,pos,lemma-heldout,3,NOUN,ADJ,0.0,0.0,0.0,0,"[""ADJ"", ""NOUN"", ""VERB""]","[[0, 0, 0], [142, 407, 48], [0, 0, 0]]"
llama-3.2-1b,metadata_free_prompt_final,pos,lemma-heldout,3,NOUN,NOUN,1.0,0.6817420435510888,0.8107569721115537,597,"[""ADJ"", ""NOUN"", ""VERB""]","[[0, 0, 0], [142, 407, 48], [0, 0, 0]]"
llama-3.2-1b,metadata_free_prompt_final,pos,lemma-heldout,3,NOUN,VERB,0.0,0.0,0.0,0,"[""ADJ"", ""NOUN"", ""VERB""]","[[0, 0, 0], [142, 407, 48], [0, 0, 0]]"
llama-3.2-1b,metadata_free_prompt_final,pos,lemma-heldout,3,VERB,ADJ,0.0,0.0,0.0,0,"[""ADJ"", ""NOUN"", ""VERB""]","[[0, 0, 0], [0, 0, 0], [15, 44, 98]]"
llama-3.2-1b,metadata_free_prompt_final,pos,lemma-heldout,3,VERB,NOUN,0.0,0.0,0.0,0,"[""ADJ"", ""NOUN"", ""VERB""]","[[0, 0, 0], [0, 0, 0], [15, 44, 98]]"
llama-3.2-1b,metadata_free_prompt_final,pos,lemma-heldout,3,VERB,VERB,1.0,0.6242038216560509,0.7686274509803922,157,"[""ADJ"", ""NOUN"", ""VERB""]","[[0, 0, 0], [0, 0, 0], [15, 44, 98]]"
llama-3.2-1b,metadata_free_prompt_final,pos,lemma-heldout,3,all,ADJ,0.46779661016949153,0.7419354838709677,0.5738045738045738,186,"[""ADJ"", ""NOUN"", ""VERB""]","[[138, 47, 1], [142, 407, 48], [15, 44, 98]]"
llama-3.2-1b,metadata_free_prompt_final,pos,lemma-heldout,3,all,NOUN,0.8172690763052208,0.6817420435510888,0.7433789954337899,597,"[""ADJ"", ""NOUN"", ""VERB""]","[[138, 47, 1], [142, 407, 48], [15, 44, 98]]"
llama-3.2-1b,metadata_free_prompt_final,pos,lemma-heldout,3,all,VERB,0.6666666666666666,0.6242038216560509,0.6447368421052632,157,"[""ADJ"", ""NOUN"", ""VERB""]","[[138, 47, 1], [142, 407, 48], [15, 44, 98]]"
llama-3.2-1b,metadata_free_prompt_final,pos,lemma-heldout,4,ADJ,ADJ,1.0,0.6268656716417911,0.7706422018348624,201,"[""ADJ"", ""NOUN"", ""VERB""]","[[126, 72, 3], [0, 0, 0], [0, 0, 0]]"
llama-3.2-1b,metadata_free_prompt_final,pos,lemma-heldout,4,ADJ,NOUN,0.0,0.0,0.0,0,"[""ADJ"", ""NOUN"", ""VERB""]","[[126, 72, 3], [0, 0, 0], [0, 0, 0]]"
llama-3.2-1b,metadata_free_prompt_final,pos,lemma-heldout,4,ADJ,VERB,0.0,0.0,0.0,0,"[""ADJ"", ""NOUN"", ""VERB""]","[[126, 72, 3], [0, 0, 0], [0, 0, 0]]"
llama-3.2-1b,metadata_free_prompt_final,pos,lemma-heldout,4,NOUN,ADJ,0.0,0.0,0.0,0,"[""ADJ"", ""NOUN"", ""VERB""]","[[0, 0, 0], [88, 429, 32], [0, 0, 0]]"
llama-3.2-1b,metadata_free_prompt_final,pos,lemma-heldout,4,NOUN,NOUN,1.0,0.7814207650273224,0.8773006134969326,549,"[""ADJ"", ""NOUN"", ""VERB""]","[[0, 0, 0], [88, 429, 32], [0, 0, 0]]"
llama-3.2-1b,metadata_free_prompt_final,pos,lemma-heldout,4,NOUN,VERB,0.0,0.0,0.0,0,"[""ADJ"", ""NOUN"", ""VERB""]","[[0, 0, 0], [88, 429, 32], [0, 0, 0]]"
llama-3.2-1b,metadata_free_prompt_final,pos,lemma-heldout,4,VERB,ADJ,0.0,0.0,0.0,0,"[""ADJ"", ""NOUN"", ""VERB""]","[[0, 0, 0], [0, 0, 0], [2, 52, 136]]"
llama-3.2-1b,metadata_free_prompt_final,pos,lemma-heldout,4,VERB,NOUN,0.0,0.0,0.0,0,"[""ADJ"", ""NOUN"", ""VERB""]","[[0, 0, 0], [0, 0, 0], [2, 52, 136]]"
llama-3.2-1b,metadata_free_prompt_final,pos,lemma-heldout,4,VERB,VERB,1.0,0.7157894736842105,0.8343558282208589,190,"[""ADJ"", ""NOUN"", ""VERB""]","[[0, 0, 0], [0, 0, 0], [2, 52, 136]]"
llama-3.2-1b,metadata_free_prompt_final,pos,lemma-heldout,4,all,ADJ,0.5833333333333334,0.6268656716417911,0.60431654676259,201,"[""ADJ"", ""NOUN"", ""VERB""]","[[126, 72, 3], [88, 429, 32], [2, 52, 136]]"
llama-3.2-1b,metadata_free_prompt_final,pos,lemma-heldout,4,all,NOUN,0.7757685352622061,0.7814207650273224,0.778584392014519,549,"[""ADJ"", ""NOUN"", ""VERB""]","[[126, 72, 3], [88, 429, 32], [2, 52, 136]]"
llama-3.2-1b,metadata_free_prompt_final,pos,lemma-heldout,4,all,VERB,0.7953216374269005,0.7157894736842105,0.7534626038781164,190,"[""ADJ"", ""NOUN"", ""VERB""]","[[126, 72, 3], [88, 429, 32], [2, 52, 136]]"
llama-3.2-1b,metadata_free_prompt_final,pos,random,0,ADJ,ADJ,1.0,0.8241758241758241,0.9036144578313253,182,"[""ADJ"", ""NOUN"", ""VERB""]","[[150, 29, 3], [0, 0, 0], [0, 0, 0]]"
llama-3.2-1b,metadata_free_prompt_final,pos,random,0,ADJ,NOUN,0.0,0.0,0.0,0,"[""ADJ"", ""NOUN"", ""VERB""]","[[150, 29, 3], [0, 0, 0], [0, 0, 0]]"
llama-3.2-1b,metadata_free_prompt_final,pos,random,0,ADJ,VERB,0.0,0.0,0.0,0,"[""ADJ"", ""NOUN"", ""VERB""]","[[150, 29, 3], [0, 0, 0], [0, 0, 0]]"
llama-3.2-1b,metadata_free_prompt_final,pos,random,0,NOUN,ADJ,0.0,0.0,0.0,0,"[""ADJ"", ""NOUN"", ""VERB""]","[[0, 0, 0], [35, 544, 13], [0, 0, 0]]"
llama-3.2-1b,metadata_free_prompt_final,pos,random,0,NOUN,NOUN,1.0,0.918918918918919,0.9577464788732394,592,"[""ADJ"", ""NOUN"", ""VERB""]","[[0, 0, 0], [35, 544, 13], [0, 0, 0]]"
llama-3.2-1b,metadata_free_prompt_final,pos,random,0,NOUN,VERB,0.0,0.0,0.0,0,"[""ADJ"", ""NOUN"", ""VERB""]","[[0, 0, 0], [35, 544, 13], [0, 0, 0]]"
llama-3.2-1b,metadata_free_prompt_final,pos,random,0,VERB,ADJ,0.0,0.0,0.0,0,"[""ADJ"", ""NOUN"", ""VERB""]","[[0, 0, 0], [0, 0, 0], [3, 26, 138]]"
llama-3.2-1b,metadata_free_prompt_final,pos,random,0,VERB,NOUN,0.0,0.0,0.0,0,"[""ADJ"", ""NOUN"", ""VERB""]","[[0, 0, 0], [0, 0, 0], [3, 26, 138]]"
llama-3.2-1b,metadata_free_prompt_final,pos,random,0,VERB,VERB,1.0,0.8263473053892215,0.9049180327868852,167,"[""ADJ"", ""NOUN"", ""VERB""]","[[0, 0, 0], [0, 0, 0], [3, 26, 138]]"
llama-3.2-1b,metadata_free_prompt_final,pos,random,0,all,ADJ,0.7978723404255319,0.8241758241758241,0.8108108108108109,182,"[""ADJ"", ""NOUN"", ""VERB""]","[[150, 29, 3], [35, 544, 13], [3, 26, 138]]"
llama-3.2-1b,metadata_free_prompt_final,pos,random,0,all,NOUN,0.9081803005008348,0.918918918918919,0.9135180520570949,592,"[""ADJ"", ""NOUN"", ""VERB""]","[[150, 29, 3], [35, 544, 13], [3, 26, 138]]"
llama-3.2-1b,metadata_free_prompt_final,pos,random,0,all,VERB,0.8961038961038961,0.8263473053892215,0.8598130841121495,167,"[""ADJ"", ""NOUN"", ""VERB""]","[[150, 29, 3], [35, 544, 13], [3, 26, 138]]"
llama-3.2-1b,metadata_free_prompt_final,pos,random,1,ADJ,ADJ,1.0,0.8791208791208791,0.935672514619883,182,"[""ADJ"", ""NOUN""]","[[160, 22], [0, 0]]"
llama-3.2-1b,metadata_free_prompt_final,pos,random,1,ADJ,NOUN,0.0,0.0,0.0,0,"[""ADJ"", ""NOUN""]","[[160, 22], [0, 0]]"
llama-3.2-1b,metadata_free_prompt_final,pos,random,1,NOUN,ADJ,0.0,0.0,0.0,0,"[""ADJ"", ""NOUN"", ""VERB""]","[[0, 0, 0], [30, 547, 15], [0, 0, 0]]"
llama-3.2-1b,metadata_free_prompt_final,pos,random,1,NOUN,NOUN,1.0,0.9239864864864865,0.9604916593503073,592,"[""ADJ"", ""NOUN"", ""VERB""]","[[0, 0, 0], [30, 547, 15], [0, 0, 0]]"
llama-3.2-1b,metadata_free_prompt_final,pos,random,1,NOUN,VERB,0.0,0.0,0.0,0,"[""ADJ"", ""NOUN"", ""VERB""]","[[0, 0, 0], [30, 547, 15], [0, 0, 0]]"
llama-3.2-1b,metadata_free_prompt_final,pos,random,1,VERB,ADJ,0.0,0.0,0.0,0,"[""ADJ"", ""NOUN"", ""VERB""]","[[0, 0, 0], [0, 0, 0], [5, 14, 147]]"
llama-3.2-1b,metadata_free_prompt_final,pos,random,1,VERB,NOUN,0.0,0.0,0.0,0,"[""ADJ"", ""NOUN"", ""VERB""]","[[0, 0, 0], [0, 0, 0], [5, 14, 147]]"
llama-3.2-1b,metadata_free_prompt_final,pos,random,1,VERB,VERB,1.0,0.8855421686746988,0.939297124600639,166,"[""ADJ"", ""NOUN"", ""VERB""]","[[0, 0, 0], [0, 0, 0], [5, 14, 147]]"
llama-3.2-1b,metadata_free_prompt_final,pos,random,1,all,ADJ,0.8205128205128205,0.8791208791208791,0.8488063660477454,182,"[""ADJ"", ""NOUN"", ""VERB""]","[[160, 22, 0], [30, 547, 15], [5, 14, 147]]"
llama-3.2-1b,metadata_free_prompt_final,pos,random,1,all,NOUN,0.9382504288164666,0.9239864864864865,0.931063829787234,592,"[""ADJ"", ""NOUN"", ""VERB""]","[[160, 22, 0], [30, 547, 15], [5, 14, 147]]"
llama-3.2-1b,metadata_free_prompt_final,pos,random,1,all,VERB,0.9074074074074074,0.8855421686746988,0.8963414634146342,166,"[""ADJ"", ""NOUN"", ""VERB""]","[[160, 22, 0], [30, 547, 15], [5, 14, 147]]"
llama-3.2-1b,metadata_free_prompt_final,pos,random,2,ADJ,ADJ,1.0,0.9120879120879121,0.9540229885057471,182,"[""ADJ"", ""NOUN"", ""VERB""]","[[166, 15, 1], [0, 0, 0], [0, 0, 0]]"
llama-3.2-1b,metadata_free_prompt_final,pos,random,2,ADJ,NOUN,0.0,0.0,0.0,0,"[""ADJ"", ""NOUN"", ""VERB""]","[[166, 15, 1], [0, 0, 0], [0, 0, 0]]"
llama-3.2-1b,metadata_free_prompt_final,pos,random,2,ADJ,VERB,0.0,0.0,0.0,0,"[""ADJ"", ""NOUN"", ""VERB""]","[[166, 15, 1], [0, 0, 0], [0, 0, 0]]"
llama-3.2-1b,metadata_free_prompt_final,pos,random,2,NOUN,ADJ,0.0,0.0,0.0,0,"[""ADJ"", ""NOUN"", ""VERB""]","[[0, 0, 0], [25, 548, 18], [0, 0, 0]]"
llama-3.2-1b,metadata_free_prompt_final,pos,random,2,NOUN,NOUN,1.0,0.9272419627749577,0.9622475856014048,591,"[""ADJ"", ""NOUN"", ""VERB""]","[[0, 0, 0], [25, 548, 18], [0, 0, 0]]"
llama-3.2-1b,metadata_free_prompt_final,pos,random,2,NOUN,VERB,0.0,0.0,0.0,0,"[""ADJ"", ""NOUN"", ""VERB""]","[[0, 0, 0], [25, 548, 18], [0, 0, 0]]"
llama-3.2-1b,metadata_free_prompt_final,pos,random,2,VERB,ADJ,0.0,0.0,0.0,0,"[""ADJ"", ""NOUN"", ""VERB""]","[[0, 0, 0], [0, 0, 0], [4, 13, 150]]"
llama-3.2-1b,metadata_free_prompt_final,pos,random,2,VERB,NOUN,0.0,0.0,0.0,0,"[""ADJ"", ""NOUN"", ""VERB""]","[[0, 0, 0], [0, 0, 0], [4, 13, 150]]"
llama-3.2-1b,metadata_free_prompt_final,pos,random,2,VERB,VERB,1.0,0.8982035928143712,0.9463722397476341,167,"[""ADJ"", ""NOUN"", ""VERB""]","[[0, 0, 0], [0, 0, 0], [4, 13, 150]]"
llama-3.2-1b,metadata_free_prompt_final,pos,random,2,all,ADJ,0.8512820512820513,0.9120879120879121,0.8806366047745358,182,"[""ADJ"", ""NOUN"", ""VERB""]","[[166, 15, 1], [25, 548, 18], [4, 13, 150]]"
llama-3.2-1b,metadata_free_prompt_final,pos,random,2,all,NOUN,0.9513888888888888,0.9272419627749577,0.9391602399314481,591,"[""ADJ"", ""NOUN"", ""VERB""]","[[166, 15, 1], [25, 548, 18], [4, 13, 150]]"
llama-3.2-1b,metadata_free_prompt_final,pos,random,2,all,VERB,0.8875739644970414,0.8982035928143712,0.8928571428571429,167,"[""ADJ"", ""NOUN"", ""VERB""]","[[166, 15, 1], [25, 548, 18], [4, 13, 150]]"
llama-3.2-1b,metadata_free_prompt_final,pos,random,3,ADJ,ADJ,1.0,0.9340659340659341,0.9659090909090909,182,"[""ADJ"", ""NOUN"", ""VERB""]","[[170, 9, 3], [0, 0, 0], [0, 0, 0]]"
llama-3.2-1b,metadata_free_prompt_final,pos,random,3,ADJ,NOUN,0.0,0.0,0.0,0,"[""ADJ"", ""NOUN"", ""VERB""]","[[170, 9, 3], [0, 0, 0], [0, 0, 0]]"
llama-3.2-1b,metadata_free_prompt_final,pos,random,3,ADJ,VERB,0.0,0.0,0.0,0,"[""ADJ"", ""NOUN"", ""VERB""]","[[170, 9, 3], [0, 0, 0], [0, 0, 0]]"
llama-3.2-1b,metadata_free_prompt_final,pos,random,3,NOUN,ADJ,0.0,0.0,0.0,0,"[""ADJ"", ""NOUN"", ""VERB""]","[[0, 0, 0], [23, 559, 9], [0, 0, 0]]"
llama-3.2-1b,metadata_free_prompt_final,pos,random,3,NOUN,NOUN,1.0,0.9458544839255499,0.9721739130434782,591,"[""ADJ"", ""NOUN"", ""VERB""]","[[0, 0, 0], [23, 559, 9], [0, 0, 0]]"
llama-3.2-1b,metadata_free_prompt_final,pos,random,3,NOUN,VERB,0.0,0.0,0.0,0,"[""ADJ"", ""NOUN"", ""VERB""]","[[0, 0, 0], [23, 559, 9], [0, 0, 0]]"
llama-3.2-1b,metadata_free_prompt_final,pos,random,3,VERB,ADJ,0.0,0.0,0.0,0,"[""ADJ"", ""NOUN"", ""VERB""]","[[0, 0, 0], [0, 0, 0], [3, 14, 150]]"
llama-3.2-1b,metadata_free_prompt_final,pos,random,3,VERB,NOUN,0.0,0.0,0.0,0,"[""ADJ"", ""NOUN"", ""VERB""]","[[0, 0, 0], [0, 0, 0], [3, 14, 150]]"
llama-3.2-1b,metadata_free_prompt_final,pos,random,3,VERB,VERB,1.0,0.8982035928143712,0.9463722397476341,167,"[""ADJ"", ""NOUN"", ""VERB""]","[[0, 0, 0], [0, 0, 0], [3, 14, 150]]"
llama-3.2-1b,metadata_free_prompt_final,pos,random,3,all,ADJ,0.8673469387755102,0.9340659340659341,0.8994708994708994,182,"[""ADJ"", ""NOUN"", ""VERB""]","[[170, 9, 3], [23, 559, 9], [3, 14, 150]]"
llama-3.2-1b,metadata_free_prompt_final,pos,random,3,all,NOUN,0.9604810996563574,0.9458544839255499,0.9531116794543905,591,"[""ADJ"", ""NOUN"", ""VERB""]","[[170, 9, 3], [23, 559, 9], [3, 14, 150]]"
llama-3.2-1b,metadata_free_prompt_final,pos,random,3,all,VERB,0.9259259259259259,0.8982035928143712,0.9118541033434651,167,"[""ADJ"", ""NOUN"", ""VERB""]","[[170, 9, 3], [23, 559, 9], [3, 14, 150]]"
llama-3.2-1b,metadata_free_prompt_final,pos,random,4,ADJ,ADJ,1.0,0.8791208791208791,0.935672514619883,182,"[""ADJ"", ""NOUN"", ""VERB""]","[[160, 20, 2], [0, 0, 0], [0, 0, 0]]"
llama-3.2-1b,metadata_free_prompt_final,pos,random,4,ADJ,NOUN,0.0,0.0,0.0,0,"[""ADJ"", ""NOUN"", ""VERB""]","[[160, 20, 2], [0, 0, 0], [0, 0, 0]]"
llama-3.2-1b,metadata_free_prompt_final,pos,random,4,ADJ,VERB,0.0,0.0,0.0,0,"[""ADJ"", ""NOUN"", ""VERB""]","[[160, 20, 2], [0, 0, 0], [0, 0, 0]]"
llama-3.2-1b,metadata_free_prompt_final,pos,random,4,NOUN,ADJ,0.0,0.0,0.0,0,"[""ADJ"", ""NOUN"", ""VERB""]","[[0, 0, 0], [24, 557, 10], [0, 0, 0]]"
llama-3.2-1b,metadata_free_prompt_final,pos,random,4,NOUN,NOUN,1.0,0.9424703891708968,0.9703832752613241,591,"[""ADJ"", ""NOUN"", ""VERB""]","[[0, 0, 0], [24, 557, 10], [0, 0, 0]]"
llama-3.2-1b,metadata_free_prompt_final,pos,random,4,NOUN,VERB,0.0,0.0,0.0,0,"[""ADJ"", ""NOUN"", ""VERB""]","[[0, 0, 0], [24, 557, 10], [0, 0, 0]]"
llama-3.2-1b,metadata_free_prompt_final,pos,random,4,VERB,ADJ,0.0,0.0,0.0,0,"[""ADJ"", ""NOUN"", ""VERB""]","[[0, 0, 0], [0, 0, 0], [1, 13, 153]]"
llama-3.2-1b,metadata_free_prompt_final,pos,random,4,VERB,NOUN,0.0,0.0,0.0,0,"[""ADJ"", ""NOUN"", ""VERB""]","[[0, 0, 0], [0, 0, 0], [1, 13, 153]]"
llama-3.2-1b,metadata_free_prompt_final,pos,random,4,VERB,VERB,1.0,0.9161676646706587,0.95625,167,"[""ADJ"", ""NOUN"", ""VERB""]","[[0, 0, 0], [0, 0, 0], [1, 13, 153]]"
llama-3.2-1b,metadata_free_prompt_final,pos,random,4,all,ADJ,0.8648648648648649,0.8791208791208791,0.8719346049046321,182,"[""ADJ"", ""NOUN"", ""VERB""]","[[160, 20, 2], [24, 557, 10], [1, 13, 153]]"
llama-3.2-1b,metadata_free_prompt_final,pos,random,4,all,NOUN,0.9440677966101695,0.9424703891708968,0.9432684165961049,591,"[""ADJ"", ""NOUN"", ""VERB""]","[[160, 20, 2], [24, 557, 10], [1, 13, 153]]"
llama-3.2-1b,metadata_free_prompt_final,pos,random,4,all,VERB,0.9272727272727272,0.9161676646706587,0.9216867469879518,167,"[""ADJ"", ""NOUN"", ""VERB""]","[[160, 20, 2], [24, 557, 10], [1, 13, 153]]"
llama-3.2-1b,metadata_free_prompt_final,pos,root-heldout,0,ADJ,ADJ,1.0,0.6123188405797102,0.7595505617977528,276,"[""ADJ"", ""NOUN"", ""VERB""]","[[169, 102, 5], [0, 0, 0], [0, 0, 0]]"
llama-3.2-1b,metadata_free_prompt_final,pos,root-heldout,0,ADJ,NOUN,0.0,0.0,0.0,0,"[""ADJ"", ""NOUN"", ""VERB""]","[[169, 102, 5], [0, 0, 0], [0, 0, 0]]"
llama-3.2-1b,metadata_free_prompt_final,pos,root-heldout,0,ADJ,VERB,0.0,0.0,0.0,0,"[""ADJ"", ""NOUN"", ""VERB""]","[[169, 102, 5], [0, 0, 0], [0, 0, 0]]"
llama-3.2-1b,metadata_free_prompt_final,pos,root-heldout,0,NOUN,ADJ,0.0,0.0,0.0,0,"[""ADJ"", ""NOUN"", ""VERB""]","[[0, 0, 0], [69, 404, 57], [0, 0, 0]]"
llama-3.2-1b,metadata_free_prompt_final,pos,root-heldout,0,NOUN,NOUN,1.0,0.7622641509433963,0.8650963597430407,530,"[""ADJ"", ""NOUN"", ""VERB""]","[[0, 0, 0], [69, 404, 57], [0, 0, 0]]"
llama-3.2-1b,metadata_free_prompt_final,pos,root-heldout,0,NOUN,VERB,0.0,0.0,0.0,0,"[""ADJ"", ""NOUN"", ""VERB""]","[[0, 0, 0], [69, 404, 57], [0, 0, 0]]"
llama-3.2-1b,metadata_free_prompt_final,pos,root-heldout,0,VERB,ADJ,0.0,0.0,0.0,0,"[""ADJ"", ""NOUN"", ""VERB""]","[[0, 0, 0], [0, 0, 0], [13, 31, 91]]"
llama-3.2-1b,metadata_free_prompt_final,pos,root-heldout,0,VERB,NOUN,0.0,0.0,0.0,0,"[""ADJ"", ""NOUN"", ""VERB""]","[[0, 0, 0], [0, 0, 0], [13, 31, 91]]"
llama-3.2-1b,metadata_free_prompt_final,pos,root-heldout,0,VERB,VERB,1.0,0.674074074074074,0.8053097345132744,135,"[""ADJ"", ""NOUN"", ""VERB""]","[[0, 0, 0], [0, 0, 0], [13, 31, 91]]"
llama-3.2-1b,metadata_free_prompt_final,pos,root-heldout,0,all,ADJ,0.6733067729083665,0.6123188405797102,0.6413662239089184,276,"[""ADJ"", ""NOUN"", ""VERB""]","[[169, 102, 5], [69, 404, 57], [13, 31, 91]]"
llama-3.2-1b,metadata_free_prompt_final,pos,root-heldout,0,all,NOUN,0.7523277467411545,0.7622641509433963,0.7572633552014996,530,"[""ADJ"", ""NOUN"", ""VERB""]","[[169, 102, 5], [69, 404, 57], [13, 31, 91]]"
llama-3.2-1b,metadata_free_prompt_final,pos,root-heldout,0,all,VERB,0.5947712418300654,0.674074074074074,0.6319444444444444,135,"[""ADJ"", ""NOUN"", ""VERB""]","[[169, 102, 5], [69, 404, 57], [13, 31, 91]]"
llama-3.2-1b,metadata_free_prompt_final,pos,root-heldout,1,ADJ,ADJ,1.0,0.6474358974358975,0.7859922178988327,156,"[""ADJ"", ""NOUN"", ""VERB""]","[[101, 50, 5], [0, 0, 0], [0, 0, 0]]"
llama-3.2-1b,metadata_free_prompt_final,pos,root-heldout,1,ADJ,NOUN,0.0,0.0,0.0,0,"[""ADJ"", ""NOUN"", ""VERB""]","[[101, 50, 5], [0, 0, 0], [0, 0, 0]]"
llama-3.2-1b,metadata_free_prompt_final,pos,root-heldout,1,ADJ,VERB,0.0,0.0,0.0,0,"[""ADJ"", ""NOUN"", ""VERB""]","[[101, 50, 5], [0, 0, 0], [0, 0, 0]]"
llama-3.2-1b,metadata_free_prompt_final,pos,root-heldout,1,NOUN,ADJ,0.0,0.0,0.0,0,"[""ADJ"", ""NOUN"", ""VERB""]","[[0, 0, 0], [87, 486, 45], [0, 0, 0]]"
llama-3.2-1b,metadata_free_prompt_final,pos,root-heldout,1,NOUN,NOUN,1.0,0.7864077669902912,0.8804347826086957,618,"[""ADJ"", ""NOUN"", ""VERB""]","[[0, 0, 0], [87, 486, 45], [0, 0, 0]]"
llama-3.2-1b,metadata_free_prompt_final,pos,root-heldout,1,NOUN,VERB,0.0,0.0,0.0,0,"[""ADJ"", ""NOUN"", ""VERB""]","[[0, 0, 0], [87, 486, 45], [0, 0, 0]]"
llama-3.2-1b,metadata_free_prompt_final,pos,root-heldout,1,VERB,ADJ,0.0,0.0,0.0,0,"[""ADJ"", ""NOUN"", ""VERB""]","[[0, 0, 0], [0, 0, 0], [12, 34, 120]]"
llama-3.2-1b,metadata_free_prompt_final,pos,root-heldout,1,VERB,NOUN,0.0,0.0,0.0,0,"[""ADJ"", ""NOUN"", ""VERB""]","[[0, 0, 0], [0, 0, 0], [12, 34, 120]]"
llama-3.2-1b,metadata_free_prompt_final,pos,root-heldout,1,VERB,VERB,1.0,0.7228915662650602,0.8391608391608392,166,"[""ADJ"", ""NOUN"", ""VERB""]","[[0, 0, 0], [0, 0, 0], [12, 34, 120]]"
llama-3.2-1b,metadata_free_prompt_final,pos,root-heldout,1,all,ADJ,0.505,0.6474358974358975,0.5674157303370787,156,"[""ADJ"", ""NOUN"", ""VERB""]","[[101, 50, 5], [87, 486, 45], [12, 34, 120]]"
llama-3.2-1b,metadata_free_prompt_final,pos,root-heldout,1,all,NOUN,0.8526315789473684,0.7864077669902912,0.8181818181818182,618,"[""ADJ"", ""NOUN"", ""VERB""]","[[101, 50, 5], [87, 486, 45], [12, 34, 120]]"
llama-3.2-1b,metadata_free_prompt_final,pos,root-heldout,1,all,VERB,0.7058823529411765,0.7228915662650602,0.7142857142857143,166,"[""ADJ"", ""NOUN"", ""VERB""]","[[101, 50, 5], [87, 486, 45], [12, 34, 120]]"
llama-3.2-1b,metadata_free_prompt_final,pos,root-heldout,2,ADJ,ADJ,1.0,0.5545454545454546,0.7134502923976608,220,"[""ADJ"", ""NOUN"", ""VERB""]","[[122, 90, 8], [0, 0, 0], [0, 0, 0]]"
llama-3.2-1b,metadata_free_prompt_final,pos,root-heldout,2,ADJ,NOUN,0.0,0.0,0.0,0,"[""ADJ"", ""NOUN"", ""VERB""]","[[122, 90, 8], [0, 0, 0], [0, 0, 0]]"
llama-3.2-1b,metadata_free_prompt_final,pos,root-heldout,2,ADJ,VERB,0.0,0.0,0.0,0,"[""ADJ"", ""NOUN"", ""VERB""]","[[122, 90, 8], [0, 0, 0], [0, 0, 0]]"
llama-3.2-1b,metadata_free_prompt_final,pos,root-heldout,2,NOUN,ADJ,0.0,0.0,0.0,0,"[""ADJ"", ""NOUN"", ""VERB""]","[[0, 0, 0], [89, 462, 29], [0, 0, 0]]"
llama-3.2-1b,metadata_free_prompt_final,pos,root-heldout,2,NOUN,NOUN,1.0,0.7965517241379311,0.8867562380038387,580,"[""ADJ"", ""NOUN"", ""VERB""]","[[0, 0, 0], [89, 462, 29], [0, 0, 0]]"
llama-3.2-1b,metadata_free_prompt_final,pos,root-heldout,2,NOUN,VERB,0.0,0.0,0.0,0,"[""ADJ"", ""NOUN"", ""VERB""]","[[0, 0, 0], [89, 462, 29], [0, 0, 0]]"
llama-3.2-1b,metadata_free_prompt_final,pos,root-heldout,2,VERB,ADJ,0.0,0.0,0.0,0,"[""ADJ"", ""NOUN"", ""VERB""]","[[0, 0, 0], [0, 0, 0], [4, 15, 121]]"
llama-3.2-1b,metadata_free_prompt_final,pos,root-heldout,2,VERB,NOUN,0.0,0.0,0.0,0,"[""ADJ"", ""NOUN"", ""VERB""]","[[0, 0, 0], [0, 0, 0], [4, 15, 121]]"
llama-3.2-1b,metadata_free_prompt_final,pos,root-heldout,2,VERB,VERB,1.0,0.8642857142857143,0.9272030651340997,140,"[""ADJ"", ""NOUN"", ""VERB""]","[[0, 0, 0], [0, 0, 0], [4, 15, 121]]"
llama-3.2-1b,metadata_free_prompt_final,pos,root-heldout,2,all,ADJ,0.5674418604651162,0.5545454545454546,0.5609195402298851,220,"[""ADJ"", ""NOUN"", ""VERB""]","[[122, 90, 8], [89, 462, 29], [4, 15, 121]]"
llama-3.2-1b,metadata_free_prompt_final,pos,root-heldout,2,all,NOUN,0.8148148148148148,0.7965517241379311,0.8055797733217088,580,"[""ADJ"", ""NOUN"", ""VERB""]","[[122, 90, 8], [89, 462, 29], [4, 15, 121]]"
llama-3.2-1b,metadata_free_prompt_final,pos,root-heldout,2,all,VERB,0.7658227848101266,0.8642857142857143,0.8120805369127517,140,"[""ADJ"", ""NOUN"", ""VERB""]","[[122, 90, 8], [89, 462, 29], [4, 15, 121]]"
llama-3.2-1b,metadata_free_prompt_final,pos,root-heldout,3,ADJ,ADJ,1.0,0.5564516129032258,0.7150259067357513,124,"[""ADJ"", ""NOUN"", ""VERB""]","[[69, 52, 3], [0, 0, 0], [0, 0, 0]]"
llama-3.2-1b,metadata_free_prompt_final,pos,root-heldout,3,ADJ,NOUN,0.0,0.0,0.0,0,"[""ADJ"", ""NOUN"", ""VERB""]","[[69, 52, 3], [0, 0, 0], [0, 0, 0]]"
llama-3.2-1b,metadata_free_prompt_final,pos,root-heldout,3,ADJ,VERB,0.0,0.0,0.0,0,"[""ADJ"", ""NOUN"", ""VERB""]","[[69, 52, 3], [0, 0, 0], [0, 0, 0]]"
llama-3.2-1b,metadata_free_prompt_final,pos,root-heldout,3,NOUN,ADJ,0.0,0.0,0.0,0,"[""ADJ"", ""NOUN"", ""VERB""]","[[0, 0, 0], [139, 415, 77], [0, 0, 0]]"
llama-3.2-1b,metadata_free_prompt_final,pos,root-heldout,3,NOUN,NOUN,1.0,0.6576862123613312,0.7934990439770554,631,"[""ADJ"", ""NOUN"", ""VERB""]","[[0, 0, 0], [139, 415, 77], [0, 0, 0]]"
llama-3.2-1b,metadata_free_prompt_final,pos,root-heldout,3,NOUN,VERB,0.0,0.0,0.0,0,"[""ADJ"", ""NOUN"", ""VERB""]","[[0, 0, 0], [139, 415, 77], [0, 0, 0]]"
llama-3.2-1b,metadata_free_prompt_final,pos,root-heldout,3,VERB,ADJ,0.0,0.0,0.0,0,"[""ADJ"", ""NOUN"", ""VERB""]","[[0, 0, 0], [0, 0, 0], [26, 28, 131]]"
llama-3.2-1b,metadata_free_prompt_final,pos,root-heldout,3,VERB,NOUN,0.0,0.0,0.0,0,"[""ADJ"", ""NOUN"", ""VERB""]","[[0, 0, 0], [0, 0, 0], [26, 28, 131]]"
llama-3.2-1b,metadata_free_prompt_final,pos,root-heldout,3,VERB,VERB,1.0,0.7081081081081081,0.8291139240506329,185,"[""ADJ"", ""NOUN"", ""VERB""]","[[0, 0, 0], [0, 0, 0], [26, 28, 131]]"
llama-3.2-1b,metadata_free_prompt_final,pos,root-heldout,3,all,ADJ,0.2948717948717949,0.5564516129032258,0.3854748603351955,124,"[""ADJ"", ""NOUN"", ""VERB""]","[[69, 52, 3], [139, 415, 77], [26, 28, 131]]"
llama-3.2-1b,metadata_free_prompt_final,pos,root-heldout,3,all,NOUN,0.8383838383838383,0.6576862123613312,0.7371225577264654,631,"[""ADJ"", ""NOUN"", ""VERB""]","[[69, 52, 3], [139, 415, 77], [26, 28, 131]]"
llama-3.2-1b,metadata_free_prompt_final,pos,root-heldout,3,all,VERB,0.6208530805687204,0.7081081081081081,0.6616161616161617,185,"[""ADJ"", ""NOUN"", ""VERB""]","[[69, 52, 3], [139, 415, 77], [26, 28, 131]]"
llama-3.2-1b,metadata_free_prompt_final,pos,root-heldout,4,ADJ,ADJ,1.0,0.373134328358209,0.5434782608695652,134,"[""ADJ"", ""NOUN"", ""VERB""]","[[50, 79, 5], [0, 0, 0], [0, 0, 0]]"
llama-3.2-1b,metadata_free_prompt_final,pos,root-heldout,4,ADJ,NOUN,0.0,0.0,0.0,0,"[""ADJ"", ""NOUN"", ""VERB""]","[[50, 79, 5], [0, 0, 0], [0, 0, 0]]"
llama-3.2-1b,metadata_free_prompt_final,pos,root-heldout,4,ADJ,VERB,0.0,0.0,0.0,0,"[""ADJ"", ""NOUN"", ""VERB""]","[[50, 79, 5], [0, 0, 0], [0, 0, 0]]"
llama-3.2-1b,metadata_free_prompt_final,pos,root-heldout,4,NOUN,ADJ,0.0,0.0,0.0,0,"[""ADJ"", ""NOUN"", ""VERB""]","[[0, 0, 0], [101, 463, 34], [0, 0, 0]]"
llama-3.2-1b,metadata_free_prompt_final,pos,root-heldout,4,NOUN,NOUN,1.0,0.774247491638796,0.8727615457115928,598,"[""ADJ"", ""NOUN"", ""VERB""]","[[0, 0, 0], [101, 463, 34], [0, 0, 0]]"
llama-3.2-1b,metadata_free_prompt_final,pos,root-heldout,4,NOUN,VERB,0.0,0.0,0.0,0,"[""ADJ"", ""NOUN"", ""VERB""]","[[0, 0, 0], [101, 463, 34], [0, 0, 0]]"
llama-3.2-1b,metadata_free_prompt_final,pos,root-heldout,4,VERB,ADJ,0.0,0.0,0.0,0,"[""ADJ"", ""NOUN"", ""VERB""]","[[0, 0, 0], [0, 0, 0], [10, 35, 163]]"
llama-3.2-1b,metadata_free_prompt_final,pos,root-heldout,4,VERB,NOUN,0.0,0.0,0.0,0,"[""ADJ"", ""NOUN"", ""VERB""]","[[0, 0, 0], [0, 0, 0], [10, 35, 163]]"
llama-3.2-1b,metadata_free_prompt_final,pos,root-heldout,4,VERB,VERB,1.0,0.7836538461538461,0.8787061994609164,208,"[""ADJ"", ""NOUN"", ""VERB""]","[[0, 0, 0], [0, 0, 0], [10, 35, 163]]"
llama-3.2-1b,metadata_free_prompt_final,pos,root-heldout,4,all,ADJ,0.3105590062111801,0.373134328358209,0.3389830508474576,134,"[""ADJ"", ""NOUN"", ""VERB""]","[[50, 79, 5], [101, 463, 34], [10, 35, 163]]"
llama-3.2-1b,metadata_free_prompt_final,pos,root-heldout,4,all,NOUN,0.8024263431542461,0.774247491638796,0.7880851063829787,598,"[""ADJ"", ""NOUN"", ""VERB""]","[[50, 79, 5], [101, 463, 34], [10, 35, 163]]"
llama-3.2-1b,metadata_free_prompt_final,pos,root-heldout,4,all,VERB,0.806930693069307,0.7836538461538461,0.7951219512195122,208,"[""ADJ"", ""NOUN"", ""VERB""]","[[50, 79, 5], [101, 463, 34], [10, 35, 163]]"
llama-3.2-1b,target_final_subtoken,gender,lemma-heldout,0,ADJ,fem,0.589041095890411,0.7166666666666667,0.6466165413533834,60,"[""fem"", ""masc""]","[[43, 17], [30, 61]]"
llama-3.2-1b,target_final_subtoken,gender,lemma-heldout,0,ADJ,masc,0.782051282051282,0.6703296703296703,0.7218934911242604,91,"[""fem"", ""masc""]","[[43, 17], [30, 61]]"
llama-3.2-1b,target_final_subtoken,gender,lemma-heldout,0,NOUN,fem,0.49746192893401014,0.47572815533980584,0.48635235732009924,206,"[""fem"", ""masc""]","[[98, 108], [99, 332]]"
llama-3.2-1b,target_final_subtoken,gender,lemma-heldout,0,NOUN,masc,0.7545454545454545,0.7703016241299304,0.7623421354764638,431,"[""fem"", ""masc""]","[[98, 108], [99, 332]]"
llama-3.2-1b,target_final_subtoken,gender,lemma-heldout,0,VERB,fem,0.6388888888888888,0.7796610169491526,0.7022900763358778,59,"[""fem"", ""masc""]","[[46, 13], [26, 67]]"
llama-3.2-1b,target_final_subtoken,gender,lemma-heldout,0,VERB,masc,0.8375,0.7204301075268817,0.7745664739884393,93,"[""fem"", ""masc""]","[[46, 13], [26, 67]]"
llama-3.2-1b,target_final_subtoken,gender,lemma-heldout,0,all,fem,0.5467836257309941,0.5753846153846154,0.56071964017991,325,"[""fem"", ""masc""]","[[187, 138], [155, 460]]"
llama-3.2-1b,target_final_subtoken,gender,lemma-heldout,0,all,masc,0.7692307692307693,0.7479674796747967,0.7584501236603463,615,"[""fem"", ""masc""]","[[187, 138], [155, 460]]"
llama-3.2-1b,target_final_subtoken,gender,lemma-heldout,1,ADJ,fem,0.6153846153846154,0.8235294117647058,0.7044025157232704,68,"[""fem"", ""masc""]","[[56, 12], [35, 81]]"
llama-3.2-1b,target_final_subtoken,gender,lemma-heldout,1,ADJ,masc,0.8709677419354839,0.6982758620689655,0.7751196172248804,116,"[""fem"", ""masc""]","[[56, 12], [35, 81]]"
llama-3.2-1b,target_final_subtoken,gender,lemma-heldout,1,NOUN,fem,0.4523809523809524,0.572289156626506,0.5053191489361702,166,"[""fem"", ""masc""]","[[95, 71], [115, 301]]"
llama-3.2-1b,target_final_subtoken,gender,lemma-heldout,1,NOUN,masc,0.8091397849462365,0.7235576923076923,0.7639593908629442,416,"[""fem"", ""masc""]","[[95, 71], [115, 301]]"
llama-3.2-1b,target_final_subtoken,gender,lemma-heldout,1,VERB,fem,0.5,0.7272727272727273,0.5925925925925926,66,"[""fem"", ""masc""]","[[48, 18], [48, 60]]"
llama-3.2-1b,target_final_subtoken,gender,lemma-heldout,1,VERB,masc,0.7692307692307693,0.5555555555555556,0.6451612903225806,108,"[""fem"", ""masc""]","[[48, 18], [48, 60]]"
llama-3.2-1b,target_final_subtoken,gender,lemma-heldout,1,all,fem,0.5012594458438288,0.6633333333333333,0.5710186513629842,300,"[""fem"", ""masc""]","[[199, 101], [198, 442]]"
llama-3.2-1b,target_final_subtoken,gender,lemma-heldout,1,all,masc,0.8139963167587477,0.690625,0.7472527472527473,640,"[""fem"", ""masc""]","[[199, 101], [198, 442]]"
llama-3.2-1b,target_final_subtoken,gender,lemma-heldout,2,ADJ,fem,0.84375,0.6136363636363636,0.7105263157894737,88,"[""fem"", ""masc""]","[[54, 34], [10, 57]]"
llama-3.2-1b,target_final_subtoken,gender,lemma-heldout,2,ADJ,masc,0.6263736263736264,0.8507462686567164,0.7215189873417721,67,"[""fem"", ""masc""]","[[54, 34], [10, 57]]"
llama-3.2-1b,target_final_subtoken,gender,lemma-heldout,2,NOUN,fem,0.5047619047619047,0.6022727272727273,0.5492227979274611,176,"[""fem"", ""masc""]","[[106, 70], [104, 308]]"
llama-3.2-1b,target_final_subtoken,gender,lemma-heldout,2,NOUN,masc,0.8148148148148148,0.7475728155339806,0.779746835443038,412,"[""fem"", ""masc""]","[[106, 70], [104, 308]]"
llama-3.2-1b,target_final_subtoken,gender,lemma-heldout,2,VERB,fem,0.65625,0.5833333333333334,0.6176470588235294,72,"[""fem"", ""masc""]","[[42, 30], [22, 103]]"
llama-3.2-1b,target_final_subtoken,gender,lemma-heldout,2,VERB,masc,0.7744360902255639,0.824,0.7984496124031008,125,"[""fem"", ""masc""]","[[42, 30], [22, 103]]"
llama-3.2-1b,target_final_subtoken,gender,lemma-heldout,2,all,fem,0.5976331360946746,0.6011904761904762,0.599406528189911,336,"[""fem"", ""masc""]","[[202, 134], [136, 468]]"
llama-3.2-1b,target_final_subtoken,gender,lemma-heldout,2,all,masc,0.7774086378737541,0.7748344370860927,0.7761194029850746,604,"[""fem"", ""masc""]","[[202, 134], [136, 468]]"
llama-3.2-1b,target_final_subtoken,gender,lemma-heldout,3,ADJ,fem,0.8020833333333334,0.8191489361702128,0.8105263157894737,94,"[""fem"", ""masc""]","[[77, 17], [19, 58]]"
llama-3.2-1b,target_final_subtoken,gender,lemma-heldout,3,ADJ,masc,0.7733333333333333,0.7532467532467533,0.7631578947368421,77,"[""fem"", ""masc""]","[[77, 17], [19, 58]]"
llama-3.2-1b,target_final_subtoken,gender,lemma-heldout,3,NOUN,fem,0.5928853754940712,0.75,0.6622516556291391,200,"[""fem"", ""masc""]","[[150, 50], [103, 308]]"
llama-3.2-1b,target_final_subtoken,gender,lemma-heldout,3,NOUN,masc,0.8603351955307262,0.7493917274939172,0.8010403120936281,411,"[""fem"", ""masc""]","[[150, 50], [103, 308]]"
llama-3.2-1b,target_final_subtoken,gender,lemma-heldout,3,VERB,fem,0.5930232558139535,0.7846153846153846,0.6754966887417219,65,"[""fem"", ""masc""]","[[51, 14], [35, 58]]"
llama-3.2-1b,target_final_subtoken,gender,lemma-heldout,3,VERB,masc,0.8055555555555556,0.6236559139784946,0.703030303030303,93,"[""fem"", ""masc""]","[[51, 14], [35, 58]]"
llama-3.2-1b,target_final_subtoken,gender,lemma-heldout,3,all,fem,0.639080459770115,0.7743732590529248,0.7002518891687658,359,"[""fem"", ""masc""]","[[278, 81], [157, 424]]"
llama-3.2-1b,target_final_subtoken,gender,lemma-heldout,3,all,masc,0.8396039603960396,0.729776247848537,0.7808471454880295,581,"[""fem"", ""masc""]","[[278, 81], [157, 424]]"
llama-3.2-1b,target_final_subtoken,gender,lemma-heldout,4,ADJ,fem,0.7783783783783784,0.8674698795180723,0.8205128205128205,166,"[""fem"", ""masc""]","[[144, 22], [41, 41]]"
llama-3.2-1b,target_final_subtoken,gender,lemma-heldout,4,ADJ,masc,0.6507936507936508,0.5,0.5655172413793104,82,"[""fem"", ""masc""]","[[144, 22], [41, 41]]"
llama-3.2-1b,target_final_subtoken,gender,lemma-heldout,4,NOUN,fem,0.7228915662650602,0.8372093023255814,0.7758620689655172,215,"[""fem"", ""masc""]","[[180, 35], [69, 254]]"
llama-3.2-1b,target_final_subtoken,gender,lemma-heldout,4,NOUN,masc,0.8788927335640139,0.7863777089783281,0.8300653594771242,323,"[""fem"", ""masc""]","[[180, 35], [69, 254]]"
llama-3.2-1b,target_final_subtoken,gender,lemma-heldout,4,VERB,fem,0.5375,0.7678571428571429,0.6323529411764706,56,"[""fem"", ""masc""]","[[43, 13], [37, 60]]"
llama-3.2-1b,target_final_subtoken,gender,lemma-heldout,4,VERB,masc,0.821917808219178,0.6185567010309279,0.7058823529411765,97,"[""fem"", ""masc""]","[[43, 13], [37, 60]]"
llama-3.2-1b,target_final_subtoken,gender,lemma-heldout,4,all,fem,0.7140077821011673,0.8398169336384439,0.7718191377497371,437,"[""fem"", ""masc""]","[[367, 70], [147, 355]]"
llama-3.2-1b,target_final_subtoken,gender,lemma-heldout,4,all,masc,0.8352941176470589,0.7071713147410359,0.7659115426105717,502,"[""fem"", ""masc""]","[[367, 70], [147, 355]]"
llama-3.2-1b,target_final_subtoken,gender,random,0,ADJ,fem,0.912621359223301,0.9215686274509803,0.9170731707317074,102,"[""fem"", ""masc""]","[[94, 8], [9, 84]]"
llama-3.2-1b,target_final_subtoken,gender,random,0,ADJ,masc,0.9130434782608695,0.9032258064516129,0.9081081081081082,93,"[""fem"", ""masc""]","[[94, 8], [9, 84]]"
llama-3.2-1b,target_final_subtoken,gender,random,0,NOUN,fem,0.8442211055276382,0.8888888888888888,0.865979381443299,189,"[""fem"", ""masc""]","[[168, 21], [31, 359]]"
llama-3.2-1b,target_final_subtoken,gender,random,0,NOUN,masc,0.9447368421052632,0.9205128205128205,0.9324675324675324,390,"[""fem"", ""masc""]","[[168, 21], [31, 359]]"
llama-3.2-1b,target_final_subtoken,gender,random,0,VERB,fem,0.7377049180327869,0.7377049180327869,0.7377049180327869,61,"[""fem"", ""masc""]","[[45, 16], [16, 89]]"
llama-3.2-1b,target_final_subtoken,gender,random,0,VERB,masc,0.8476190476190476,0.8476190476190476,0.8476190476190476,105,"[""fem"", ""masc""]","[[45, 16], [16, 89]]"
llama-3.2-1b,target_final_subtoken,gender,random,0,all,fem,0.8457300275482094,0.8721590909090909,0.8587412587412587,352,"[""fem"", ""masc""]","[[307, 45], [56, 532]]"
llama-3.2-1b,target_final_subtoken,gender,random,0,all,masc,0.9220103986135182,0.9047619047619048,0.9133047210300429,588,"[""fem"", ""masc""]","[[307, 45], [56, 532]]"
llama-3.2-1b,target_final_subtoken,gender,random,1,ADJ,fem,0.9487179487179487,0.9367088607594937,0.9426751592356688,79,"[""fem"", ""masc""]","[[74, 5], [4, 84]]"
llama-3.2-1b,target_final_subtoken,gender,random,1,ADJ,masc,0.9438202247191011,0.9545454545454546,0.9491525423728814,88,"[""fem"", ""masc""]","[[74, 5], [4, 84]]"
llama-3.2-1b,target_final_subtoken,gender,random,1,NOUN,fem,0.8564356435643564,0.9010416666666666,0.8781725888324873,192,"[""fem"", ""masc""]","[[173, 19], [29, 379]]"
llama-3.2-1b,target_final_subtoken,gender,random,1,NOUN,masc,0.9522613065326633,0.928921568627451,0.9404466501240695,408,"[""fem"", ""masc""]","[[173, 19], [29, 379]]"
llama-3.2-1b,target_final_subtoken,gender,random,1,VERB,fem,0.8795180722891566,0.9012345679012346,0.8902439024390244,81,"[""fem"", ""masc""]","[[73, 8], [10, 82]]"
llama-3.2-1b,target_final_subtoken,gender,random,1,VERB,masc,0.9111111111111111,0.8913043478260869,0.9010989010989011,92,"[""fem"", ""masc""]","[[73, 8], [10, 82]]"
llama-3.2-1b,target_final_subtoken,gender,random,1,all,fem,0.8815426997245179,0.9090909090909091,0.8951048951048951,352,"[""fem"", ""masc""]","[[320, 32], [43, 545]]"
llama-3.2-1b,target_final_subtoken,gender,random,1,all,masc,0.9445407279029463,0.9268707482993197,0.9356223175965666,588,"[""fem"", ""masc""]","[[320, 32], [43, 545]]"
llama-3.2-1b,target_final_subtoken,gender,random,2,ADJ,fem,0.9313725490196079,0.9223300970873787,0.926829268292683,103,"[""fem"", ""masc""]","[[95, 8], [7, 87]]"
llama-3.2-1b,target_final_subtoken,gender,random,2,ADJ,masc,0.9157894736842105,0.925531914893617,0.9206349206349206,94,"[""fem"", ""masc""]","[[95, 8], [7, 87]]"
llama-3.2-1b,target_final_subtoken,gender,random,2,NOUN,fem,0.7857142857142857,0.9444444444444444,0.8577981651376146,198,"[""fem"", ""masc""]","[[187, 11], [51, 338]]"
llama-3.2-1b,target_final_subtoken,gender,random,2,NOUN,masc,0.9684813753581661,0.8688946015424165,0.9159891598915989,389,"[""fem"", ""masc""]","[[187, 11], [51, 338]]"
llama-3.2-1b,target_final_subtoken,gender,random,2,VERB,fem,0.7358490566037735,0.78,0.7572815533980582,50,"[""fem"", ""masc""]","[[39, 11], [14, 92]]"
llama-3.2-1b,target_final_subtoken,gender,random,2,VERB,masc,0.8932038834951457,0.8679245283018868,0.8803827751196173,106,"[""fem"", ""masc""]","[[39, 11], [14, 92]]"
llama-3.2-1b,target_final_subtoken,gender,random,2,all,fem,0.816793893129771,0.9145299145299145,0.8629032258064516,351,"[""fem"", ""masc""]","[[321, 30], [72, 517]]"
llama-3.2-1b,target_final_subtoken,gender,random,2,all,masc,0.9451553930530164,0.8777589134125636,0.9102112676056338,589,"[""fem"", ""masc""]","[[321, 30], [72, 517]]"
llama-3.2-1b,target_final_subtoken,gender,random,3,ADJ,fem,0.9473684210526315,0.9574468085106383,0.9523809523809523,94,"[""fem"", ""masc""]","[[90, 4], [5, 68]]"
llama-3.2-1b,target_final_subtoken,gender,random,3,ADJ,masc,0.9444444444444444,0.9315068493150684,0.9379310344827586,73,"[""fem"", ""masc""]","[[90, 4], [5, 68]]"
llama-3.2-1b,target_final_subtoken,gender,random,3,NOUN,fem,0.8388625592417062,0.9267015706806283,0.8805970149253731,191,"[""fem"", ""masc""]","[[177, 14], [34, 378]]"
llama-3.2-1b,target_final_subtoken,gender,random,3,NOUN,masc,0.9642857142857143,0.9174757281553398,0.9402985074626866,412,"[""fem"", ""masc""]","[[177, 14], [34, 378]]"
llama-3.2-1b,target_final_subtoken,gender,random,3,VERB,fem,0.7704918032786885,0.7121212121212122,0.7401574803149606,66,"[""fem"", ""masc""]","[[47, 19], [14, 90]]"
llama-3.2-1b,target_final_subtoken,gender,random,3,VERB,masc,0.8256880733944955,0.8653846153846154,0.8450704225352113,104,"[""fem"", ""masc""]","[[47, 19], [14, 90]]"
llama-3.2-1b,target_final_subtoken,gender,random,3,all,fem,0.8555858310626703,0.8945868945868946,0.8746518105849582,351,"[""fem"", ""masc""]","[[314, 37], [53, 536]]"
llama-3.2-1b,target_final_subtoken,gender,random,3,all,masc,0.9354275741710296,0.9100169779286927,0.9225473321858864,589,"[""fem"", ""masc""]","[[314, 37], [53, 536]]"
llama-3.2-1b,target_final_subtoken,gender,random,4,ADJ,fem,0.8878504672897196,0.9693877551020408,0.926829268292683,98,"[""fem"", ""masc""]","[[95, 3], [12, 73]]"
llama-3.2-1b,target_final_subtoken,gender,random,4,ADJ,masc,0.9605263157894737,0.8588235294117647,0.906832298136646,85,"[""fem"", ""masc""]","[[95, 3], [12, 73]]"
llama-3.2-1b,target_final_subtoken,gender,random,4,NOUN,fem,0.8585365853658536,0.9119170984455959,0.8844221105527639,193,"[""fem"", ""masc""]","[[176, 17], [29, 365]]"
llama-3.2-1b,target_final_subtoken,gender,random,4,NOUN,masc,0.9554973821989529,0.9263959390862944,0.9407216494845361,394,"[""fem"", ""masc""]","[[176, 17], [29, 365]]"
llama-3.2-1b,target_final_subtoken,gender,random,4,VERB,fem,0.8333333333333334,0.8333333333333334,0.8333333333333334,60,"[""fem"", ""masc""]","[[50, 10], [10, 99]]"
llama-3.2-1b,target_final_subtoken,gender,random,4,VERB,masc,0.908256880733945,0.908256880733945,0.908256880733945,109,"[""fem"", ""masc""]","[[50, 10], [10, 99]]"
llama-3.2-1b,target_final_subtoken,gender,random,4,all,fem,0.8629032258064516,0.9145299145299145,0.8879668049792531,351,"[""fem"", ""masc""]","[[321, 30], [51, 537]]"
llama-3.2-1b,target_final_subtoken,gender,random,4,all,masc,0.9470899470899471,0.9132653061224489,0.9298701298701298,588,"[""fem"", ""masc""]","[[321, 30], [51, 537]]"
llama-3.2-1b,target_final_subtoken,gender,root-heldout,0,ADJ,fem,0.6629213483146067,0.7866666666666666,0.7195121951219512,150,"[""fem"", ""masc""]","[[118, 32], [60, 71]]"
llama-3.2-1b,target_final_subtoken,gender,root-heldout,0,ADJ,masc,0.6893203883495146,0.5419847328244275,0.6068376068376068,131,"[""fem"", ""masc""]","[[118, 32], [60, 71]]"
llama-3.2-1b,target_final_subtoken,gender,root-heldout,0,NOUN,fem,0.5759162303664922,0.6179775280898876,0.5962059620596206,178,"[""fem"", ""masc""]","[[110, 68], [81, 270]]"
llama-3.2-1b,target_final_subtoken,gender,root-heldout,0,NOUN,masc,0.7988165680473372,0.7692307692307693,0.783744557329463,351,"[""fem"", ""masc""]","[[110, 68], [81, 270]]"
llama-3.2-1b,target_final_subtoken,gender,root-heldout,0,VERB,fem,0.6666666666666666,0.8695652173913043,0.7547169811320755,46,"[""fem"", ""masc""]","[[40, 6], [20, 64]]"
llama-3.2-1b,target_final_subtoken,gender,root-heldout,0,VERB,masc,0.9142857142857143,0.7619047619047619,0.8311688311688312,84,"[""fem"", ""masc""]","[[40, 6], [20, 64]]"
llama-3.2-1b,target_final_subtoken,gender,root-heldout,0,all,fem,0.6247086247086248,0.7165775401069518,0.6674968866749689,374,"[""fem"", ""masc""]","[[268, 106], [161, 405]]"
llama-3.2-1b,target_final_subtoken,gender,root-heldout,0,all,masc,0.7925636007827789,0.715547703180212,0.7520891364902507,566,"[""fem"", ""masc""]","[[268, 106], [161, 405]]"
llama-3.2-1b,target_final_subtoken,gender,root-heldout,1,ADJ,fem,0.7563025210084033,0.8411214953271028,0.7964601769911505,107,"[""fem"", ""masc""]","[[90, 17], [29, 63]]"
llama-3.2-1b,target_final_subtoken,gender,root-heldout,1,ADJ,masc,0.7875,0.6847826086956522,0.7325581395348837,92,"[""fem"", ""masc""]","[[90, 17], [29, 63]]"
llama-3.2-1b,target_final_subtoken,gender,root-heldout,1,NOUN,fem,0.35555555555555557,0.47058823529411764,0.4050632911392405,170,"[""fem"", ""masc""]","[[80, 90], [145, 285]]"
llama-3.2-1b,target_final_subtoken,gender,root-heldout,1,NOUN,masc,0.76,0.6627906976744186,0.7080745341614907,430,"[""fem"", ""masc""]","[[80, 90], [145, 285]]"
llama-3.2-1b,target_final_subtoken,gender,root-heldout,1,VERB,fem,0.6031746031746031,0.6909090909090909,0.6440677966101694,55,"[""fem"", ""masc""]","[[38, 17], [25, 61]]"
llama-3.2-1b,target_final_subtoken,gender,root-heldout,1,VERB,masc,0.782051282051282,0.7093023255813954,0.7439024390243902,86,"[""fem"", ""masc""]","[[38, 17], [25, 61]]"
llama-3.2-1b,target_final_subtoken,gender,root-heldout,1,all,fem,0.5110565110565111,0.6265060240963856,0.5629228687415426,332,"[""fem"", ""masc""]","[[208, 124], [199, 409]]"
llama-3.2-1b,target_final_subtoken,gender,root-heldout,1,all,masc,0.7673545966228893,0.6726973684210527,0.7169149868536372,608,"[""fem"", ""masc""]","[[208, 124], [199, 409]]"
llama-3.2-1b,target_final_subtoken,gender,root-heldout,2,ADJ,fem,0.7899159663865546,0.94,0.8584474885844748,100,"[""fem"", ""masc""]","[[94, 6], [25, 54]]"
llama-3.2-1b,target_final_subtoken,gender,root-heldout,2,ADJ,masc,0.9,0.6835443037974683,0.7769784172661871,79,"[""fem"", ""masc""]","[[94, 6], [25, 54]]"
llama-3.2-1b,target_final_subtoken,gender,root-heldout,2,NOUN,fem,0.6338582677165354,0.6216216216216216,0.6276803118908382,259,"[""fem"", ""masc""]","[[161, 98], [93, 236]]"
llama-3.2-1b,target_final_subtoken,gender,root-heldout,2,NOUN,masc,0.7065868263473054,0.7173252279635258,0.7119155354449472,329,"[""fem"", ""masc""]","[[161, 98], [93, 236]]"
llama-3.2-1b,target_final_subtoken,gender,root-heldout,2,VERB,fem,0.5588235294117647,0.5671641791044776,0.562962962962963,67,"[""fem"", ""masc""]","[[38, 29], [30, 76]]"
llama-3.2-1b,target_final_subtoken,gender,root-heldout,2,VERB,masc,0.7238095238095238,0.7169811320754716,0.7203791469194313,106,"[""fem"", ""masc""]","[[38, 29], [30, 76]]"
llama-3.2-1b,target_final_subtoken,gender,root-heldout,2,all,fem,0.6643990929705216,0.687793427230047,0.6758938869665513,426,"[""fem"", ""masc""]","[[293, 133], [148, 366]]"
llama-3.2-1b,target_final_subtoken,gender,root-heldout,2,all,masc,0.7334669338677354,0.7120622568093385,0.7226061204343535,514,"[""fem"", ""masc""]","[[293, 133], [148, 366]]"
llama-3.2-1b,target_final_subtoken,gender,root-heldout,3,ADJ,fem,0.7796610169491526,0.7931034482758621,0.7863247863247863,58,"[""fem"", ""masc""]","[[46, 12], [13, 52]]"
llama-3.2-1b,target_final_subtoken,gender,root-heldout,3,ADJ,masc,0.8125,0.8,0.8062015503875969,65,"[""fem"", ""masc""]","[[46, 12], [13, 52]]"
llama-3.2-1b,target_final_subtoken,gender,root-heldout,3,NOUN,fem,0.4388888888888889,0.5231788079470199,0.4773413897280967,151,"[""fem"", ""masc""]","[[79, 72], [101, 385]]"
llama-3.2-1b,target_final_subtoken,gender,root-heldout,3,NOUN,masc,0.8424507658643327,0.7921810699588477,0.8165429480381761,486,"[""fem"", ""masc""]","[[79, 72], [101, 385]]"
llama-3.2-1b,target_final_subtoken,gender,root-heldout,3,VERB,fem,0.5283018867924528,0.4666666666666667,0.49557522123893805,60,"[""fem"", ""masc""]","[[28, 32], [25, 95]]"
llama-3.2-1b,target_final_subtoken,gender,root-heldout,3,VERB,masc,0.7480314960629921,0.7916666666666666,0.7692307692307693,120,"[""fem"", ""masc""]","[[28, 32], [25, 95]]"
llama-3.2-1b,target_final_subtoken,gender,root-heldout,3,all,fem,0.523972602739726,0.5687732342007435,0.5454545454545454,269,"[""fem"", ""masc""]","[[153, 116], [139, 532]]"
llama-3.2-1b,target_final_subtoken,gender,root-heldout,3,all,masc,0.8209876543209876,0.7928464977645305,0.8066717210007581,671,"[""fem"", ""masc""]","[[153, 116], [139, 532]]"
llama-3.2-1b,target_final_subtoken,gender,root-heldout,4,ADJ,fem,0.7547169811320755,0.6557377049180327,0.7017543859649122,61,"[""fem"", ""masc""]","[[40, 21], [13, 53]]"
llama-3.2-1b,target_final_subtoken,gender,root-heldout,4,ADJ,masc,0.7162162162162162,0.803030303030303,0.7571428571428571,66,"[""fem"", ""masc""]","[[40, 21], [13, 53]]"
llama-3.2-1b,target_final_subtoken,gender,root-heldout,4,NOUN,fem,0.4232209737827715,0.551219512195122,0.4788135593220339,205,"[""fem"", ""masc""]","[[113, 92], [154, 243]]"
llama-3.2-1b,target_final_subtoken,gender,root-heldout,4,NOUN,masc,0.7253731343283583,0.6120906801007556,0.6639344262295082,397,"[""fem"", ""masc""]","[[113, 92], [154, 243]]"
llama-3.2-1b,target_final_subtoken,gender,root-heldout,4,VERB,fem,0.7532467532467533,0.6444444444444445,0.6946107784431138,90,"[""fem"", ""masc""]","[[58, 32], [19, 101]]"
llama-3.2-1b,target_final_subtoken,gender,root-heldout,4,VERB,masc,0.7593984962406015,0.8416666666666667,0.7984189723320159,120,"[""fem"", ""masc""]","[[58, 32], [19, 101]]"
llama-3.2-1b,target_final_subtoken,gender,root-heldout,4,all,fem,0.5314861460957179,0.5926966292134831,0.5604249667994687,356,"[""fem"", ""masc""]","[[211, 145], [186, 397]]"
llama-3.2-1b,target_final_subtoken,gender,root-heldout,4,all,masc,0.7324723247232472,0.6809605488850772,0.7057777777777777,583,"[""fem"", ""masc""]","[[211, 145], [186, 397]]"
llama-3.2-1b,target_final_subtoken,number,lemma-heldout,0,ADJ,du,0.3333333333333333,1.0,0.5,1,"[""du"", ""pl"", ""sg""]","[[1, 0, 0], [1, 3, 0], [1, 15, 130]]"
llama-3.2-1b,target_final_subtoken,number,lemma-heldout,0,ADJ,pl,0.16666666666666666,0.75,0.2727272727272727,4,"[""du"", ""pl"", ""sg""]","[[1, 0, 0], [1, 3, 0], [1, 15, 130]]"
llama-3.2-1b,target_final_subtoken,number,lemma-heldout,0,ADJ,sg,1.0,0.8904109589041096,0.9420289855072463,146,"[""du"", ""pl"", ""sg""]","[[1, 0, 0], [1, 3, 0], [1, 15, 130]]"
llama-3.2-1b,target_final_subtoken,number,lemma-heldout,0,NOUN,du,0.07692307692307693,0.25,0.11764705882352941,4,"[""du"", ""pl"", ""sg""]","[[1, 0, 3], [7, 105, 44], [5, 42, 430]]"
llama-3.2-1b,target_final_subtoken,number,lemma-heldout,0,NOUN,pl,0.7142857142857143,0.6730769230769231,0.693069306930693,156,"[""du"", ""pl"", ""sg""]","[[1, 0, 3], [7, 105, 44], [5, 42, 430]]"
llama-3.2-1b,target_final_subtoken,number,lemma-heldout,0,NOUN,sg,0.9014675052410901,0.9014675052410901,0.9014675052410901,477,"[""du"", ""pl"", ""sg""]","[[1, 0, 3], [7, 105, 44], [5, 42, 430]]"
llama-3.2-1b,target_final_subtoken,number,lemma-heldout,0,VERB,du,0.0,0.0,0.0,1,"[""du"", ""pl"", ""sg""]","[[0, 0, 1], [0, 9, 3], [3, 15, 121]]"
llama-3.2-1b,target_final_subtoken,number,lemma-heldout,0,VERB,pl,0.375,0.75,0.5,12,"[""du"", ""pl"", ""sg""]","[[0, 0, 1], [0, 9, 3], [3, 15, 121]]"
llama-3.2-1b,target_final_subtoken,number,lemma-heldout,0,VERB,sg,0.968,0.8705035971223022,0.9166666666666666,139,"[""du"", ""pl"", ""sg""]","[[0, 0, 1], [0, 9, 3], [3, 15, 121]]"
llama-3.2-1b,target_final_subtoken,number,lemma-heldout,0,all,du,0.10526315789473684,0.3333333333333333,0.16,6,"[""du"", ""pl"", ""sg""]","[[2, 0, 4], [8, 117, 47], [9, 72, 681]]"
llama-3.2-1b,target_final_subtoken,number,lemma-heldout,0,all,pl,0.6190476190476191,0.6802325581395349,0.6481994459833795,172,"[""du"", ""pl"", ""sg""]","[[2, 0, 4], [8, 117, 47], [9, 72, 681]]"
llama-3.2-1b,target_final_subtoken,number,lemma-heldout,0,all,sg,0.930327868852459,0.8937007874015748,0.9116465863453815,762,"[""du"", ""pl"", ""sg""]","[[2, 0, 4], [8, 117, 47], [9, 72, 681]]"
llama-3.2-1b,target_final_subtoken,number,lemma-heldout,1,ADJ,pl,0.19230769230769232,1.0,0.3225806451612903,5,"[""pl"", ""sg""]","[[5, 0], [21, 158]]"
llama-3.2-1b,target_final_subtoken,number,lemma-heldout,1,ADJ,sg,1.0,0.88268156424581,0.9376854599406528,179,"[""pl"", ""sg""]","[[5, 0], [21, 158]]"
llama-3.2-1b,target_final_subtoken,number,lemma-heldout,1,NOUN,du,0.043478260869565216,0.1111111111111111,0.0625,9,"[""du"", ""pl"", ""sg""]","[[1, 6, 2], [0, 99, 18], [22, 69, 365]]"
llama-3.2-1b,target_final_subtoken,number,lemma-heldout,1,NOUN,pl,0.5689655172413793,0.8461538461538461,0.6804123711340206,117,"[""du"", ""pl"", ""sg""]","[[1, 6, 2], [0, 99, 18], [22, 69, 365]]"
llama-3.2-1b,target_final_subtoken,number,lemma-heldout,1,NOUN,sg,0.948051948051948,0.8004385964912281,0.8680142687277052,456,"[""du"", ""pl"", ""sg""]","[[1, 6, 2], [0, 99, 18], [22, 69, 365]]"
llama-3.2-1b,target_final_subtoken,number,lemma-heldout,1,VERB,du,0.0,0.0,0.0,1,"[""du"", ""pl"", ""sg""]","[[0, 0, 1], [0, 10, 5], [0, 35, 123]]"
llama-3.2-1b,target_final_subtoken,number,lemma-heldout,1,VERB,pl,0.2222222222222222,0.6666666666666666,0.3333333333333333,15,"[""du"", ""pl"", ""sg""]","[[0, 0, 1], [0, 10, 5], [0, 35, 123]]"
llama-3.2-1b,target_final_subtoken,number,lemma-heldout,1,VERB,sg,0.9534883720930233,0.7784810126582279,0.8571428571428571,158,"[""du"", ""pl"", ""sg""]","[[0, 0, 1], [0, 10, 5], [0, 35, 123]]"
llama-3.2-1b,target_final_subtoken,number,lemma-heldout,1,all,du,0.043478260869565216,0.1,0.06060606060606061,10,"[""du"", ""pl"", ""sg""]","[[1, 6, 3], [0, 114, 23], [22, 125, 646]]"
llama-3.2-1b,target_final_subtoken,number,lemma-heldout,1,all,pl,0.46530612244897956,0.8321167883211679,0.5968586387434555,137,"[""du"", ""pl"", ""sg""]","[[1, 6, 3], [0, 114, 23], [22, 125, 646]]"
llama-3.2-1b,target_final_subtoken,number,lemma-heldout,1,all,sg,0.9613095238095238,0.8146279949558638,0.8819112627986349,793,"[""du"", ""pl"", ""sg""]","[[1, 6, 3], [0, 114, 23], [22, 125, 646]]"
llama-3.2-1b,target_final_subtoken,number,lemma-heldout,2,ADJ,pl,0.17857142857142858,1.0,0.30303030303030304,5,"[""pl"", ""sg""]","[[5, 0], [23, 127]]"
llama-3.2-1b,target_final_subtoken,number,lemma-heldout,2,ADJ,sg,1.0,0.8466666666666667,0.9169675090252708,150,"[""pl"", ""sg""]","[[5, 0], [23, 127]]"
llama-3.2-1b,target_final_subtoken,number,lemma-heldout,2,NOUN,du,0.3333333333333333,0.6666666666666666,0.4444444444444444,9,"[""du"", ""pl"", ""sg""]","[[6, 3, 0], [2, 88, 43], [10, 54, 382]]"
llama-3.2-1b,target_final_subtoken,number,lemma-heldout,2,NOUN,pl,0.6068965517241379,0.6616541353383458,0.6330935251798561,133,"[""du"", ""pl"", ""sg""]","[[6, 3, 0], [2, 88, 43], [10, 54, 382]]"
llama-3.2-1b,target_final_subtoken,number,lemma-heldout,2,NOUN,sg,0.8988235294117647,0.8565022421524664,0.8771526980482205,446,"[""du"", ""pl"", ""sg""]","[[6, 3, 0], [2, 88, 43], [10, 54, 382]]"
llama-3.2-1b,target_final_subtoken,number,lemma-heldout,2,VERB,du,0.3333333333333333,0.5,0.4,2,"[""du"", ""pl"", ""sg""]","[[1, 0, 1], [0, 11, 1], [2, 22, 159]]"
llama-3.2-1b,target_final_subtoken,number,lemma-heldout,2,VERB,pl,0.3333333333333333,0.9166666666666666,0.4888888888888889,12,"[""du"", ""pl"", ""sg""]","[[1, 0, 1], [0, 11, 1], [2, 22, 159]]"
llama-3.2-1b,target_final_subtoken,number,lemma-heldout,2,VERB,sg,0.9875776397515528,0.8688524590163934,0.9244186046511628,183,"[""du"", ""pl"", ""sg""]","[[1, 0, 1], [0, 11, 1], [2, 22, 159]]"
llama-3.2-1b,target_final_subtoken,number,lemma-heldout,2,all,du,0.3333333333333333,0.6363636363636364,0.4375,11,"[""du"", ""pl"", ""sg""]","[[7, 3, 1], [2, 104, 44], [12, 99, 668]]"
llama-3.2-1b,target_final_subtoken,number,lemma-heldout,2,all,pl,0.5048543689320388,0.6933333333333334,0.5842696629213483,150,"[""du"", ""pl"", ""sg""]","[[7, 3, 1], [2, 104, 44], [12, 99, 668]]"
llama-3.2-1b,target_final_subtoken,number,lemma-heldout,2,all,sg,0.9368863955119214,0.8575096277278562,0.8954423592493298,779,"[""du"", ""pl"", ""sg""]","[[7, 3, 1], [2, 104, 44], [12, 99, 668]]"
llama-3.2-1b,target_final_subtoken,number,lemma-heldout,3,ADJ,du,0.2857142857142857,1.0,0.4444444444444444,2,"[""du"", ""pl"", ""sg""]","[[2, 0, 0], [0, 2, 0], [5, 21, 141]]"
llama-3.2-1b,target_final_subtoken,number,lemma-heldout,3,ADJ,pl,0.08695652173913043,1.0,0.16,2,"[""du"", ""pl"", ""sg""]","[[2, 0, 0], [0, 2, 0], [5, 21, 141]]"
llama-3.2-1b,target_final_subtoken,number,lemma-heldout,3,ADJ,sg,1.0,0.844311377245509,0.9155844155844156,167,"[""du"", ""pl"", ""sg""]","[[2, 0, 0], [0, 2, 0], [5, 21, 141]]"
llama-3.2-1b,target_final_subtoken,number,lemma-heldout,3,NOUN,du,0.35,0.7777777777777778,0.4827586206896552,9,"[""du"", ""pl"", ""sg""]","[[7, 1, 1], [0, 93, 19], [13, 61, 416]]"
llama-3.2-1b,target_final_subtoken,number,lemma-heldout,3,NOUN,pl,0.6,0.8303571428571429,0.6966292134831461,112,"[""du"", ""pl"", ""sg""]","[[7, 1, 1], [0, 93, 19], [13, 61, 416]]"
llama-3.2-1b,target_final_subtoken,number,lemma-heldout,3,NOUN,sg,0.9541284403669725,0.8489795918367347,0.8984881209503239,490,"[""du"", ""pl"", ""sg""]","[[7, 1, 1], [0, 93, 19], [13, 61, 416]]"
llama-3.2-1b,target_final_subtoken,number,lemma-heldout,3,VERB,du,0.3333333333333333,1.0,0.5,1,"[""du"", ""pl"", ""sg""]","[[1, 0, 0], [0, 4, 4], [2, 27, 120]]"
llama-3.2-1b,target_final_subtoken,number,lemma-heldout,3,VERB,pl,0.12903225806451613,0.5,0.20512820512820512,8,"[""du"", ""pl"", ""sg""]","[[1, 0, 0], [0, 4, 4], [2, 27, 120]]"
llama-3.2-1b,target_final_subtoken,number,lemma-heldout,3,VERB,sg,0.967741935483871,0.8053691275167785,0.8791208791208791,149,"[""du"", ""pl"", ""sg""]","[[1, 0, 0], [0, 4, 4], [2, 27, 120]]"
llama-3.2-1b,target_final_subtoken,number,lemma-heldout,3,all,du,0.3333333333333333,0.8333333333333334,0.47619047619047616,12,"[""du"", ""pl"", ""sg""]","[[10, 1, 1], [0, 99, 23], [20, 109, 677]]"
llama-3.2-1b,target_final_subtoken,number,lemma-heldout,3,all,pl,0.47368421052631576,0.8114754098360656,0.5981873111782477,122,"[""du"", ""pl"", ""sg""]","[[10, 1, 1], [0, 99, 23], [20, 109, 677]]"
llama-3.2-1b,target_final_subtoken,number,lemma-heldout,3,all,sg,0.9657631954350927,0.8399503722084367,0.8984737889847378,806,"[""du"", ""pl"", ""sg""]","[[10, 1, 1], [0, 99, 23], [20, 109, 677]]"
llama-3.2-1b,target_final_subtoken,number,lemma-heldout,4,ADJ,du,1.0,0.5,0.6666666666666666,2,"[""du"", ""pl"", ""sg""]","[[1, 1, 0], [0, 1, 1], [0, 38, 206]]"
llama-3.2-1b,target_final_subtoken,number,lemma-heldout,4,ADJ,pl,0.025,0.5,0.047619047619047616,2,"[""du"", ""pl"", ""sg""]","[[1, 1, 0], [0, 1, 1], [0, 38, 206]]"
llama-3.2-1b,target_final_subtoken,number,lemma-heldout,4,ADJ,sg,0.9951690821256038,0.8442622950819673,0.9135254988913526,244,"[""du"", ""pl"", ""sg""]","[[1, 1, 0], [0, 1, 1], [0, 38, 206]]"
llama-3.2-1b,target_final_subtoken,number,lemma-heldout,4,NOUN,du,0.058823529411764705,0.5,0.10526315789473684,2,"[""du"", ""pl"", ""sg""]","[[1, 1, 0], [4, 67, 42], [12, 68, 343]]"
llama-3.2-1b,target_final_subtoken,number,lemma-heldout,4,NOUN,pl,0.49264705882352944,0.5929203539823009,0.5381526104417671,113,"[""du"", ""pl"", ""sg""]","[[1, 1, 0], [4, 67, 42], [12, 68, 343]]"
llama-3.2-1b,target_final_subtoken,number,lemma-heldout,4,NOUN,sg,0.8909090909090909,0.8108747044917257,0.849009900990099,423,"[""du"", ""pl"", ""sg""]","[[1, 1, 0], [4, 67, 42], [12, 68, 343]]"
llama-3.2-1b,target_final_subtoken,number,lemma-heldout,4,VERB,du,0.0,0.0,0.0,2,"[""du"", ""pl"", ""sg""]","[[0, 2, 0], [0, 4, 0], [3, 12, 132]]"
llama-3.2-1b,target_final_subtoken,number,lemma-heldout,4,VERB,pl,0.2222222222222222,1.0,0.36363636363636365,4,"[""du"", ""pl"", ""sg""]","[[0, 2, 0], [0, 4, 0], [3, 12, 132]]"
llama-3.2-1b,target_final_subtoken,number,lemma-heldout,4,VERB,sg,1.0,0.8979591836734694,0.946236559139785,147,"[""du"", ""pl"", ""sg""]","[[0, 2, 0], [0, 4, 0], [3, 12, 132]]"
llama-3.2-1b,target_final_subtoken,number,lemma-heldout,4,all,du,0.09523809523809523,0.3333333333333333,0.14814814814814814,6,"[""du"", ""pl"", ""sg""]","[[2, 4, 0], [4, 72, 43], [15, 118, 681]]"
llama-3.2-1b,target_final_subtoken,number,lemma-heldout,4,all,pl,0.3711340206185567,0.6050420168067226,0.46006389776357826,119,"[""du"", ""pl"", ""sg""]","[[2, 4, 0], [4, 72, 43], [15, 118, 681]]"
llama-3.2-1b,target_final_subtoken,number,lemma-heldout,4,all,sg,0.9406077348066298,0.8366093366093366,0.8855656697009102,814,"[""du"", ""pl"", ""sg""]","[[2, 4, 0], [4, 72, 43], [15, 118, 681]]"
llama-3.2-1b,target_final_subtoken,number,random,0,ADJ,du,0.0,0.0,0.0,0,"[""du"", ""pl"", ""sg""]","[[0, 0, 0], [0, 1, 0], [1, 3, 174]]"
llama-3.2-1b,target_final_subtoken,number,random,0,ADJ,pl,0.25,1.0,0.4,1,"[""du"", ""pl"", ""sg""]","[[0, 0, 0], [0, 1, 0], [1, 3, 174]]"
llama-3.2-1b,target_final_subtoken,number,random,0,ADJ,sg,1.0,0.9775280898876404,0.9886363636363636,178,"[""du"", ""pl"", ""sg""]","[[0, 0, 0], [0, 1, 0], [1, 3, 174]]"
llama-3.2-1b,target_final_subtoken,number,random,0,NOUN,du,0.6666666666666666,0.75,0.7058823529411765,8,"[""du"", ""pl"", ""sg""]","[[6, 1, 1], [0, 124, 6], [3, 21, 442]]"
llama-3.2-1b,target_final_subtoken,number,random,0,NOUN,pl,0.8493150684931506,0.9538461538461539,0.8985507246376812,130,"[""du"", ""pl"", ""sg""]","[[6, 1, 1], [0, 124, 6], [3, 21, 442]]"
llama-3.2-1b,target_final_subtoken,number,random,0,NOUN,sg,0.9844097995545658,0.9484978540772532,0.966120218579235,466,"[""du"", ""pl"", ""sg""]","[[6, 1, 1], [0, 124, 6], [3, 21, 442]]"
llama-3.2-1b,target_final_subtoken,number,random,0,VERB,du,0.0,0.0,0.0,1,"[""du"", ""pl"", ""sg""]","[[0, 0, 1], [0, 7, 2], [1, 4, 142]]"
llama-3.2-1b,target_final_subtoken,number,random,0,VERB,pl,0.6363636363636364,0.7777777777777778,0.7,9,"[""du"", ""pl"", ""sg""]","[[0, 0, 1], [0, 7, 2], [1, 4, 142]]"
llama-3.2-1b,target_final_subtoken,number,random,0,VERB,sg,0.9793103448275862,0.9659863945578231,0.9726027397260274,147,"[""du"", ""pl"", ""sg""]","[[0, 0, 1], [0, 7, 2], [1, 4, 142]]"
llama-3.2-1b,target_final_subtoken,number,random,0,all,du,0.5454545454545454,0.6666666666666666,0.6,9,"[""du"", ""pl"", ""sg""]","[[6, 1, 2], [0, 132, 8], [5, 28, 758]]"
llama-3.2-1b,target_final_subtoken,number,random,0,all,pl,0.8198757763975155,0.9428571428571428,0.8770764119601329,140,"[""du"", ""pl"", ""sg""]","[[6, 1, 2], [0, 132, 8], [5, 28, 758]]"
llama-3.2-1b,target_final_subtoken,number,random,0,all,sg,0.9869791666666666,0.9582806573957017,0.9724182168056447,791,"[""du"", ""pl"", ""sg""]","[[6, 1, 2], [0, 132, 8], [5, 28, 758]]"
llama-3.2-1b,target_final_subtoken,number,random,1,ADJ,du,0.5,0.5,0.5,2,"[""du"", ""pl"", ""sg""]","[[1, 0, 1], [1, 3, 2], [0, 3, 183]]"
llama-3.2-1b,target_final_subtoken,number,random,1,ADJ,pl,0.5,0.5,0.5,6,"[""du"", ""pl"", ""sg""]","[[1, 0, 1], [1, 3, 2], [0, 3, 183]]"
llama-3.2-1b,target_final_subtoken,number,random,1,ADJ,sg,0.9838709677419355,0.9838709677419355,0.9838709677419355,186,"[""du"", ""pl"", ""sg""]","[[1, 0, 1], [1, 3, 2], [0, 3, 183]]"
llama-3.2-1b,target_final_subtoken,number,random,1,NOUN,du,0.6,1.0,0.75,6,"[""du"", ""pl"", ""sg""]","[[6, 0, 0], [0, 114, 11], [4, 17, 428]]"
llama-3.2-1b,target_final_subtoken,number,random,1,NOUN,pl,0.8702290076335878,0.912,0.890625,125,"[""du"", ""pl"", ""sg""]","[[6, 0, 0], [0, 114, 11], [4, 17, 428]]"
llama-3.2-1b,target_final_subtoken,number,random,1,NOUN,sg,0.9749430523917996,0.9532293986636972,0.963963963963964,449,"[""du"", ""pl"", ""sg""]","[[6, 0, 0], [0, 114, 11], [4, 17, 428]]"
llama-3.2-1b,target_final_subtoken,number,random,1,VERB,du,0.5,1.0,0.6666666666666666,1,"[""du"", ""pl"", ""sg""]","[[1, 0, 0], [0, 5, 4], [1, 9, 146]]"
llama-3.2-1b,target_final_subtoken,number,random,1,VERB,pl,0.35714285714285715,0.5555555555555556,0.43478260869565216,9,"[""du"", ""pl"", ""sg""]","[[1, 0, 0], [0, 5, 4], [1, 9, 146]]"
llama-3.2-1b,target_final_subtoken,number,random,1,VERB,sg,0.9733333333333334,0.9358974358974359,0.954248366013072,156,"[""du"", ""pl"", ""sg""]","[[1, 0, 0], [0, 5, 4], [1, 9, 146]]"
llama-3.2-1b,target_final_subtoken,number,random,1,all,du,0.5714285714285714,0.8888888888888888,0.6956521739130435,9,"[""du"", ""pl"", ""sg""]","[[8, 0, 1], [1, 122, 17], [5, 29, 757]]"
llama-3.2-1b,target_final_subtoken,number,random,1,all,pl,0.8079470198675497,0.8714285714285714,0.8384879725085911,140,"[""du"", ""pl"", ""sg""]","[[8, 0, 1], [1, 122, 17], [5, 29, 757]]"
llama-3.2-1b,target_final_subtoken,number,random,1,all,sg,0.9767741935483871,0.9570164348925411,0.966794380587484,791,"[""du"", ""pl"", ""sg""]","[[8, 0, 1], [1, 122, 17], [5, 29, 757]]"
llama-3.2-1b,target_final_subtoken,number,random,2,ADJ,du,0.0,0.0,0.0,0,"[""du"", ""pl"", ""sg""]","[[0, 0, 0], [0, 2, 1], [2, 5, 159]]"
llama-3.2-1b,target_final_subtoken,number,random,2,ADJ,pl,0.2857142857142857,0.6666666666666666,0.4,3,"[""du"", ""pl"", ""sg""]","[[0, 0, 0], [0, 2, 1], [2, 5, 159]]"
llama-3.2-1b,target_final_subtoken,number,random,2,ADJ,sg,0.99375,0.9578313253012049,0.9754601226993865,166,"[""du"", ""pl"", ""sg""]","[[0, 0, 0], [0, 2, 1], [2, 5, 159]]"
llama-3.2-1b,target_final_subtoken,number,random,2,NOUN,du,0.5714285714285714,0.6666666666666666,0.6153846153846154,6,"[""du"", ""pl"", ""sg""]","[[4, 0, 2], [0, 119, 7], [3, 13, 446]]"
llama-3.2-1b,target_final_subtoken,number,random,2,NOUN,pl,0.9015151515151515,0.9444444444444444,0.9224806201550387,126,"[""du"", ""pl"", ""sg""]","[[4, 0, 2], [0, 119, 7], [3, 13, 446]]"
llama-3.2-1b,target_final_subtoken,number,random,2,NOUN,sg,0.9802197802197802,0.9653679653679653,0.9727371864776445,462,"[""du"", ""pl"", ""sg""]","[[4, 0, 2], [0, 119, 7], [3, 13, 446]]"
llama-3.2-1b,target_final_subtoken,number,random,2,VERB,du,0.5,0.3333333333333333,0.4,3,"[""du"", ""pl"", ""sg""]","[[1, 1, 1], [0, 9, 2], [1, 8, 154]]"
llama-3.2-1b,target_final_subtoken,number,random,2,VERB,pl,0.5,0.8181818181818182,0.6206896551724138,11,"[""du"", ""pl"", ""sg""]","[[1, 1, 1], [0, 9, 2], [1, 8, 154]]"
llama-3.2-1b,target_final_subtoken,number,random,2,VERB,sg,0.9808917197452229,0.9447852760736196,0.9625,163,"[""du"", ""pl"", ""sg""]","[[1, 1, 1], [0, 9, 2], [1, 8, 154]]"
llama-3.2-1b,target_final_subtoken,number,random,2,all,du,0.45454545454545453,0.5555555555555556,0.5,9,"[""du"", ""pl"", ""sg""]","[[5, 1, 3], [0, 130, 10], [6, 26, 759]]"
llama-3.2-1b,target_final_subtoken,number,random,2,all,pl,0.8280254777070064,0.9285714285714286,0.8754208754208754,140,"[""du"", ""pl"", ""sg""]","[[5, 1, 3], [0, 130, 10], [6, 26, 759]]"
llama-3.2-1b,target_final_subtoken,number,random,2,all,sg,0.9831606217616581,0.9595448798988622,0.9712092130518234,791,"[""du"", ""pl"", ""sg""]","[[5, 1, 3], [0, 130, 10], [6, 26, 759]]"
llama-3.2-1b,target_final_subtoken,number,random,3,ADJ,du,0.6666666666666666,0.6666666666666666,0.6666666666666666,3,"[""du"", ""pl"", ""sg""]","[[2, 1, 0], [1, 3, 0], [0, 8, 179]]"
llama-3.2-1b,target_final_subtoken,number,random,3,ADJ,pl,0.25,0.75,0.375,4,"[""du"", ""pl"", ""sg""]","[[2, 1, 0], [1, 3, 0], [0, 8, 179]]"
llama-3.2-1b,target_final_subtoken,number,random,3,ADJ,sg,1.0,0.9572192513368984,0.9781420765027322,187,"[""du"", ""pl"", ""sg""]","[[2, 1, 0], [1, 3, 0], [0, 8, 179]]"
llama-3.2-1b,target_final_subtoken,number,random,3,NOUN,du,0.8,0.6666666666666666,0.7272727272727273,6,"[""du"", ""pl"", ""sg""]","[[4, 2, 0], [0, 114, 9], [1, 17, 414]]"
llama-3.2-1b,target_final_subtoken,number,random,3,NOUN,pl,0.8571428571428571,0.926829268292683,0.890625,123,"[""du"", ""pl"", ""sg""]","[[4, 2, 0], [0, 114, 9], [1, 17, 414]]"
llama-3.2-1b,target_final_subtoken,number,random,3,NOUN,sg,0.9787234042553191,0.9583333333333334,0.968421052631579,432,"[""du"", ""pl"", ""sg""]","[[4, 2, 0], [0, 114, 9], [1, 17, 414]]"
llama-3.2-1b,target_final_subtoken,number,random,3,VERB,du,0.0,0.0,0.0,0,"[""du"", ""pl"", ""sg""]","[[0, 0, 0], [0, 12, 1], [3, 6, 163]]"
llama-3.2-1b,target_final_subtoken,number,random,3,VERB,pl,0.6666666666666666,0.9230769230769231,0.7741935483870968,13,"[""du"", ""pl"", ""sg""]","[[0, 0, 0], [0, 12, 1], [3, 6, 163]]"
llama-3.2-1b,target_final_subtoken,number,random,3,VERB,sg,0.9939024390243902,0.9476744186046512,0.9702380952380952,172,"[""du"", ""pl"", ""sg""]","[[0, 0, 0], [0, 12, 1], [3, 6, 163]]"
llama-3.2-1b,target_final_subtoken,number,random,3,all,du,0.5454545454545454,0.6666666666666666,0.6,9,"[""du"", ""pl"", ""sg""]","[[6, 3, 0], [1, 129, 10], [4, 31, 756]]"
llama-3.2-1b,target_final_subtoken,number,random,3,all,pl,0.7914110429447853,0.9214285714285714,0.8514851485148515,140,"[""du"", ""pl"", ""sg""]","[[6, 3, 0], [1, 129, 10], [4, 31, 756]]"
llama-3.2-1b,target_final_subtoken,number,random,3,all,sg,0.9869451697127938,0.9557522123893806,0.9710982658959537,791,"[""du"", ""pl"", ""sg""]","[[6, 3, 0], [1, 129, 10], [4, 31, 756]]"
llama-3.2-1b,target_final_subtoken,number,random,4,ADJ,du,0.0,0.0,0.0,0,"[""du"", ""pl"", ""sg""]","[[0, 0, 0], [0, 4, 0], [3, 7, 159]]"
llama-3.2-1b,target_final_subtoken,number,random,4,ADJ,pl,0.36363636363636365,1.0,0.5333333333333333,4,"[""du"", ""pl"", ""sg""]","[[0, 0, 0], [0, 4, 0], [3, 7, 159]]"
llama-3.2-1b,target_final_subtoken,number,random,4,ADJ,sg,1.0,0.9408284023668639,0.9695121951219512,169,"[""du"", ""pl"", ""sg""]","[[0, 0, 0], [0, 4, 0], [3, 7, 159]]"
llama-3.2-1b,target_final_subtoken,number,random,4,NOUN,du,0.6363636363636364,1.0,0.7777777777777778,7,"[""du"", ""pl"", ""sg""]","[[7, 0, 0], [1, 122, 4], [3, 12, 468]]"
llama-3.2-1b,target_final_subtoken,number,random,4,NOUN,pl,0.9104477611940298,0.9606299212598425,0.9348659003831418,127,"[""du"", ""pl"", ""sg""]","[[7, 0, 0], [1, 122, 4], [3, 12, 468]]"
llama-3.2-1b,target_final_subtoken,number,random,4,NOUN,sg,0.9915254237288136,0.968944099378882,0.9801047120418848,483,"[""du"", ""pl"", ""sg""]","[[7, 0, 0], [1, 122, 4], [3, 12, 468]]"
llama-3.2-1b,target_final_subtoken,number,random,4,VERB,du,0.4,1.0,0.5714285714285714,2,"[""du"", ""pl"", ""sg""]","[[2, 0, 0], [1, 6, 2], [2, 7, 129]]"
llama-3.2-1b,target_final_subtoken,number,random,4,VERB,pl,0.46153846153846156,0.6666666666666666,0.5454545454545454,9,"[""du"", ""pl"", ""sg""]","[[2, 0, 0], [1, 6, 2], [2, 7, 129]]"
llama-3.2-1b,target_final_subtoken,number,random,4,VERB,sg,0.9847328244274809,0.9347826086956522,0.9591078066914498,138,"[""du"", ""pl"", ""sg""]","[[2, 0, 0], [1, 6, 2], [2, 7, 129]]"
llama-3.2-1b,target_final_subtoken,number,random,4,all,du,0.47368421052631576,1.0,0.6428571428571429,9,"[""du"", ""pl"", ""sg""]","[[9, 0, 0], [2, 132, 6], [8, 26, 756]]"
llama-3.2-1b,target_final_subtoken,number,random,4,all,pl,0.8354430379746836,0.9428571428571428,0.8859060402684564,140,"[""du"", ""pl"", ""sg""]","[[9, 0, 0], [2, 132, 6], [8, 26, 756]]"
llama-3.2-1b,target_final_subtoken,number,random,4,all,sg,0.9921259842519685,0.9569620253164557,0.9742268041237113,790,"[""du"", ""pl"", ""sg""]","[[9, 0, 0], [2, 132, 6], [8, 26, 756]]"
llama-3.2-1b,target_final_subtoken,number,root-heldout,0,ADJ,du,0.2,1.0,0.3333333333333333,1,"[""du"", ""pl"", ""sg""]","[[1, 0, 0], [1, 2, 0], [3, 36, 238]]"
llama-3.2-1b,target_final_subtoken,number,root-heldout,0,ADJ,pl,0.05263157894736842,0.6666666666666666,0.0975609756097561,3,"[""du"", ""pl"", ""sg""]","[[1, 0, 0], [1, 2, 0], [3, 36, 238]]"
llama-3.2-1b,target_final_subtoken,number,root-heldout,0,ADJ,sg,1.0,0.8592057761732852,0.9242718446601942,277,"[""du"", ""pl"", ""sg""]","[[1, 0, 0], [1, 2, 0], [3, 36, 238]]"
llama-3.2-1b,target_final_subtoken,number,root-heldout,0,NOUN,du,0.4444444444444444,0.8,0.5714285714285714,5,"[""du"", ""pl"", ""sg""]","[[4, 1, 0], [2, 71, 31], [3, 70, 347]]"
llama-3.2-1b,target_final_subtoken,number,root-heldout,0,NOUN,pl,0.5,0.6826923076923077,0.5772357723577236,104,"[""du"", ""pl"", ""sg""]","[[4, 1, 0], [2, 71, 31], [3, 70, 347]]"
llama-3.2-1b,target_final_subtoken,number,root-heldout,0,NOUN,sg,0.917989417989418,0.8261904761904761,0.8696741854636592,420,"[""du"", ""pl"", ""sg""]","[[4, 1, 0], [2, 71, 31], [3, 70, 347]]"
llama-3.2-1b,target_final_subtoken,number,root-heldout,0,VERB,du,0.25,1.0,0.4,1,"[""du"", ""pl"", ""sg""]","[[1, 0, 0], [0, 11, 3], [3, 16, 96]]"
llama-3.2-1b,target_final_subtoken,number,root-heldout,0,VERB,pl,0.4074074074074074,0.7857142857142857,0.5365853658536586,14,"[""du"", ""pl"", ""sg""]","[[1, 0, 0], [0, 11, 3], [3, 16, 96]]"
llama-3.2-1b,target_final_subtoken,number,root-heldout,0,VERB,sg,0.9696969696969697,0.8347826086956521,0.897196261682243,115,"[""du"", ""pl"", ""sg""]","[[1, 0, 0], [0, 11, 3], [3, 16, 96]]"
llama-3.2-1b,target_final_subtoken,number,root-heldout,0,all,du,0.3333333333333333,0.8571428571428571,0.48,7,"[""du"", ""pl"", ""sg""]","[[6, 1, 0], [3, 84, 34], [9, 122, 681]]"
llama-3.2-1b,target_final_subtoken,number,root-heldout,0,all,pl,0.4057971014492754,0.6942148760330579,0.5121951219512195,121,"[""du"", ""pl"", ""sg""]","[[6, 1, 0], [3, 84, 34], [9, 122, 681]]"
llama-3.2-1b,target_final_subtoken,number,root-heldout,0,all,sg,0.9524475524475524,0.8386699507389163,0.8919449901768173,812,"[""du"", ""pl"", ""sg""]","[[6, 1, 0], [3, 84, 34], [9, 122, 681]]"
llama-3.2-1b,target_final_subtoken,number,root-heldout,1,ADJ,du,0.5,1.0,0.6666666666666666,2,"[""du"", ""pl"", ""sg""]","[[2, 0, 0], [0, 1, 0], [2, 31, 163]]"
llama-3.2-1b,target_final_subtoken,number,root-heldout,1,ADJ,pl,0.03125,1.0,0.06060606060606061,1,"[""du"", ""pl"", ""sg""]","[[2, 0, 0], [0, 1, 0], [2, 31, 163]]"
llama-3.2-1b,target_final_subtoken,number,root-heldout,1,ADJ,sg,1.0,0.8316326530612245,0.9080779944289693,196,"[""du"", ""pl"", ""sg""]","[[2, 0, 0], [0, 1, 0], [2, 31, 163]]"
llama-3.2-1b,target_final_subtoken,number,root-heldout,1,NOUN,du,0.0,0.0,0.0,7,"[""du"", ""pl"", ""sg""]","[[0, 2, 5], [0, 71, 15], [8, 62, 437]]"
llama-3.2-1b,target_final_subtoken,number,root-heldout,1,NOUN,pl,0.5259259259259259,0.8255813953488372,0.6425339366515838,86,"[""du"", ""pl"", ""sg""]","[[0, 2, 5], [0, 71, 15], [8, 62, 437]]"
llama-3.2-1b,target_final_subtoken,number,root-heldout,1,NOUN,sg,0.9562363238512035,0.8619329388560157,0.9066390041493776,507,"[""du"", ""pl"", ""sg""]","[[0, 2, 5], [0, 71, 15], [8, 62, 437]]"
llama-3.2-1b,target_final_subtoken,number,root-heldout,1,VERB,du,0.25,0.5,0.3333333333333333,2,"[""du"", ""pl"", ""sg""]","[[1, 0, 1], [0, 6, 2], [3, 17, 111]]"
llama-3.2-1b,target_final_subtoken,number,root-heldout,1,VERB,pl,0.2608695652173913,0.75,0.3870967741935484,8,"[""du"", ""pl"", ""sg""]","[[1, 0, 1], [0, 6, 2], [3, 17, 111]]"
llama-3.2-1b,target_final_subtoken,number,root-heldout,1,VERB,sg,0.9736842105263158,0.8473282442748091,0.9061224489795918,131,"[""du"", ""pl"", ""sg""]","[[1, 0, 1], [0, 6, 2], [3, 17, 111]]"
llama-3.2-1b,target_final_subtoken,number,root-heldout,1,all,du,0.1875,0.2727272727272727,0.2222222222222222,11,"[""du"", ""pl"", ""sg""]","[[3, 2, 6], [0, 78, 17], [13, 110, 711]]"
llama-3.2-1b,target_final_subtoken,number,root-heldout,1,all,pl,0.4105263157894737,0.8210526315789474,0.5473684210526316,95,"[""du"", ""pl"", ""sg""]","[[3, 2, 6], [0, 78, 17], [13, 110, 711]]"
llama-3.2-1b,target_final_subtoken,number,root-heldout,1,all,sg,0.9686648501362398,0.8525179856115108,0.9068877551020408,834,"[""du"", ""pl"", ""sg""]","[[3, 2, 6], [0, 78, 17], [13, 110, 711]]"
llama-3.2-1b,target_final_subtoken,number,root-heldout,2,ADJ,du,0.0,0.0,0.0,0,"[""du"", ""pl"", ""sg""]","[[0, 0, 0], [0, 4, 2], [6, 34, 133]]"
llama-3.2-1b,target_final_subtoken,number,root-heldout,2,ADJ,pl,0.10526315789473684,0.6666666666666666,0.18181818181818182,6,"[""du"", ""pl"", ""sg""]","[[0, 0, 0], [0, 4, 2], [6, 34, 133]]"
llama-3.2-1b,target_final_subtoken,number,root-heldout,2,ADJ,sg,0.9851851851851852,0.7687861271676301,0.8636363636363636,173,"[""du"", ""pl"", ""sg""]","[[0, 0, 0], [0, 4, 2], [6, 34, 133]]"
llama-3.2-1b,target_final_subtoken,number,root-heldout,2,NOUN,du,0.2,0.5,0.2857142857142857,2,"[""du"", ""pl"", ""sg""]","[[1, 0, 1], [2, 108, 34], [2, 51, 389]]"
llama-3.2-1b,target_final_subtoken,number,root-heldout,2,NOUN,pl,0.6792452830188679,0.75,0.7128712871287128,144,"[""du"", ""pl"", ""sg""]","[[1, 0, 1], [2, 108, 34], [2, 51, 389]]"
llama-3.2-1b,target_final_subtoken,number,root-heldout,2,NOUN,sg,0.9174528301886793,0.8800904977375565,0.8983833718244804,442,"[""du"", ""pl"", ""sg""]","[[1, 0, 1], [2, 108, 34], [2, 51, 389]]"
llama-3.2-1b,target_final_subtoken,number,root-heldout,2,VERB,du,0.2,0.5,0.2857142857142857,2,"[""du"", ""pl"", ""sg""]","[[1, 0, 1], [0, 6, 5], [4, 12, 144]]"
llama-3.2-1b,target_final_subtoken,number,root-heldout,2,VERB,pl,0.3333333333333333,0.5454545454545454,0.41379310344827586,11,"[""du"", ""pl"", ""sg""]","[[1, 0, 1], [0, 6, 5], [4, 12, 144]]"
llama-3.2-1b,target_final_subtoken,number,root-heldout,2,VERB,sg,0.96,0.9,0.9290322580645162,160,"[""du"", ""pl"", ""sg""]","[[1, 0, 1], [0, 6, 5], [4, 12, 144]]"
llama-3.2-1b,target_final_subtoken,number,root-heldout,2,all,du,0.125,0.5,0.2,4,"[""du"", ""pl"", ""sg""]","[[2, 0, 2], [2, 118, 41], [12, 97, 666]]"
llama-3.2-1b,target_final_subtoken,number,root-heldout,2,all,pl,0.5488372093023256,0.7329192546583851,0.6276595744680851,161,"[""du"", ""pl"", ""sg""]","[[2, 0, 2], [2, 118, 41], [12, 97, 666]]"
llama-3.2-1b,target_final_subtoken,number,root-heldout,2,all,sg,0.9393511988716502,0.8593548387096774,0.8975741239892183,775,"[""du"", ""pl"", ""sg""]","[[2, 0, 2], [2, 118, 41], [12, 97, 666]]"
llama-3.2-1b,target_final_subtoken,number,root-heldout,3,ADJ,du,0.5,0.5,0.5,2,"[""du"", ""pl"", ""sg""]","[[1, 0, 1], [0, 6, 0], [1, 15, 99]]"
llama-3.2-1b,target_final_subtoken,number,root-heldout,3,ADJ,pl,0.2857142857142857,1.0,0.4444444444444444,6,"[""du"", ""pl"", ""sg""]","[[1, 0, 1], [0, 6, 0], [1, 15, 99]]"
llama-3.2-1b,target_final_subtoken,number,root-heldout,3,ADJ,sg,0.99,0.8608695652173913,0.9209302325581395,115,"[""du"", ""pl"", ""sg""]","[[1, 0, 1], [0, 6, 0], [1, 15, 99]]"
llama-3.2-1b,target_final_subtoken,number,root-heldout,3,NOUN,du,0.5,0.5454545454545454,0.5217391304347826,11,"[""du"", ""pl"", ""sg""]","[[6, 3, 2], [0, 100, 37], [6, 70, 413]]"
llama-3.2-1b,target_final_subtoken,number,root-heldout,3,NOUN,pl,0.5780346820809249,0.7299270072992701,0.6451612903225806,137,"[""du"", ""pl"", ""sg""]","[[6, 3, 2], [0, 100, 37], [6, 70, 413]]"
llama-3.2-1b,target_final_subtoken,number,root-heldout,3,NOUN,sg,0.9137168141592921,0.8445807770961146,0.8777895855472901,489,"[""du"", ""pl"", ""sg""]","[[6, 3, 2], [0, 100, 37], [6, 70, 413]]"
llama-3.2-1b,target_final_subtoken,number,root-heldout,3,VERB,du,1.0,1.0,1.0,1,"[""du"", ""pl"", ""sg""]","[[1, 0, 0], [0, 6, 2], [0, 21, 150]]"
llama-3.2-1b,target_final_subtoken,number,root-heldout,3,VERB,pl,0.2222222222222222,0.75,0.34285714285714286,8,"[""du"", ""pl"", ""sg""]","[[1, 0, 0], [0, 6, 2], [0, 21, 150]]"
llama-3.2-1b,target_final_subtoken,number,root-heldout,3,VERB,sg,0.9868421052631579,0.8771929824561403,0.9287925696594427,171,"[""du"", ""pl"", ""sg""]","[[1, 0, 0], [0, 6, 2], [0, 21, 150]]"
llama-3.2-1b,target_final_subtoken,number,root-heldout,3,all,du,0.5333333333333333,0.5714285714285714,0.5517241379310345,14,"[""du"", ""pl"", ""sg""]","[[8, 3, 3], [0, 112, 39], [7, 106, 662]]"
llama-3.2-1b,target_final_subtoken,number,root-heldout,3,all,pl,0.5067873303167421,0.7417218543046358,0.6021505376344086,151,"[""du"", ""pl"", ""sg""]","[[8, 3, 3], [0, 112, 39], [7, 106, 662]]"
llama-3.2-1b,target_final_subtoken,number,root-heldout,3,all,sg,0.9403409090909091,0.8541935483870968,0.8951994590939825,775,"[""du"", ""pl"", ""sg""]","[[8, 3, 3], [0, 112, 39], [7, 106, 662]]"
llama-3.2-1b,target_final_subtoken,number,root-heldout,4,ADJ,du,0.0,0.0,0.0,0,"[""du"", ""pl"", ""sg""]","[[0, 0, 0], [0, 0, 2], [1, 14, 110]]"
llama-3.2-1b,target_final_subtoken,number,root-heldout,4,ADJ,pl,0.0,0.0,0.0,2,"[""du"", ""pl"", ""sg""]","[[0, 0, 0], [0, 0, 2], [1, 14, 110]]"
llama-3.2-1b,target_final_subtoken,number,root-heldout,4,ADJ,sg,0.9821428571428571,0.88,0.9282700421940928,125,"[""du"", ""pl"", ""sg""]","[[0, 0, 0], [0, 0, 2], [1, 14, 110]]"
llama-3.2-1b,target_final_subtoken,number,root-heldout,4,NOUN,du,0.23809523809523808,0.625,0.3448275862068966,8,"[""du"", ""pl"", ""sg""]","[[5, 2, 1], [4, 145, 11], [12, 83, 339]]"
llama-3.2-1b,target_final_subtoken,number,root-heldout,4,NOUN,pl,0.6304347826086957,0.90625,0.7435897435897436,160,"[""du"", ""pl"", ""sg""]","[[5, 2, 1], [4, 145, 11], [12, 83, 339]]"
llama-3.2-1b,target_final_subtoken,number,root-heldout,4,NOUN,sg,0.9658119658119658,0.7811059907834101,0.8636942675159236,434,"[""du"", ""pl"", ""sg""]","[[5, 2, 1], [4, 145, 11], [12, 83, 339]]"
llama-3.2-1b,target_final_subtoken,number,root-heldout,4,VERB,du,0.25,1.0,0.4,1,"[""du"", ""pl"", ""sg""]","[[1, 0, 0], [0, 8, 2], [3, 57, 139]]"
llama-3.2-1b,target_final_subtoken,number,root-heldout,4,VERB,pl,0.12307692307692308,0.8,0.21333333333333335,10,"[""du"", ""pl"", ""sg""]","[[1, 0, 0], [0, 8, 2], [3, 57, 139]]"
llama-3.2-1b,target_final_subtoken,number,root-heldout,4,VERB,sg,0.9858156028368794,0.6984924623115578,0.8176470588235294,199,"[""du"", ""pl"", ""sg""]","[[1, 0, 0], [0, 8, 2], [3, 57, 139]]"
llama-3.2-1b,target_final_subtoken,number,root-heldout,4,all,du,0.23076923076923078,0.6666666666666666,0.34285714285714286,9,"[""du"", ""pl"", ""sg""]","[[6, 2, 1], [4, 153, 15], [16, 154, 588]]"
llama-3.2-1b,target_final_subtoken,number,root-heldout,4,all,pl,0.49514563106796117,0.8895348837209303,0.6361746361746362,172,"[""du"", ""pl"", ""sg""]","[[6, 2, 1], [4, 153, 15], [16, 154, 588]]"
llama-3.2-1b,target_final_subtoken,number,root-heldout,4,all,sg,0.9735099337748344,0.7757255936675461,0.8634361233480177,758,"[""du"", ""pl"", ""sg""]","[[6, 2, 1], [4, 153, 15], [16, 154, 588]]"
llama-3.2-1b,target_final_subtoken,pos,lemma-heldout,0,ADJ,ADJ,1.0,0.6954022988505747,0.8203389830508474,174,"[""ADJ"", ""NOUN"", ""VERB""]","[[121, 33, 20], [0, 0, 0], [0, 0, 0]]"
llama-3.2-1b,target_final_subtoken,pos,lemma-heldout,0,ADJ,NOUN,0.0,0.0,0.0,0,"[""ADJ"", ""NOUN"", ""VERB""]","[[121, 33, 20], [0, 0, 0], [0, 0, 0]]"
llama-3.2-1b,target_final_subtoken,pos,lemma-heldout,0,ADJ,VERB,0.0,0.0,0.0,0,"[""ADJ"", ""NOUN"", ""VERB""]","[[121, 33, 20], [0, 0, 0], [0, 0, 0]]"
llama-3.2-1b,target_final_subtoken,pos,lemma-heldout,0,NOUN,ADJ,0.0,0.0,0.0,0,"[""ADJ"", ""NOUN"", ""VERB""]","[[0, 0, 0], [99, 474, 75], [0, 0, 0]]"
llama-3.2-1b,target_final_subtoken,pos,lemma-heldout,0,NOUN,NOUN,1.0,0.7314814814814815,0.8449197860962567,648,"[""ADJ"", ""NOUN"", ""VERB""]","[[0, 0, 0], [99, 474, 75], [0, 0, 0]]"
llama-3.2-1b,target_final_subtoken,pos,lemma-heldout,0,NOUN,VERB,0.0,0.0,0.0,0,"[""ADJ"", ""NOUN"", ""VERB""]","[[0, 0, 0], [99, 474, 75], [0, 0, 0]]"
llama-3.2-1b,target_final_subtoken,pos,lemma-heldout,0,VERB,ADJ,0.0,0.0,0.0,0,"[""ADJ"", ""NOUN"", ""VERB""]","[[0, 0, 0], [0, 0, 0], [9, 22, 88]]"
llama-3.2-1b,target_final_subtoken,pos,lemma-heldout,0,VERB,NOUN,0.0,0.0,0.0,0,"[""ADJ"", ""NOUN"", ""VERB""]","[[0, 0, 0], [0, 0, 0], [9, 22, 88]]"
llama-3.2-1b,target_final_subtoken,pos,lemma-heldout,0,VERB,VERB,1.0,0.7394957983193278,0.8502415458937198,119,"[""ADJ"", ""NOUN"", ""VERB""]","[[0, 0, 0], [0, 0, 0], [9, 22, 88]]"
llama-3.2-1b,target_final_subtoken,pos,lemma-heldout,0,all,ADJ,0.5283842794759825,0.6954022988505747,0.6004962779156328,174,"[""ADJ"", ""NOUN"", ""VERB""]","[[121, 33, 20], [99, 474, 75], [9, 22, 88]]"
llama-3.2-1b,target_final_subtoken,pos,lemma-heldout,0,all,NOUN,0.8960302457466919,0.7314814814814815,0.8054375531011045,648,"[""ADJ"", ""NOUN"", ""VERB""]","[[121, 33, 20], [99, 474, 75], [9, 22, 88]]"
llama-3.2-1b,target_final_subtoken,pos,lemma-heldout,0,all,VERB,0.4808743169398907,0.7394957983193278,0.5827814569536424,119,"[""ADJ"", ""NOUN"", ""VERB""]","[[121, 33, 20], [99, 474, 75], [9, 22, 88]]"
llama-3.2-1b,target_final_subtoken,pos,lemma-heldout,1,ADJ,ADJ,1.0,0.4927536231884058,0.6601941747572816,207,"[""ADJ"", ""NOUN"", ""VERB""]","[[102, 94, 11], [0, 0, 0], [0, 0, 0]]"
llama-3.2-1b,target_final_subtoken,pos,lemma-heldout,1,ADJ,NOUN,0.0,0.0,0.0,0,"[""ADJ"", ""NOUN"", ""VERB""]","[[102, 94, 11], [0, 0, 0], [0, 0, 0]]"
llama-3.2-1b,target_final_subtoken,pos,lemma-heldout,1,ADJ,VERB,0.0,0.0,0.0,0,"[""ADJ"", ""NOUN"", ""VERB""]","[[102, 94, 11], [0, 0, 0], [0, 0, 0]]"
llama-3.2-1b,target_final_subtoken,pos,lemma-heldout,1,NOUN,ADJ,0.0,0.0,0.0,0,"[""ADJ"", ""NOUN"", ""VERB""]","[[0, 0, 0], [107, 370, 86], [0, 0, 0]]"
llama-3.2-1b,target_final_subtoken,pos,lemma-heldout,1,NOUN,NOUN,1.0,0.6571936056838366,0.7931404072883173,563,"[""ADJ"", ""NOUN"", ""VERB""]","[[0, 0, 0], [107, 370, 86], [0, 0, 0]]"
llama-3.2-1b,target_final_subtoken,pos,lemma-heldout,1,NOUN,VERB,0.0,0.0,0.0,0,"[""ADJ"", ""NOUN"", ""VERB""]","[[0, 0, 0], [107, 370, 86], [0, 0, 0]]"
llama-3.2-1b,target_final_subtoken,pos,lemma-heldout,1,VERB,ADJ,0.0,0.0,0.0,0,"[""ADJ"", ""NOUN"", ""VERB""]","[[0, 0, 0], [0, 0, 0], [22, 43, 105]]"
llama-3.2-1b,target_final_subtoken,pos,lemma-heldout,1,VERB,NOUN,0.0,0.0,0.0,0,"[""ADJ"", ""NOUN"", ""VERB""]","[[0, 0, 0], [0, 0, 0], [22, 43, 105]]"
llama-3.2-1b,target_final_subtoken,pos,lemma-heldout,1,VERB,VERB,1.0,0.6176470588235294,0.7636363636363637,170,"[""ADJ"", ""NOUN"", ""VERB""]","[[0, 0, 0], [0, 0, 0], [22, 43, 105]]"
llama-3.2-1b,target_final_subtoken,pos,lemma-heldout,1,all,ADJ,0.44155844155844154,0.4927536231884058,0.4657534246575342,207,"[""ADJ"", ""NOUN"", ""VERB""]","[[102, 94, 11], [107, 370, 86], [22, 43, 105]]"
llama-3.2-1b,target_final_subtoken,pos,lemma-heldout,1,all,NOUN,0.7297830374753451,0.6571936056838366,0.6915887850467289,563,"[""ADJ"", ""NOUN"", ""VERB""]","[[102, 94, 11], [107, 370, 86], [22, 43, 105]]"
llama-3.2-1b,target_final_subtoken,pos,lemma-heldout,1,all,VERB,0.5198019801980198,0.6176470588235294,0.5645161290322581,170,"[""ADJ"", ""NOUN"", ""VERB""]","[[102, 94, 11], [107, 370, 86], [22, 43, 105]]"
llama-3.2-1b,target_final_subtoken,pos,lemma-heldout,2,ADJ,ADJ,1.0,0.5492957746478874,0.7090909090909091,142,"[""ADJ"", ""NOUN"", ""VERB""]","[[78, 59, 5], [0, 0, 0], [0, 0, 0]]"
llama-3.2-1b,target_final_subtoken,pos,lemma-heldout,2,ADJ,NOUN,0.0,0.0,0.0,0,"[""ADJ"", ""NOUN"", ""VERB""]","[[78, 59, 5], [0, 0, 0], [0, 0, 0]]"
llama-3.2-1b,target_final_subtoken,pos,lemma-heldout,2,ADJ,VERB,0.0,0.0,0.0,0,"[""ADJ"", ""NOUN"", ""VERB""]","[[78, 59, 5], [0, 0, 0], [0, 0, 0]]"
llama-3.2-1b,target_final_subtoken,pos,lemma-heldout,2,NOUN,ADJ,0.0,0.0,0.0,0,"[""ADJ"", ""NOUN"", ""VERB""]","[[0, 0, 0], [104, 451, 45], [0, 0, 0]]"
llama-3.2-1b,target_final_subtoken,pos,lemma-heldout,2,NOUN,NOUN,1.0,0.7516666666666667,0.8582302568981922,600,"[""ADJ"", ""NOUN"", ""VERB""]","[[0, 0, 0], [104, 451, 45], [0, 0, 0]]"
llama-3.2-1b,target_final_subtoken,pos,lemma-heldout,2,NOUN,VERB,0.0,0.0,0.0,0,"[""ADJ"", ""NOUN"", ""VERB""]","[[0, 0, 0], [104, 451, 45], [0, 0, 0]]"
llama-3.2-1b,target_final_subtoken,pos,lemma-heldout,2,VERB,ADJ,0.0,0.0,0.0,0,"[""ADJ"", ""NOUN"", ""VERB""]","[[0, 0, 0], [0, 0, 0], [16, 54, 128]]"
llama-3.2-1b,target_final_subtoken,pos,lemma-heldout,2,VERB,NOUN,0.0,0.0,0.0,0,"[""ADJ"", ""NOUN"", ""VERB""]","[[0, 0, 0], [0, 0, 0], [16, 54, 128]]"
llama-3.2-1b,target_final_subtoken,pos,lemma-heldout,2,VERB,VERB,1.0,0.6464646464646465,0.7852760736196319,198,"[""ADJ"", ""NOUN"", ""VERB""]","[[0, 0, 0], [0, 0, 0], [16, 54, 128]]"
llama-3.2-1b,target_final_subtoken,pos,lemma-heldout,2,all,ADJ,0.3939393939393939,0.5492957746478874,0.4588235294117647,142,"[""ADJ"", ""NOUN"", ""VERB""]","[[78, 59, 5], [104, 451, 45], [16, 54, 128]]"
llama-3.2-1b,target_final_subtoken,pos,lemma-heldout,2,all,NOUN,0.799645390070922,0.7516666666666667,0.7749140893470791,600,"[""ADJ"", ""NOUN"", ""VERB""]","[[78, 59, 5], [104, 451, 45], [16, 54, 128]]"
llama-3.2-1b,target_final_subtoken,pos,lemma-heldout,2,all,VERB,0.7191011235955056,0.6464646464646465,0.6808510638297872,198,"[""ADJ"", ""NOUN"", ""VERB""]","[[78, 59, 5], [104, 451, 45], [16, 54, 128]]"
llama-3.2-1b,target_final_subtoken,pos,lemma-heldout,3,ADJ,ADJ,1.0,0.5806451612903226,0.7346938775510204,186,"[""ADJ"", ""NOUN"", ""VERB""]","[[108, 72, 6], [0, 0, 0], [0, 0, 0]]"
llama-3.2-1b,target_final_subtoken,pos,lemma-heldout,3,ADJ,NOUN,0.0,0.0,0.0,0,"[""ADJ"", ""NOUN"", ""VERB""]","[[108, 72, 6], [0, 0, 0], [0, 0, 0]]"
llama-3.2-1b,target_final_subtoken,pos,lemma-heldout,3,ADJ,VERB,0.0,0.0,0.0,0,"[""ADJ"", ""NOUN"", ""VERB""]","[[108, 72, 6], [0, 0, 0], [0, 0, 0]]"
llama-3.2-1b,target_final_subtoken,pos,lemma-heldout,3,NOUN,ADJ,0.0,0.0,0.0,0,"[""ADJ"", ""NOUN"", ""VERB""]","[[0, 0, 0], [119, 450, 28], [0, 0, 0]]"
llama-3.2-1b,target_final_subtoken,pos,lemma-heldout,3,NOUN,NOUN,1.0,0.7537688442211056,0.8595988538681948,597,"[""ADJ"", ""NOUN"", ""VERB""]","[[0, 0, 0], [119, 450, 28], [0, 0, 0]]"
llama-3.2-1b,target_final_subtoken,pos,lemma-heldout,3,NOUN,VERB,0.0,0.0,0.0,0,"[""ADJ"", ""NOUN"", ""VERB""]","[[0, 0, 0], [119, 450, 28], [0, 0, 0]]"
llama-3.2-1b,target_final_subtoken,pos,lemma-heldout,3,VERB,ADJ,0.0,0.0,0.0,0,"[""ADJ"", ""NOUN"", ""VERB""]","[[0, 0, 0], [0, 0, 0], [16, 18, 123]]"
llama-3.2-1b,target_final_subtoken,pos,lemma-heldout,3,VERB,NOUN,0.0,0.0,0.0,0,"[""ADJ"", ""NOUN"", ""VERB""]","[[0, 0, 0], [0, 0, 0], [16, 18, 123]]"
llama-3.2-1b,target_final_subtoken,pos,lemma-heldout,3,VERB,VERB,1.0,0.7834394904458599,0.8785714285714286,157,"[""ADJ"", ""NOUN"", ""VERB""]","[[0, 0, 0], [0, 0, 0], [16, 18, 123]]"
llama-3.2-1b,target_final_subtoken,pos,lemma-heldout,3,all,ADJ,0.4444444444444444,0.5806451612903226,0.5034965034965035,186,"[""ADJ"", ""NOUN"", ""VERB""]","[[108, 72, 6], [119, 450, 28], [16, 18, 123]]"
llama-3.2-1b,target_final_subtoken,pos,lemma-heldout,3,all,NOUN,0.8333333333333334,0.7537688442211056,0.7915567282321899,597,"[""ADJ"", ""NOUN"", ""VERB""]","[[108, 72, 6], [119, 450, 28], [16, 18, 123]]"
llama-3.2-1b,target_final_subtoken,pos,lemma-heldout,3,all,VERB,0.7834394904458599,0.7834394904458599,0.7834394904458599,157,"[""ADJ"", ""NOUN"", ""VERB""]","[[108, 72, 6], [119, 450, 28], [16, 18, 123]]"
llama-3.2-1b,target_final_subtoken,pos,lemma-heldout,4,ADJ,ADJ,1.0,0.44776119402985076,0.6185567010309279,201,"[""ADJ"", ""NOUN"", ""VERB""]","[[90, 108, 3], [0, 0, 0], [0, 0, 0]]"
llama-3.2-1b,target_final_subtoken,pos,lemma-heldout,4,ADJ,NOUN,0.0,0.0,0.0,0,"[""ADJ"", ""NOUN"", ""VERB""]","[[90, 108, 3], [0, 0, 0], [0, 0, 0]]"
llama-3.2-1b,target_final_subtoken,pos,lemma-heldout,4,ADJ,VERB,0.0,0.0,0.0,0,"[""ADJ"", ""NOUN"", ""VERB""]","[[90, 108, 3], [0, 0, 0], [0, 0, 0]]"
llama-3.2-1b,target_final_subtoken,pos,lemma-heldout,4,NOUN,ADJ,0.0,0.0,0.0,0,"[""ADJ"", ""NOUN"", ""VERB""]","[[0, 0, 0], [126, 355, 68], [0, 0, 0]]"
llama-3.2-1b,target_final_subtoken,pos,lemma-heldout,4,NOUN,NOUN,1.0,0.6466302367941712,0.7853982300884956,549,"[""ADJ"", ""NOUN"", ""VERB""]","[[0, 0, 0], [126, 355, 68], [0, 0, 0]]"
llama-3.2-1b,target_final_subtoken,pos,lemma-heldout,4,NOUN,VERB,0.0,0.0,0.0,0,"[""ADJ"", ""NOUN"", ""VERB""]","[[0, 0, 0], [126, 355, 68], [0, 0, 0]]"
llama-3.2-1b,target_final_subtoken,pos,lemma-heldout,4,VERB,ADJ,0.0,0.0,0.0,0,"[""ADJ"", ""NOUN"", ""VERB""]","[[0, 0, 0], [0, 0, 0], [31, 50, 109]]"
llama-3.2-1b,target_final_subtoken,pos,lemma-heldout,4,VERB,NOUN,0.0,0.0,0.0,0,"[""ADJ"", ""NOUN"", ""VERB""]","[[0, 0, 0], [0, 0, 0], [31, 50, 109]]"
llama-3.2-1b,target_final_subtoken,pos,lemma-heldout,4,VERB,VERB,1.0,0.5736842105263158,0.7290969899665551,190,"[""ADJ"", ""NOUN"", ""VERB""]","[[0, 0, 0], [0, 0, 0], [31, 50, 109]]"
llama-3.2-1b,target_final_subtoken,pos,lemma-heldout,4,all,ADJ,0.3643724696356275,0.44776119402985076,0.4017857142857143,201,"[""ADJ"", ""NOUN"", ""VERB""]","[[90, 108, 3], [126, 355, 68], [31, 50, 109]]"
llama-3.2-1b,target_final_subtoken,pos,lemma-heldout,4,all,NOUN,0.6920077972709552,0.6466302367941712,0.6685499058380414,549,"[""ADJ"", ""NOUN"", ""VERB""]","[[90, 108, 3], [126, 355, 68], [31, 50, 109]]"
llama-3.2-1b,target_final_subtoken,pos,lemma-heldout,4,all,VERB,0.6055555555555555,0.5736842105263158,0.5891891891891892,190,"[""ADJ"", ""NOUN"", ""VERB""]","[[90, 108, 3], [126, 355, 68], [31, 50, 109]]"
llama-3.2-1b,target_final_subtoken,pos,random,0,ADJ,ADJ,1.0,0.8516483516483516,0.9198813056379822,182,"[""ADJ"", ""NOUN"", ""VERB""]","[[155, 20, 7], [0, 0, 0], [0, 0, 0]]"
llama-3.2-1b,target_final_subtoken,pos,random,0,ADJ,NOUN,0.0,0.0,0.0,0,"[""ADJ"", ""NOUN"", ""VERB""]","[[155, 20, 7], [0, 0, 0], [0, 0, 0]]"
llama-3.2-1b,target_final_subtoken,pos,random,0,ADJ,VERB,0.0,0.0,0.0,0,"[""ADJ"", ""NOUN"", ""VERB""]","[[155, 20, 7], [0, 0, 0], [0, 0, 0]]"
llama-3.2-1b,target_final_subtoken,pos,random,0,NOUN,ADJ,0.0,0.0,0.0,0,"[""ADJ"", ""NOUN"", ""VERB""]","[[0, 0, 0], [39, 532, 21], [0, 0, 0]]"
llama-3.2-1b,target_final_subtoken,pos,random,0,NOUN,NOUN,1.0,0.8986486486486487,0.9466192170818505,592,"[""ADJ"", ""NOUN"", ""VERB""]","[[0, 0, 0], [39, 532, 21], [0, 0, 0]]"
llama-3.2-1b,target_final_subtoken,pos,random,0,NOUN,VERB,0.0,0.0,0.0,0,"[""ADJ"", ""NOUN"", ""VERB""]","[[0, 0, 0], [39, 532, 21], [0, 0, 0]]"
llama-3.2-1b,target_final_subtoken,pos,random,0,VERB,ADJ,0.0,0.0,0.0,0,"[""ADJ"", ""NOUN"", ""VERB""]","[[0, 0, 0], [0, 0, 0], [9, 21, 137]]"
llama-3.2-1b,target_final_subtoken,pos,random,0,VERB,NOUN,0.0,0.0,0.0,0,"[""ADJ"", ""NOUN"", ""VERB""]","[[0, 0, 0], [0, 0, 0], [9, 21, 137]]"
llama-3.2-1b,target_final_subtoken,pos,random,0,VERB,VERB,1.0,0.8203592814371258,0.9013157894736842,167,"[""ADJ"", ""NOUN"", ""VERB""]","[[0, 0, 0], [0, 0, 0], [9, 21, 137]]"
llama-3.2-1b,target_final_subtoken,pos,random,0,all,ADJ,0.7635467980295566,0.8516483516483516,0.8051948051948052,182,"[""ADJ"", ""NOUN"", ""VERB""]","[[155, 20, 7], [39, 532, 21], [9, 21, 137]]"
llama-3.2-1b,target_final_subtoken,pos,random,0,all,NOUN,0.9284467713787086,0.8986486486486487,0.9133047210300429,592,"[""ADJ"", ""NOUN"", ""VERB""]","[[155, 20, 7], [39, 532, 21], [9, 21, 137]]"
llama-3.2-1b,target_final_subtoken,pos,random,0,all,VERB,0.8303030303030303,0.8203592814371258,0.8253012048192772,167,"[""ADJ"", ""NOUN"", ""VERB""]","[[155, 20, 7], [39, 532, 21], [9, 21, 137]]"
llama-3.2-1b,target_final_subtoken,pos,random,1,ADJ,ADJ,1.0,0.8736263736263736,0.9325513196480938,182,"[""ADJ"", ""NOUN"", ""VERB""]","[[159, 20, 3], [0, 0, 0], [0, 0, 0]]"
llama-3.2-1b,target_final_subtoken,pos,random,1,ADJ,NOUN,0.0,0.0,0.0,0,"[""ADJ"", ""NOUN"", ""VERB""]","[[159, 20, 3], [0, 0, 0], [0, 0, 0]]"
llama-3.2-1b,target_final_subtoken,pos,random,1,ADJ,VERB,0.0,0.0,0.0,0,"[""ADJ"", ""NOUN"", ""VERB""]","[[159, 20, 3], [0, 0, 0], [0, 0, 0]]"
llama-3.2-1b,target_final_subtoken,pos,random,1,NOUN,ADJ,0.0,0.0,0.0,0,"[""ADJ"", ""NOUN"", ""VERB""]","[[0, 0, 0], [39, 540, 13], [0, 0, 0]]"
llama-3.2-1b,target_final_subtoken,pos,random,1,NOUN,NOUN,1.0,0.9121621621621622,0.9540636042402827,592,"[""ADJ"", ""NOUN"", ""VERB""]","[[0, 0, 0], [39, 540, 13], [0, 0, 0]]"
llama-3.2-1b,target_final_subtoken,pos,random,1,NOUN,VERB,0.0,0.0,0.0,0,"[""ADJ"", ""NOUN"", ""VERB""]","[[0, 0, 0], [39, 540, 13], [0, 0, 0]]"
llama-3.2-1b,target_final_subtoken,pos,random,1,VERB,ADJ,0.0,0.0,0.0,0,"[""ADJ"", ""NOUN"", ""VERB""]","[[0, 0, 0], [0, 0, 0], [6, 21, 139]]"
llama-3.2-1b,target_final_subtoken,pos,random,1,VERB,NOUN,0.0,0.0,0.0,0,"[""ADJ"", ""NOUN"", ""VERB""]","[[0, 0, 0], [0, 0, 0], [6, 21, 139]]"
llama-3.2-1b,target_final_subtoken,pos,random,1,VERB,VERB,1.0,0.8373493975903614,0.9114754098360656,166,"[""ADJ"", ""NOUN"", ""VERB""]","[[0, 0, 0], [0, 0, 0], [6, 21, 139]]"
llama-3.2-1b,target_final_subtoken,pos,random,1,all,ADJ,0.7794117647058824,0.8736263736263736,0.8238341968911918,182,"[""ADJ"", ""NOUN"", ""VERB""]","[[159, 20, 3], [39, 540, 13], [6, 21, 139]]"
llama-3.2-1b,target_final_subtoken,pos,random,1,all,NOUN,0.9294320137693631,0.9121621621621622,0.9207161125319693,592,"[""ADJ"", ""NOUN"", ""VERB""]","[[159, 20, 3], [39, 540, 13], [6, 21, 139]]"
llama-3.2-1b,target_final_subtoken,pos,random,1,all,VERB,0.896774193548387,0.8373493975903614,0.8660436137071651,166,"[""ADJ"", ""NOUN"", ""VERB""]","[[159, 20, 3], [39, 540, 13], [6, 21, 139]]"
llama-3.2-1b,target_final_subtoken,pos,random,2,ADJ,ADJ,1.0,0.8626373626373627,0.9262536873156342,182,"[""ADJ"", ""NOUN"", ""VERB""]","[[157, 19, 6], [0, 0, 0], [0, 0, 0]]"
llama-3.2-1b,target_final_subtoken,pos,random,2,ADJ,NOUN,0.0,0.0,0.0,0,"[""ADJ"", ""NOUN"", ""VERB""]","[[157, 19, 6], [0, 0, 0], [0, 0, 0]]"
llama-3.2-1b,target_final_subtoken,pos,random,2,ADJ,VERB,0.0,0.0,0.0,0,"[""ADJ"", ""NOUN"", ""VERB""]","[[157, 19, 6], [0, 0, 0], [0, 0, 0]]"
llama-3.2-1b,target_final_subtoken,pos,random,2,NOUN,ADJ,0.0,0.0,0.0,0,"[""ADJ"", ""NOUN"", ""VERB""]","[[0, 0, 0], [53, 524, 14], [0, 0, 0]]"
llama-3.2-1b,target_final_subtoken,pos,random,2,NOUN,NOUN,1.0,0.8866328257191202,0.9399103139013453,591,"[""ADJ"", ""NOUN"", ""VERB""]","[[0, 0, 0], [53, 524, 14], [0, 0, 0]]"
llama-3.2-1b,target_final_subtoken,pos,random,2,NOUN,VERB,0.0,0.0,0.0,0,"[""ADJ"", ""NOUN"", ""VERB""]","[[0, 0, 0], [53, 524, 14], [0, 0, 0]]"
llama-3.2-1b,target_final_subtoken,pos,random,2,VERB,ADJ,0.0,0.0,0.0,0,"[""ADJ"", ""NOUN"", ""VERB""]","[[0, 0, 0], [0, 0, 0], [9, 13, 145]]"
llama-3.2-1b,target_final_subtoken,pos,random,2,VERB,NOUN,0.0,0.0,0.0,0,"[""ADJ"", ""NOUN"", ""VERB""]","[[0, 0, 0], [0, 0, 0], [9, 13, 145]]"
llama-3.2-1b,target_final_subtoken,pos,random,2,VERB,VERB,1.0,0.8682634730538922,0.9294871794871795,167,"[""ADJ"", ""NOUN"", ""VERB""]","[[0, 0, 0], [0, 0, 0], [9, 13, 145]]"
llama-3.2-1b,target_final_subtoken,pos,random,2,all,ADJ,0.7168949771689498,0.8626373626373627,0.7830423940149626,182,"[""ADJ"", ""NOUN"", ""VERB""]","[[157, 19, 6], [53, 524, 14], [9, 13, 145]]"
llama-3.2-1b,target_final_subtoken,pos,random,2,all,NOUN,0.9424460431654677,0.8866328257191202,0.9136878814298169,591,"[""ADJ"", ""NOUN"", ""VERB""]","[[157, 19, 6], [53, 524, 14], [9, 13, 145]]"
llama-3.2-1b,target_final_subtoken,pos,random,2,all,VERB,0.8787878787878788,0.8682634730538922,0.8734939759036144,167,"[""ADJ"", ""NOUN"", ""VERB""]","[[157, 19, 6], [53, 524, 14], [9, 13, 145]]"
llama-3.2-1b,target_final_subtoken,pos,random,3,ADJ,ADJ,1.0,0.9175824175824175,0.9570200573065902,182,"[""ADJ"", ""NOUN"", ""VERB""]","[[167, 12, 3], [0, 0, 0], [0, 0, 0]]"
llama-3.2-1b,target_final_subtoken,pos,random,3,ADJ,NOUN,0.0,0.0,0.0,0,"[""ADJ"", ""NOUN"", ""VERB""]","[[167, 12, 3], [0, 0, 0], [0, 0, 0]]"
llama-3.2-1b,target_final_subtoken,pos,random,3,ADJ,VERB,0.0,0.0,0.0,0,"[""ADJ"", ""NOUN"", ""VERB""]","[[167, 12, 3], [0, 0, 0], [0, 0, 0]]"
llama-3.2-1b,target_final_subtoken,pos,random,3,NOUN,ADJ,0.0,0.0,0.0,0,"[""ADJ"", ""NOUN"", ""VERB""]","[[0, 0, 0], [44, 534, 13], [0, 0, 0]]"
llama-3.2-1b,target_final_subtoken,pos,random,3,NOUN,NOUN,1.0,0.9035532994923858,0.9493333333333334,591,"[""ADJ"", ""NOUN"", ""VERB""]","[[0, 0, 0], [44, 534, 13], [0, 0, 0]]"
llama-3.2-1b,target_final_subtoken,pos,random,3,NOUN,VERB,0.0,0.0,0.0,0,"[""ADJ"", ""NOUN"", ""VERB""]","[[0, 0, 0], [44, 534, 13], [0, 0, 0]]"
llama-3.2-1b,target_final_subtoken,pos,random,3,VERB,ADJ,0.0,0.0,0.0,0,"[""ADJ"", ""NOUN"", ""VERB""]","[[0, 0, 0], [0, 0, 0], [6, 22, 139]]"
llama-3.2-1b,target_final_subtoken,pos,random,3,VERB,NOUN,0.0,0.0,0.0,0,"[""ADJ"", ""NOUN"", ""VERB""]","[[0, 0, 0], [0, 0, 0], [6, 22, 139]]"
llama-3.2-1b,target_final_subtoken,pos,random,3,VERB,VERB,1.0,0.8323353293413174,0.9084967320261438,167,"[""ADJ"", ""NOUN"", ""VERB""]","[[0, 0, 0], [0, 0, 0], [6, 22, 139]]"
llama-3.2-1b,target_final_subtoken,pos,random,3,all,ADJ,0.7695852534562212,0.9175824175824175,0.8370927318295739,182,"[""ADJ"", ""NOUN"", ""VERB""]","[[167, 12, 3], [44, 534, 13], [6, 22, 139]]"
llama-3.2-1b,target_final_subtoken,pos,random,3,all,NOUN,0.9401408450704225,0.9035532994923858,0.9214840379637619,591,"[""ADJ"", ""NOUN"", ""VERB""]","[[167, 12, 3], [44, 534, 13], [6, 22, 139]]"
llama-3.2-1b,target_final_subtoken,pos,random,3,all,VERB,0.896774193548387,0.8323353293413174,0.8633540372670807,167,"[""ADJ"", ""NOUN"", ""VERB""]","[[167, 12, 3], [44, 534, 13], [6, 22, 139]]"
llama-3.2-1b,target_final_subtoken,pos,random,4,ADJ,ADJ,1.0,0.8901098901098901,0.9418604651162791,182,"[""ADJ"", ""NOUN"", ""VERB""]","[[162, 17, 3], [0, 0, 0], [0, 0, 0]]"
llama-3.2-1b,target_final_subtoken,pos,random,4,ADJ,NOUN,0.0,0.0,0.0,0,"[""ADJ"", ""NOUN"", ""VERB""]","[[162, 17, 3], [0, 0, 0], [0, 0, 0]]"
llama-3.2-1b,target_final_subtoken,pos,random,4,ADJ,VERB,0.0,0.0,0.0,0,"[""ADJ"", ""NOUN"", ""VERB""]","[[162, 17, 3], [0, 0, 0], [0, 0, 0]]"
llama-3.2-1b,target_final_subtoken,pos,random,4,NOUN,ADJ,0.0,0.0,0.0,0,"[""ADJ"", ""NOUN"", ""VERB""]","[[0, 0, 0], [29, 537, 25], [0, 0, 0]]"
llama-3.2-1b,target_final_subtoken,pos,random,4,NOUN,NOUN,1.0,0.9086294416243654,0.9521276595744681,591,"[""ADJ"", ""NOUN"", ""VERB""]","[[0, 0, 0], [29, 537, 25], [0, 0, 0]]"
llama-3.2-1b,target_final_subtoken,pos,random,4,NOUN,VERB,0.0,0.0,0.0,0,"[""ADJ"", ""NOUN"", ""VERB""]","[[0, 0, 0], [29, 537, 25], [0, 0, 0]]"
llama-3.2-1b,target_final_subtoken,pos,random,4,VERB,ADJ,0.0,0.0,0.0,0,"[""ADJ"", ""NOUN"", ""VERB""]","[[0, 0, 0], [0, 0, 0], [6, 13, 148]]"
llama-3.2-1b,target_final_subtoken,pos,random,4,VERB,NOUN,0.0,0.0,0.0,0,"[""ADJ"", ""NOUN"", ""VERB""]","[[0, 0, 0], [0, 0, 0], [6, 13, 148]]"
llama-3.2-1b,target_final_subtoken,pos,random,4,VERB,VERB,1.0,0.8862275449101796,0.9396825396825397,167,"[""ADJ"", ""NOUN"", ""VERB""]","[[0, 0, 0], [0, 0, 0], [6, 13, 148]]"
llama-3.2-1b,target_final_subtoken,pos,random,4,all,ADJ,0.8223350253807107,0.8901098901098901,0.8548812664907651,182,"[""ADJ"", ""NOUN"", ""VERB""]","[[162, 17, 3], [29, 537, 25], [6, 13, 148]]"
llama-3.2-1b,target_final_subtoken,pos,random,4,all,NOUN,0.9470899470899471,0.9086294416243654,0.927461139896373,591,"[""ADJ"", ""NOUN"", ""VERB""]","[[162, 17, 3], [29, 537, 25], [6, 13, 148]]"
llama-3.2-1b,target_final_subtoken,pos,random,4,all,VERB,0.8409090909090909,0.8862275449101796,0.8629737609329446,167,"[""ADJ"", ""NOUN"", ""VERB""]","[[162, 17, 3], [29, 537, 25], [6, 13, 148]]"
llama-3.2-1b,target_final_subtoken,pos,root-heldout,0,ADJ,ADJ,1.0,0.6811594202898551,0.8103448275862069,276,"[""ADJ"", ""NOUN"", ""VERB""]","[[188, 63, 25], [0, 0, 0], [0, 0, 0]]"
llama-3.2-1b,target_final_subtoken,pos,root-heldout,0,ADJ,NOUN,0.0,0.0,0.0,0,"[""ADJ"", ""NOUN"", ""VERB""]","[[188, 63, 25], [0, 0, 0], [0, 0, 0]]"
llama-3.2-1b,target_final_subtoken,pos,root-heldout,0,ADJ,VERB,0.0,0.0,0.0,0,"[""ADJ"", ""NOUN"", ""VERB""]","[[188, 63, 25], [0, 0, 0], [0, 0, 0]]"
llama-3.2-1b,target_final_subtoken,pos,root-heldout,0,NOUN,ADJ,0.0,0.0,0.0,0,"[""ADJ"", ""NOUN"", ""VERB""]","[[0, 0, 0], [101, 387, 42], [0, 0, 0]]"
llama-3.2-1b,target_final_subtoken,pos,root-heldout,0,NOUN,NOUN,1.0,0.730188679245283,0.8440567066521265,530,"[""ADJ"", ""NOUN"", ""VERB""]","[[0, 0, 0], [101, 387, 42], [0, 0, 0]]"
llama-3.2-1b,target_final_subtoken,pos,root-heldout,0,NOUN,VERB,0.0,0.0,0.0,0,"[""ADJ"", ""NOUN"", ""VERB""]","[[0, 0, 0], [101, 387, 42], [0, 0, 0]]"
llama-3.2-1b,target_final_subtoken,pos,root-heldout,0,VERB,ADJ,0.0,0.0,0.0,0,"[""ADJ"", ""NOUN"", ""VERB""]","[[0, 0, 0], [0, 0, 0], [11, 27, 97]]"
llama-3.2-1b,target_final_subtoken,pos,root-heldout,0,VERB,NOUN,0.0,0.0,0.0,0,"[""ADJ"", ""NOUN"", ""VERB""]","[[0, 0, 0], [0, 0, 0], [11, 27, 97]]"
llama-3.2-1b,target_final_subtoken,pos,root-heldout,0,VERB,VERB,1.0,0.7185185185185186,0.8362068965517241,135,"[""ADJ"", ""NOUN"", ""VERB""]","[[0, 0, 0], [0, 0, 0], [11, 27, 97]]"
llama-3.2-1b,target_final_subtoken,pos,root-heldout,0,all,ADJ,0.6266666666666667,0.6811594202898551,0.6527777777777778,276,"[""ADJ"", ""NOUN"", ""VERB""]","[[188, 63, 25], [101, 387, 42], [11, 27, 97]]"
llama-3.2-1b,target_final_subtoken,pos,root-heldout,0,all,NOUN,0.8113207547169812,0.730188679245283,0.7686196623634558,530,"[""ADJ"", ""NOUN"", ""VERB""]","[[188, 63, 25], [101, 387, 42], [11, 27, 97]]"
llama-3.2-1b,target_final_subtoken,pos,root-heldout,0,all,VERB,0.5914634146341463,0.7185185185185186,0.6488294314381271,135,"[""ADJ"", ""NOUN"", ""VERB""]","[[188, 63, 25], [101, 387, 42], [11, 27, 97]]"
llama-3.2-1b,target_final_subtoken,pos,root-heldout,1,ADJ,ADJ,1.0,0.75,0.8571428571428571,156,"[""ADJ"", ""NOUN"", ""VERB""]","[[117, 29, 10], [0, 0, 0], [0, 0, 0]]"
llama-3.2-1b,target_final_subtoken,pos,root-heldout,1,ADJ,NOUN,0.0,0.0,0.0,0,"[""ADJ"", ""NOUN"", ""VERB""]","[[117, 29, 10], [0, 0, 0], [0, 0, 0]]"
llama-3.2-1b,target_final_subtoken,pos,root-heldout,1,ADJ,VERB,0.0,0.0,0.0,0,"[""ADJ"", ""NOUN"", ""VERB""]","[[117, 29, 10], [0, 0, 0], [0, 0, 0]]"
llama-3.2-1b,target_final_subtoken,pos,root-heldout,1,NOUN,ADJ,0.0,0.0,0.0,0,"[""ADJ"", ""NOUN"", ""VERB""]","[[0, 0, 0], [178, 392, 48], [0, 0, 0]]"
llama-3.2-1b,target_final_subtoken,pos,root-heldout,1,NOUN,NOUN,1.0,0.6343042071197411,0.7762376237623763,618,"[""ADJ"", ""NOUN"", ""VERB""]","[[0, 0, 0], [178, 392, 48], [0, 0, 0]]"
llama-3.2-1b,target_final_subtoken,pos,root-heldout,1,NOUN,VERB,0.0,0.0,0.0,0,"[""ADJ"", ""NOUN"", ""VERB""]","[[0, 0, 0], [178, 392, 48], [0, 0, 0]]"
llama-3.2-1b,target_final_subtoken,pos,root-heldout,1,VERB,ADJ,0.0,0.0,0.0,0,"[""ADJ"", ""NOUN"", ""VERB""]","[[0, 0, 0], [0, 0, 0], [25, 36, 105]]"
llama-3.2-1b,target_final_subtoken,pos,root-heldout,1,VERB,NOUN,0.0,0.0,0.0,0,"[""ADJ"", ""NOUN"", ""VERB""]","[[0, 0, 0], [0, 0, 0], [25, 36, 105]]"
llama-3.2-1b,target_final_subtoken,pos,root-heldout,1,VERB,VERB,1.0,0.6325301204819277,0.7749077490774908,166,"[""ADJ"", ""NOUN"", ""VERB""]","[[0, 0, 0], [0, 0, 0], [25, 36, 105]]"
llama-3.2-1b,target_final_subtoken,pos,root-heldout,1,all,ADJ,0.365625,0.75,0.49159663865546216,156,"[""ADJ"", ""NOUN"", ""VERB""]","[[117, 29, 10], [178, 392, 48], [25, 36, 105]]"
llama-3.2-1b,target_final_subtoken,pos,root-heldout,1,all,NOUN,0.8577680525164114,0.6343042071197411,0.7293023255813953,618,"[""ADJ"", ""NOUN"", ""VERB""]","[[117, 29, 10], [178, 392, 48], [25, 36, 105]]"
llama-3.2-1b,target_final_subtoken,pos,root-heldout,1,all,VERB,0.6441717791411042,0.6325301204819277,0.6382978723404256,166,"[""ADJ"", ""NOUN"", ""VERB""]","[[117, 29, 10], [178, 392, 48], [25, 36, 105]]"
llama-3.2-1b,target_final_subtoken,pos,root-heldout,2,ADJ,ADJ,1.0,0.5590909090909091,0.717201166180758,220,"[""ADJ"", ""NOUN"", ""VERB""]","[[123, 94, 3], [0, 0, 0], [0, 0, 0]]"
llama-3.2-1b,target_final_subtoken,pos,root-heldout,2,ADJ,NOUN,0.0,0.0,0.0,0,"[""ADJ"", ""NOUN"", ""VERB""]","[[123, 94, 3], [0, 0, 0], [0, 0, 0]]"
llama-3.2-1b,target_final_subtoken,pos,root-heldout,2,ADJ,VERB,0.0,0.0,0.0,0,"[""ADJ"", ""NOUN"", ""VERB""]","[[123, 94, 3], [0, 0, 0], [0, 0, 0]]"
llama-3.2-1b,target_final_subtoken,pos,root-heldout,2,NOUN,ADJ,0.0,0.0,0.0,0,"[""ADJ"", ""NOUN"", ""VERB""]","[[0, 0, 0], [86, 416, 78], [0, 0, 0]]"
llama-3.2-1b,target_final_subtoken,pos,root-heldout,2,NOUN,NOUN,1.0,0.7172413793103448,0.8353413654618473,580,"[""ADJ"", ""NOUN"", ""VERB""]","[[0, 0, 0], [86, 416, 78], [0, 0, 0]]"
llama-3.2-1b,target_final_subtoken,pos,root-heldout,2,NOUN,VERB,0.0,0.0,0.0,0,"[""ADJ"", ""NOUN"", ""VERB""]","[[0, 0, 0], [86, 416, 78], [0, 0, 0]]"
llama-3.2-1b,target_final_subtoken,pos,root-heldout,2,VERB,ADJ,0.0,0.0,0.0,0,"[""ADJ"", ""NOUN"", ""VERB""]","[[0, 0, 0], [0, 0, 0], [14, 30, 96]]"
llama-3.2-1b,target_final_subtoken,pos,root-heldout,2,VERB,NOUN,0.0,0.0,0.0,0,"[""ADJ"", ""NOUN"", ""VERB""]","[[0, 0, 0], [0, 0, 0], [14, 30, 96]]"
llama-3.2-1b,target_final_subtoken,pos,root-heldout,2,VERB,VERB,1.0,0.6857142857142857,0.8135593220338984,140,"[""ADJ"", ""NOUN"", ""VERB""]","[[0, 0, 0], [0, 0, 0], [14, 30, 96]]"
llama-3.2-1b,target_final_subtoken,pos,root-heldout,2,all,ADJ,0.5515695067264574,0.5590909090909091,0.5553047404063205,220,"[""ADJ"", ""NOUN"", ""VERB""]","[[123, 94, 3], [86, 416, 78], [14, 30, 96]]"
llama-3.2-1b,target_final_subtoken,pos,root-heldout,2,all,NOUN,0.7703703703703704,0.7172413793103448,0.7428571428571429,580,"[""ADJ"", ""NOUN"", ""VERB""]","[[123, 94, 3], [86, 416, 78], [14, 30, 96]]"
llama-3.2-1b,target_final_subtoken,pos,root-heldout,2,all,VERB,0.5423728813559322,0.6857142857142857,0.6056782334384858,140,"[""ADJ"", ""NOUN"", ""VERB""]","[[123, 94, 3], [86, 416, 78], [14, 30, 96]]"
llama-3.2-1b,target_final_subtoken,pos,root-heldout,3,ADJ,ADJ,1.0,0.5887096774193549,0.7411167512690355,124,"[""ADJ"", ""NOUN"", ""VERB""]","[[73, 40, 11], [0, 0, 0], [0, 0, 0]]"
llama-3.2-1b,target_final_subtoken,pos,root-heldout,3,ADJ,NOUN,0.0,0.0,0.0,0,"[""ADJ"", ""NOUN"", ""VERB""]","[[73, 40, 11], [0, 0, 0], [0, 0, 0]]"
llama-3.2-1b,target_final_subtoken,pos,root-heldout,3,ADJ,VERB,0.0,0.0,0.0,0,"[""ADJ"", ""NOUN"", ""VERB""]","[[73, 40, 11], [0, 0, 0], [0, 0, 0]]"
llama-3.2-1b,target_final_subtoken,pos,root-heldout,3,NOUN,ADJ,0.0,0.0,0.0,0,"[""ADJ"", ""NOUN"", ""VERB""]","[[0, 0, 0], [120, 453, 58], [0, 0, 0]]"
llama-3.2-1b,target_final_subtoken,pos,root-heldout,3,NOUN,NOUN,1.0,0.7179080824088748,0.8357933579335793,631,"[""ADJ"", ""NOUN"", ""VERB""]","[[0, 0, 0], [120, 453, 58], [0, 0, 0]]"
llama-3.2-1b,target_final_subtoken,pos,root-heldout,3,NOUN,VERB,0.0,0.0,0.0,0,"[""ADJ"", ""NOUN"", ""VERB""]","[[0, 0, 0], [120, 453, 58], [0, 0, 0]]"
llama-3.2-1b,target_final_subtoken,pos,root-heldout,3,VERB,ADJ,0.0,0.0,0.0,0,"[""ADJ"", ""NOUN"", ""VERB""]","[[0, 0, 0], [0, 0, 0], [21, 36, 128]]"
llama-3.2-1b,target_final_subtoken,pos,root-heldout,3,VERB,NOUN,0.0,0.0,0.0,0,"[""ADJ"", ""NOUN"", ""VERB""]","[[0, 0, 0], [0, 0, 0], [21, 36, 128]]"
llama-3.2-1b,target_final_subtoken,pos,root-heldout,3,VERB,VERB,1.0,0.6918918918918919,0.8178913738019169,185,"[""ADJ"", ""NOUN"", ""VERB""]","[[0, 0, 0], [0, 0, 0], [21, 36, 128]]"
llama-3.2-1b,target_final_subtoken,pos,root-heldout,3,all,ADJ,0.3411214953271028,0.5887096774193549,0.4319526627218935,124,"[""ADJ"", ""NOUN"", ""VERB""]","[[73, 40, 11], [120, 453, 58], [21, 36, 128]]"
llama-3.2-1b,target_final_subtoken,pos,root-heldout,3,all,NOUN,0.8563327032136105,0.7179080824088748,0.7810344827586206,631,"[""ADJ"", ""NOUN"", ""VERB""]","[[73, 40, 11], [120, 453, 58], [21, 36, 128]]"
llama-3.2-1b,target_final_subtoken,pos,root-heldout,3,all,VERB,0.649746192893401,0.6918918918918919,0.6701570680628273,185,"[""ADJ"", ""NOUN"", ""VERB""]","[[73, 40, 11], [120, 453, 58], [21, 36, 128]]"
llama-3.2-1b,target_final_subtoken,pos,root-heldout,4,ADJ,ADJ,1.0,0.48507462686567165,0.6532663316582915,134,"[""ADJ"", ""NOUN"", ""VERB""]","[[65, 58, 11], [0, 0, 0], [0, 0, 0]]"
llama-3.2-1b,target_final_subtoken,pos,root-heldout,4,ADJ,NOUN,0.0,0.0,0.0,0,"[""ADJ"", ""NOUN"", ""VERB""]","[[65, 58, 11], [0, 0, 0], [0, 0, 0]]"
llama-3.2-1b,target_final_subtoken,pos,root-heldout,4,ADJ,VERB,0.0,0.0,0.0,0,"[""ADJ"", ""NOUN"", ""VERB""]","[[65, 58, 11], [0, 0, 0], [0, 0, 0]]"
llama-3.2-1b,target_final_subtoken,pos,root-heldout,4,NOUN,ADJ,0.0,0.0,0.0,0,"[""ADJ"", ""NOUN"", ""VERB""]","[[0, 0, 0], [125, 406, 67], [0, 0, 0]]"
llama-3.2-1b,target_final_subtoken,pos,root-heldout,4,NOUN,NOUN,1.0,0.6789297658862876,0.8087649402390438,598,"[""ADJ"", ""NOUN"", ""VERB""]","[[0, 0, 0], [125, 406, 67], [0, 0, 0]]"
llama-3.2-1b,target_final_subtoken,pos,root-heldout,4,NOUN,VERB,0.0,0.0,0.0,0,"[""ADJ"", ""NOUN"", ""VERB""]","[[0, 0, 0], [125, 406, 67], [0, 0, 0]]"
llama-3.2-1b,target_final_subtoken,pos,root-heldout,4,VERB,ADJ,0.0,0.0,0.0,0,"[""ADJ"", ""NOUN"", ""VERB""]","[[0, 0, 0], [0, 0, 0], [27, 28, 153]]"
llama-3.2-1b,target_final_subtoken,pos,root-heldout,4,VERB,NOUN,0.0,0.0,0.0,0,"[""ADJ"", ""NOUN"", ""VERB""]","[[0, 0, 0], [0, 0, 0], [27, 28, 153]]"
llama-3.2-1b,target_final_subtoken,pos,root-heldout,4,VERB,VERB,1.0,0.7355769230769231,0.8476454293628809,208,"[""ADJ"", ""NOUN"", ""VERB""]","[[0, 0, 0], [0, 0, 0], [27, 28, 153]]"
llama-3.2-1b,target_final_subtoken,pos,root-heldout,4,all,ADJ,0.2995391705069124,0.48507462686567165,0.37037037037037035,134,"[""ADJ"", ""NOUN"", ""VERB""]","[[65, 58, 11], [125, 406, 67], [27, 28, 153]]"
llama-3.2-1b,target_final_subtoken,pos,root-heldout,4,all,NOUN,0.8252032520325203,0.6789297658862876,0.744954128440367,598,"[""ADJ"", ""NOUN"", ""VERB""]","[[65, 58, 11], [125, 406, 67], [27, 28, 153]]"
llama-3.2-1b,target_final_subtoken,pos,root-heldout,4,all,VERB,0.6623376623376623,0.7355769230769231,0.6970387243735763,208,"[""ADJ"", ""NOUN"", ""VERB""]","[[65, 58, 11], [125, 406, 67], [27, 28, 153]]"
llama-3.2-1b,target_mean_span,gender,lemma-heldout,0,ADJ,fem,0.6410256410256411,0.8333333333333334,0.7246376811594203,60,"[""fem"", ""masc""]","[[50, 10], [28, 63]]"
llama-3.2-1b,target_mean_span,gender,lemma-heldout,0,ADJ,masc,0.863013698630137,0.6923076923076923,0.7682926829268293,91,"[""fem"", ""masc""]","[[50, 10], [28, 63]]"
llama-3.2-1b,target_mean_span,gender,lemma-heldout,0,NOUN,fem,0.6142857142857143,0.6262135922330098,0.6201923076923077,206,"[""fem"", ""masc""]","[[129, 77], [81, 350]]"
llama-3.2-1b,target_mean_span,gender,lemma-heldout,0,NOUN,masc,0.819672131147541,0.8120649651972158,0.8158508158508159,431,"[""fem"", ""masc""]","[[129, 77], [81, 350]]"
llama-3.2-1b,target_mean_span,gender,lemma-heldout,0,VERB,fem,0.5606060606060606,0.6271186440677966,0.592,59,"[""fem"", ""masc""]","[[37, 22], [29, 64]]"
llama-3.2-1b,target_mean_span,gender,lemma-heldout,0,VERB,masc,0.7441860465116279,0.6881720430107527,0.7150837988826816,93,"[""fem"", ""masc""]","[[37, 22], [29, 64]]"
llama-3.2-1b,target_mean_span,gender,lemma-heldout,0,all,fem,0.6101694915254238,0.6646153846153846,0.6362297496318114,325,"[""fem"", ""masc""]","[[216, 109], [138, 477]]"
llama-3.2-1b,target_mean_span,gender,lemma-heldout,0,all,masc,0.8139931740614335,0.775609756097561,0.794338051623647,615,"[""fem"", ""masc""]","[[216, 109], [138, 477]]"
llama-3.2-1b,target_mean_span,gender,lemma-heldout,1,ADJ,fem,0.7538461538461538,0.7205882352941176,0.7368421052631579,68,"[""fem"", ""masc""]","[[49, 19], [16, 100]]"
llama-3.2-1b,target_mean_span,gender,lemma-heldout,1,ADJ,masc,0.8403361344537815,0.8620689655172413,0.851063829787234,116,"[""fem"", ""masc""]","[[49, 19], [16, 100]]"
llama-3.2-1b,target_mean_span,gender,lemma-heldout,1,NOUN,fem,0.5406698564593302,0.6807228915662651,0.6026666666666667,166,"[""fem"", ""masc""]","[[113, 53], [96, 320]]"
llama-3.2-1b,target_mean_span,gender,lemma-heldout,1,NOUN,masc,0.8579088471849866,0.7692307692307693,0.8111533586818758,416,"[""fem"", ""masc""]","[[113, 53], [96, 320]]"
llama-3.2-1b,target_mean_span,gender,lemma-heldout,1,VERB,fem,0.7205882352941176,0.7424242424242424,0.7313432835820896,66,"[""fem"", ""masc""]","[[49, 17], [19, 89]]"
llama-3.2-1b,target_mean_span,gender,lemma-heldout,1,VERB,masc,0.839622641509434,0.8240740740740741,0.8317757009345794,108,"[""fem"", ""masc""]","[[49, 17], [19, 89]]"
llama-3.2-1b,target_mean_span,gender,lemma-heldout,1,all,fem,0.6169590643274854,0.7033333333333334,0.6573208722741433,300,"[""fem"", ""masc""]","[[211, 89], [131, 509]]"
llama-3.2-1b,target_mean_span,gender,lemma-heldout,1,all,masc,0.8511705685618729,0.7953125,0.8222940226171244,640,"[""fem"", ""masc""]","[[211, 89], [131, 509]]"
llama-3.2-1b,target_mean_span,gender,lemma-heldout,2,ADJ,fem,0.8378378378378378,0.7045454545454546,0.7654320987654321,88,"[""fem"", ""masc""]","[[62, 26], [12, 55]]"
llama-3.2-1b,target_mean_span,gender,lemma-heldout,2,ADJ,masc,0.6790123456790124,0.8208955223880597,0.7432432432432432,67,"[""fem"", ""masc""]","[[62, 26], [12, 55]]"
llama-3.2-1b,target_mean_span,gender,lemma-heldout,2,NOUN,fem,0.4909090909090909,0.7670454545454546,0.5986696230598669,176,"[""fem"", ""masc""]","[[135, 41], [140, 272]]"
llama-3.2-1b,target_mean_span,gender,lemma-heldout,2,NOUN,masc,0.8690095846645367,0.6601941747572816,0.7503448275862069,412,"[""fem"", ""masc""]","[[135, 41], [140, 272]]"
llama-3.2-1b,target_mean_span,gender,lemma-heldout,2,VERB,fem,0.76,0.5277777777777778,0.6229508196721312,72,"[""fem"", ""masc""]","[[38, 34], [12, 113]]"
llama-3.2-1b,target_mean_span,gender,lemma-heldout,2,VERB,masc,0.7687074829931972,0.904,0.8308823529411765,125,"[""fem"", ""masc""]","[[38, 34], [12, 113]]"
llama-3.2-1b,target_mean_span,gender,lemma-heldout,2,all,fem,0.5889724310776943,0.6994047619047619,0.6394557823129252,336,"[""fem"", ""masc""]","[[235, 101], [164, 440]]"
llama-3.2-1b,target_mean_span,gender,lemma-heldout,2,all,masc,0.8133086876155268,0.7284768211920529,0.7685589519650655,604,"[""fem"", ""masc""]","[[235, 101], [164, 440]]"
llama-3.2-1b,target_mean_span,gender,lemma-heldout,3,ADJ,fem,0.803921568627451,0.8723404255319149,0.8367346938775511,94,"[""fem"", ""masc""]","[[82, 12], [20, 57]]"
llama-3.2-1b,target_mean_span,gender,lemma-heldout,3,ADJ,masc,0.8260869565217391,0.7402597402597403,0.7808219178082192,77,"[""fem"", ""masc""]","[[82, 12], [20, 57]]"
llama-3.2-1b,target_mean_span,gender,lemma-heldout,3,NOUN,fem,0.5873015873015873,0.555,0.570694087403599,200,"[""fem"", ""masc""]","[[111, 89], [78, 333]]"
llama-3.2-1b,target_mean_span,gender,lemma-heldout,3,NOUN,masc,0.7890995260663507,0.8102189781021898,0.7995198079231692,411,"[""fem"", ""masc""]","[[111, 89], [78, 333]]"
llama-3.2-1b,target_mean_span,gender,lemma-heldout,3,VERB,fem,0.7843137254901961,0.6153846153846154,0.6896551724137931,65,"[""fem"", ""masc""]","[[40, 25], [11, 82]]"
llama-3.2-1b,target_mean_span,gender,lemma-heldout,3,VERB,masc,0.7663551401869159,0.8817204301075269,0.82,93,"[""fem"", ""masc""]","[[40, 25], [11, 82]]"
llama-3.2-1b,target_mean_span,gender,lemma-heldout,3,all,fem,0.6812865497076024,0.649025069637883,0.6647646219686163,359,"[""fem"", ""masc""]","[[233, 126], [109, 472]]"
llama-3.2-1b,target_mean_span,gender,lemma-heldout,3,all,masc,0.7892976588628763,0.8123924268502581,0.8006785411365565,581,"[""fem"", ""masc""]","[[233, 126], [109, 472]]"
llama-3.2-1b,target_mean_span,gender,lemma-heldout,4,ADJ,fem,0.8202247191011236,0.8795180722891566,0.8488372093023255,166,"[""fem"", ""masc""]","[[146, 20], [32, 50]]"
llama-3.2-1b,target_mean_span,gender,lemma-heldout,4,ADJ,masc,0.7142857142857143,0.6097560975609756,0.6578947368421053,82,"[""fem"", ""masc""]","[[146, 20], [32, 50]]"
llama-3.2-1b,target_mean_span,gender,lemma-heldout,4,NOUN,fem,0.5648535564853556,0.627906976744186,0.5947136563876652,215,"[""fem"", ""masc""]","[[135, 80], [104, 219]]"
llama-3.2-1b,target_mean_span,gender,lemma-heldout,4,NOUN,masc,0.7324414715719063,0.6780185758513931,0.7041800643086816,323,"[""fem"", ""masc""]","[[135, 80], [104, 219]]"
llama-3.2-1b,target_mean_span,gender,lemma-heldout,4,VERB,fem,0.6481481481481481,0.625,0.6363636363636364,56,"[""fem"", ""masc""]","[[35, 21], [19, 78]]"
llama-3.2-1b,target_mean_span,gender,lemma-heldout,4,VERB,masc,0.7878787878787878,0.8041237113402062,0.7959183673469388,97,"[""fem"", ""masc""]","[[35, 21], [19, 78]]"
llama-3.2-1b,target_mean_span,gender,lemma-heldout,4,all,fem,0.6709129511677282,0.7231121281464531,0.6960352422907489,437,"[""fem"", ""masc""]","[[316, 121], [155, 347]]"
llama-3.2-1b,target_mean_span,gender,lemma-heldout,4,all,masc,0.7414529914529915,0.6912350597609562,0.7154639175257732,502,"[""fem"", ""masc""]","[[316, 121], [155, 347]]"
llama-3.2-1b,target_mean_span,gender,random,0,ADJ,fem,0.9320388349514563,0.9411764705882353,0.9365853658536586,102,"[""fem"", ""masc""]","[[96, 6], [7, 86]]"
llama-3.2-1b,target_mean_span,gender,random,0,ADJ,masc,0.9347826086956522,0.9247311827956989,0.9297297297297298,93,"[""fem"", ""masc""]","[[96, 6], [7, 86]]"
llama-3.2-1b,target_mean_span,gender,random,0,NOUN,fem,0.8762376237623762,0.9365079365079365,0.9053708439897699,189,"[""fem"", ""masc""]","[[177, 12], [25, 365]]"
llama-3.2-1b,target_mean_span,gender,random,0,NOUN,masc,0.9681697612732095,0.9358974358974359,0.9517601043024772,390,"[""fem"", ""masc""]","[[177, 12], [25, 365]]"
llama-3.2-1b,target_mean_span,gender,random,0,VERB,fem,0.8666666666666667,0.8524590163934426,0.859504132231405,61,"[""fem"", ""masc""]","[[52, 9], [8, 97]]"
llama-3.2-1b,target_mean_span,gender,random,0,VERB,masc,0.9150943396226415,0.9238095238095239,0.919431279620853,105,"[""fem"", ""masc""]","[[52, 9], [8, 97]]"
llama-3.2-1b,target_mean_span,gender,random,0,all,fem,0.8904109589041096,0.9232954545454546,0.9065550906555091,352,"[""fem"", ""masc""]","[[325, 27], [40, 548]]"
llama-3.2-1b,target_mean_span,gender,random,0,all,masc,0.9530434782608695,0.9319727891156463,0.942390369733448,588,"[""fem"", ""masc""]","[[325, 27], [40, 548]]"
llama-3.2-1b,target_mean_span,gender,random,1,ADJ,fem,0.9024390243902439,0.9367088607594937,0.9192546583850931,79,"[""fem"", ""masc""]","[[74, 5], [8, 80]]"
llama-3.2-1b,target_mean_span,gender,random,1,ADJ,masc,0.9411764705882353,0.9090909090909091,0.9248554913294798,88,"[""fem"", ""masc""]","[[74, 5], [8, 80]]"
llama-3.2-1b,target_mean_span,gender,random,1,NOUN,fem,0.8724489795918368,0.890625,0.8814432989690721,192,"[""fem"", ""masc""]","[[171, 21], [25, 383]]"
llama-3.2-1b,target_mean_span,gender,random,1,NOUN,masc,0.948019801980198,0.9387254901960784,0.9433497536945813,408,"[""fem"", ""masc""]","[[171, 21], [25, 383]]"
llama-3.2-1b,target_mean_span,gender,random,1,VERB,fem,0.8701298701298701,0.8271604938271605,0.8481012658227848,81,"[""fem"", ""masc""]","[[67, 14], [10, 82]]"
llama-3.2-1b,target_mean_span,gender,random,1,VERB,masc,0.8541666666666666,0.8913043478260869,0.8723404255319149,92,"[""fem"", ""masc""]","[[67, 14], [10, 82]]"
llama-3.2-1b,target_mean_span,gender,random,1,all,fem,0.8788732394366198,0.8863636363636364,0.8826025459688827,352,"[""fem"", ""masc""]","[[312, 40], [43, 545]]"
llama-3.2-1b,target_mean_span,gender,random,1,all,masc,0.9316239316239316,0.9268707482993197,0.9292412617220801,588,"[""fem"", ""masc""]","[[312, 40], [43, 545]]"
llama-3.2-1b,target_mean_span,gender,random,2,ADJ,fem,0.9117647058823529,0.9029126213592233,0.9073170731707317,103,"[""fem"", ""masc""]","[[93, 10], [9, 85]]"
llama-3.2-1b,target_mean_span,gender,random,2,ADJ,masc,0.8947368421052632,0.9042553191489362,0.8994708994708994,94,"[""fem"", ""masc""]","[[93, 10], [9, 85]]"
llama-3.2-1b,target_mean_span,gender,random,2,NOUN,fem,0.8644859813084113,0.9343434343434344,0.8980582524271845,198,"[""fem"", ""masc""]","[[185, 13], [29, 360]]"
llama-3.2-1b,target_mean_span,gender,random,2,NOUN,masc,0.9651474530831099,0.9254498714652957,0.9448818897637795,389,"[""fem"", ""masc""]","[[185, 13], [29, 360]]"
llama-3.2-1b,target_mean_span,gender,random,2,VERB,fem,0.8363636363636363,0.92,0.8761904761904762,50,"[""fem"", ""masc""]","[[46, 4], [9, 97]]"
llama-3.2-1b,target_mean_span,gender,random,2,VERB,masc,0.9603960396039604,0.9150943396226415,0.9371980676328503,106,"[""fem"", ""masc""]","[[46, 4], [9, 97]]"
llama-3.2-1b,target_mean_span,gender,random,2,all,fem,0.8733153638814016,0.9230769230769231,0.8975069252077562,351,"[""fem"", ""masc""]","[[324, 27], [47, 542]]"
llama-3.2-1b,target_mean_span,gender,random,2,all,masc,0.9525483304042179,0.9202037351443124,0.9360967184801382,589,"[""fem"", ""masc""]","[[324, 27], [47, 542]]"
llama-3.2-1b,target_mean_span,gender,random,3,ADJ,fem,0.9555555555555556,0.9148936170212766,0.9347826086956522,94,"[""fem"", ""masc""]","[[86, 8], [4, 69]]"
llama-3.2-1b,target_mean_span,gender,random,3,ADJ,masc,0.8961038961038961,0.9452054794520548,0.92,73,"[""fem"", ""masc""]","[[86, 8], [4, 69]]"
llama-3.2-1b,target_mean_span,gender,random,3,NOUN,fem,0.8254716981132075,0.9162303664921466,0.8684863523573201,191,"[""fem"", ""masc""]","[[175, 16], [37, 375]]"
llama-3.2-1b,target_mean_span,gender,random,3,NOUN,masc,0.959079283887468,0.9101941747572816,0.933997509339975,412,"[""fem"", ""masc""]","[[175, 16], [37, 375]]"
llama-3.2-1b,target_mean_span,gender,random,3,VERB,fem,0.8771929824561403,0.7575757575757576,0.8130081300813008,66,"[""fem"", ""masc""]","[[50, 16], [7, 97]]"
llama-3.2-1b,target_mean_span,gender,random,3,VERB,masc,0.8584070796460177,0.9326923076923077,0.8940092165898618,104,"[""fem"", ""masc""]","[[50, 16], [7, 97]]"
llama-3.2-1b,target_mean_span,gender,random,3,all,fem,0.8662952646239555,0.886039886039886,0.8760563380281691,351,"[""fem"", ""masc""]","[[311, 40], [48, 541]]"
llama-3.2-1b,target_mean_span,gender,random,3,all,masc,0.9311531841652324,0.9185059422750425,0.9247863247863248,589,"[""fem"", ""masc""]","[[311, 40], [48, 541]]"
llama-3.2-1b,target_mean_span,gender,random,4,ADJ,fem,0.9578947368421052,0.9285714285714286,0.9430051813471503,98,"[""fem"", ""masc""]","[[91, 7], [4, 81]]"
llama-3.2-1b,target_mean_span,gender,random,4,ADJ,masc,0.9204545454545454,0.9529411764705882,0.9364161849710982,85,"[""fem"", ""masc""]","[[91, 7], [4, 81]]"
llama-3.2-1b,target_mean_span,gender,random,4,NOUN,fem,0.8356807511737089,0.9222797927461139,0.8768472906403941,193,"[""fem"", ""masc""]","[[178, 15], [35, 359]]"
llama-3.2-1b,target_mean_span,gender,random,4,NOUN,masc,0.9598930481283422,0.9111675126903553,0.9348958333333334,394,"[""fem"", ""masc""]","[[178, 15], [35, 359]]"
llama-3.2-1b,target_mean_span,gender,random,4,VERB,fem,0.8360655737704918,0.85,0.8429752066115702,60,"[""fem"", ""masc""]","[[51, 9], [10, 99]]"
llama-3.2-1b,target_mean_span,gender,random,4,VERB,masc,0.9166666666666666,0.908256880733945,0.9124423963133641,109,"[""fem"", ""masc""]","[[51, 9], [10, 99]]"
llama-3.2-1b,target_mean_span,gender,random,4,all,fem,0.8672086720867209,0.9116809116809117,0.8888888888888888,351,"[""fem"", ""masc""]","[[320, 31], [49, 539]]"
llama-3.2-1b,target_mean_span,gender,random,4,all,masc,0.9456140350877194,0.9166666666666666,0.9309153713298791,588,"[""fem"", ""masc""]","[[320, 31], [49, 539]]"
llama-3.2-1b,target_mean_span,gender,root-heldout,0,ADJ,fem,0.7222222222222222,0.78,0.75,150,"[""fem"", ""masc""]","[[117, 33], [45, 86]]"
llama-3.2-1b,target_mean_span,gender,root-heldout,0,ADJ,masc,0.7226890756302521,0.6564885496183206,0.688,131,"[""fem"", ""masc""]","[[117, 33], [45, 86]]"
llama-3.2-1b,target_mean_span,gender,root-heldout,0,NOUN,fem,0.5327510917030568,0.6853932584269663,0.5995085995085995,178,"[""fem"", ""masc""]","[[122, 56], [107, 244]]"
llama-3.2-1b,target_mean_span,gender,root-heldout,0,NOUN,masc,0.8133333333333334,0.6951566951566952,0.7496159754224271,351,"[""fem"", ""masc""]","[[122, 56], [107, 244]]"
llama-3.2-1b,target_mean_span,gender,root-heldout,0,VERB,fem,0.6190476190476191,0.8478260869565217,0.7155963302752294,46,"[""fem"", ""masc""]","[[39, 7], [24, 60]]"
llama-3.2-1b,target_mean_span,gender,root-heldout,0,VERB,masc,0.8955223880597015,0.7142857142857143,0.7947019867549668,84,"[""fem"", ""masc""]","[[39, 7], [24, 60]]"
llama-3.2-1b,target_mean_span,gender,root-heldout,0,all,fem,0.6123348017621145,0.7433155080213903,0.6714975845410628,374,"[""fem"", ""masc""]","[[278, 96], [176, 390]]"
llama-3.2-1b,target_mean_span,gender,root-heldout,0,all,masc,0.8024691358024691,0.6890459363957597,0.7414448669201521,566,"[""fem"", ""masc""]","[[278, 96], [176, 390]]"
llama-3.2-1b,target_mean_span,gender,root-heldout,1,ADJ,fem,0.8034188034188035,0.8785046728971962,0.8392857142857143,107,"[""fem"", ""masc""]","[[94, 13], [23, 69]]"
llama-3.2-1b,target_mean_span,gender,root-heldout,1,ADJ,masc,0.8414634146341463,0.75,0.7931034482758621,92,"[""fem"", ""masc""]","[[94, 13], [23, 69]]"
llama-3.2-1b,target_mean_span,gender,root-heldout,1,NOUN,fem,0.4192139737991266,0.5647058823529412,0.48120300751879697,170,"[""fem"", ""masc""]","[[96, 74], [133, 297]]"
llama-3.2-1b,target_mean_span,gender,root-heldout,1,NOUN,masc,0.8005390835579514,0.6906976744186046,0.7415730337078652,430,"[""fem"", ""masc""]","[[96, 74], [133, 297]]"
llama-3.2-1b,target_mean_span,gender,root-heldout,1,VERB,fem,0.6129032258064516,0.6909090909090909,0.6495726495726496,55,"[""fem"", ""masc""]","[[38, 17], [24, 62]]"
llama-3.2-1b,target_mean_span,gender,root-heldout,1,VERB,masc,0.7848101265822784,0.7209302325581395,0.7515151515151515,86,"[""fem"", ""masc""]","[[38, 17], [24, 62]]"
llama-3.2-1b,target_mean_span,gender,root-heldout,1,all,fem,0.5588235294117647,0.6867469879518072,0.6162162162162163,332,"[""fem"", ""masc""]","[[228, 104], [180, 428]]"
llama-3.2-1b,target_mean_span,gender,root-heldout,1,all,masc,0.8045112781954887,0.7039473684210527,0.7508771929824561,608,"[""fem"", ""masc""]","[[228, 104], [180, 428]]"
llama-3.2-1b,target_mean_span,gender,root-heldout,2,ADJ,fem,0.7289719626168224,0.78,0.7536231884057971,100,"[""fem"", ""masc""]","[[78, 22], [29, 50]]"
llama-3.2-1b,target_mean_span,gender,root-heldout,2,ADJ,masc,0.6944444444444444,0.6329113924050633,0.6622516556291391,79,"[""fem"", ""masc""]","[[78, 22], [29, 50]]"
llama-3.2-1b,target_mean_span,gender,root-heldout,2,NOUN,fem,0.7049808429118773,0.7104247104247104,0.7076923076923077,259,"[""fem"", ""masc""]","[[184, 75], [77, 252]]"
llama-3.2-1b,target_mean_span,gender,root-heldout,2,NOUN,masc,0.7706422018348624,0.7659574468085106,0.7682926829268293,329,"[""fem"", ""masc""]","[[184, 75], [77, 252]]"
llama-3.2-1b,target_mean_span,gender,root-heldout,2,VERB,fem,0.6567164179104478,0.6567164179104478,0.6567164179104478,67,"[""fem"", ""masc""]","[[44, 23], [23, 83]]"
llama-3.2-1b,target_mean_span,gender,root-heldout,2,VERB,masc,0.7830188679245284,0.7830188679245284,0.7830188679245284,106,"[""fem"", ""masc""]","[[44, 23], [23, 83]]"
llama-3.2-1b,target_mean_span,gender,root-heldout,2,all,fem,0.7034482758620689,0.7183098591549296,0.710801393728223,426,"[""fem"", ""masc""]","[[306, 120], [129, 385]]"
llama-3.2-1b,target_mean_span,gender,root-heldout,2,all,masc,0.7623762376237624,0.7490272373540856,0.7556427870461236,514,"[""fem"", ""masc""]","[[306, 120], [129, 385]]"
llama-3.2-1b,target_mean_span,gender,root-heldout,3,ADJ,fem,0.8181818181818182,0.46551724137931033,0.5934065934065934,58,"[""fem"", ""masc""]","[[27, 31], [6, 59]]"
llama-3.2-1b,target_mean_span,gender,root-heldout,3,ADJ,masc,0.6555555555555556,0.9076923076923077,0.7612903225806451,65,"[""fem"", ""masc""]","[[27, 31], [6, 59]]"
llama-3.2-1b,target_mean_span,gender,root-heldout,3,NOUN,fem,0.4306569343065693,0.7814569536423841,0.5552941176470588,151,"[""fem"", ""masc""]","[[118, 33], [156, 330]]"
llama-3.2-1b,target_mean_span,gender,root-heldout,3,NOUN,masc,0.9090909090909091,0.6790123456790124,0.7773851590106007,486,"[""fem"", ""masc""]","[[118, 33], [156, 330]]"
llama-3.2-1b,target_mean_span,gender,root-heldout,3,VERB,fem,0.36470588235294116,0.5166666666666667,0.42758620689655175,60,"[""fem"", ""masc""]","[[31, 29], [54, 66]]"
llama-3.2-1b,target_mean_span,gender,root-heldout,3,VERB,masc,0.6947368421052632,0.55,0.6139534883720931,120,"[""fem"", ""masc""]","[[31, 29], [54, 66]]"
llama-3.2-1b,target_mean_span,gender,root-heldout,3,all,fem,0.4489795918367347,0.654275092936803,0.5325264750378215,269,"[""fem"", ""masc""]","[[176, 93], [216, 455]]"
llama-3.2-1b,target_mean_span,gender,root-heldout,3,all,masc,0.8302919708029197,0.6780923994038748,0.7465135356849877,671,"[""fem"", ""masc""]","[[176, 93], [216, 455]]"
llama-3.2-1b,target_mean_span,gender,root-heldout,4,ADJ,fem,0.7441860465116279,0.5245901639344263,0.6153846153846154,61,"[""fem"", ""masc""]","[[32, 29], [11, 55]]"
llama-3.2-1b,target_mean_span,gender,root-heldout,4,ADJ,masc,0.6547619047619048,0.8333333333333334,0.7333333333333333,66,"[""fem"", ""masc""]","[[32, 29], [11, 55]]"
llama-3.2-1b,target_mean_span,gender,root-heldout,4,NOUN,fem,0.6255924170616114,0.6439024390243903,0.6346153846153846,205,"[""fem"", ""masc""]","[[132, 73], [79, 318]]"
llama-3.2-1b,target_mean_span,gender,root-heldout,4,NOUN,masc,0.8132992327365729,0.801007556675063,0.8071065989847716,397,"[""fem"", ""masc""]","[[132, 73], [79, 318]]"
llama-3.2-1b,target_mean_span,gender,root-heldout,4,VERB,fem,0.52,0.7222222222222222,0.6046511627906976,90,"[""fem"", ""masc""]","[[65, 25], [60, 60]]"
llama-3.2-1b,target_mean_span,gender,root-heldout,4,VERB,masc,0.7058823529411765,0.5,0.5853658536585366,120,"[""fem"", ""masc""]","[[65, 25], [60, 60]]"
llama-3.2-1b,target_mean_span,gender,root-heldout,4,all,fem,0.604221635883905,0.6432584269662921,0.6231292517006802,356,"[""fem"", ""masc""]","[[229, 127], [150, 433]]"
llama-3.2-1b,target_mean_span,gender,root-heldout,4,all,masc,0.7732142857142857,0.7427101200686106,0.757655293088364,583,"[""fem"", ""masc""]","[[229, 127], [150, 433]]"
llama-3.2-1b,target_mean_span,number,lemma-heldout,0,ADJ,du,0.0,0.0,0.0,1,"[""du"", ""pl"", ""sg""]","[[0, 1, 0], [1, 3, 0], [6, 18, 122]]"
llama-3.2-1b,target_mean_span,number,lemma-heldout,0,ADJ,pl,0.13636363636363635,0.75,0.23076923076923078,4,"[""du"", ""pl"", ""sg""]","[[0, 1, 0], [1, 3, 0], [6, 18, 122]]"
llama-3.2-1b,target_mean_span,number,lemma-heldout,0,ADJ,sg,1.0,0.8356164383561644,0.9104477611940298,146,"[""du"", ""pl"", ""sg""]","[[0, 1, 0], [1, 3, 0], [6, 18, 122]]"
llama-3.2-1b,target_mean_span,number,lemma-heldout,0,NOUN,du,0.125,0.75,0.21428571428571427,4,"[""du"", ""pl"", ""sg""]","[[3, 0, 1], [2, 121, 33], [19, 81, 377]]"
llama-3.2-1b,target_mean_span,number,lemma-heldout,0,NOUN,pl,0.599009900990099,0.7756410256410257,0.6759776536312849,156,"[""du"", ""pl"", ""sg""]","[[3, 0, 1], [2, 121, 33], [19, 81, 377]]"
llama-3.2-1b,target_mean_span,number,lemma-heldout,0,NOUN,sg,0.9172749391727494,0.790356394129979,0.8490990990990991,477,"[""du"", ""pl"", ""sg""]","[[3, 0, 1], [2, 121, 33], [19, 81, 377]]"
llama-3.2-1b,target_mean_span,number,lemma-heldout,0,VERB,du,0.0,0.0,0.0,1,"[""du"", ""pl"", ""sg""]","[[0, 1, 0], [0, 9, 3], [0, 15, 124]]"
llama-3.2-1b,target_mean_span,number,lemma-heldout,0,VERB,pl,0.36,0.75,0.4864864864864865,12,"[""du"", ""pl"", ""sg""]","[[0, 1, 0], [0, 9, 3], [0, 15, 124]]"
llama-3.2-1b,target_mean_span,number,lemma-heldout,0,VERB,sg,0.9763779527559056,0.8920863309352518,0.9323308270676691,139,"[""du"", ""pl"", ""sg""]","[[0, 1, 0], [0, 9, 3], [0, 15, 124]]"
llama-3.2-1b,target_mean_span,number,lemma-heldout,0,all,du,0.0967741935483871,0.5,0.16216216216216217,6,"[""du"", ""pl"", ""sg""]","[[3, 2, 1], [3, 133, 36], [25, 114, 623]]"
llama-3.2-1b,target_mean_span,number,lemma-heldout,0,all,pl,0.5341365461847389,0.7732558139534884,0.6318289786223278,172,"[""du"", ""pl"", ""sg""]","[[3, 2, 1], [3, 133, 36], [25, 114, 623]]"
llama-3.2-1b,target_mean_span,number,lemma-heldout,0,all,sg,0.943939393939394,0.8175853018372703,0.8762306610407876,762,"[""du"", ""pl"", ""sg""]","[[3, 2, 1], [3, 133, 36], [25, 114, 623]]"
llama-3.2-1b,target_mean_span,number,lemma-heldout,1,ADJ,du,0.0,0.0,0.0,0,"[""du"", ""pl"", ""sg""]","[[0, 0, 0], [0, 5, 0], [1, 37, 141]]"
llama-3.2-1b,target_mean_span,number,lemma-heldout,1,ADJ,pl,0.11904761904761904,1.0,0.2127659574468085,5,"[""du"", ""pl"", ""sg""]","[[0, 0, 0], [0, 5, 0], [1, 37, 141]]"
llama-3.2-1b,target_mean_span,number,lemma-heldout,1,ADJ,sg,1.0,0.7877094972067039,0.88125,179,"[""du"", ""pl"", ""sg""]","[[0, 0, 0], [0, 5, 0], [1, 37, 141]]"
llama-3.2-1b,target_mean_span,number,lemma-heldout,1,NOUN,du,0.25,0.1111111111111111,0.15384615384615385,9,"[""du"", ""pl"", ""sg""]","[[1, 5, 3], [0, 95, 22], [3, 71, 382]]"
llama-3.2-1b,target_mean_span,number,lemma-heldout,1,NOUN,pl,0.5555555555555556,0.811965811965812,0.6597222222222222,117,"[""du"", ""pl"", ""sg""]","[[1, 5, 3], [0, 95, 22], [3, 71, 382]]"
llama-3.2-1b,target_mean_span,number,lemma-heldout,1,NOUN,sg,0.9385749385749386,0.8377192982456141,0.8852838933951332,456,"[""du"", ""pl"", ""sg""]","[[1, 5, 3], [0, 95, 22], [3, 71, 382]]"
llama-3.2-1b,target_mean_span,number,lemma-heldout,1,VERB,du,0.0,0.0,0.0,1,"[""du"", ""pl"", ""sg""]","[[0, 1, 0], [0, 12, 3], [11, 25, 122]]"
llama-3.2-1b,target_mean_span,number,lemma-heldout,1,VERB,pl,0.3157894736842105,0.8,0.4528301886792453,15,"[""du"", ""pl"", ""sg""]","[[0, 1, 0], [0, 12, 3], [11, 25, 122]]"
llama-3.2-1b,target_mean_span,number,lemma-heldout,1,VERB,sg,0.976,0.7721518987341772,0.8621908127208481,158,"[""du"", ""pl"", ""sg""]","[[0, 1, 0], [0, 12, 3], [11, 25, 122]]"
llama-3.2-1b,target_mean_span,number,lemma-heldout,1,all,du,0.0625,0.1,0.07692307692307693,10,"[""du"", ""pl"", ""sg""]","[[1, 6, 3], [0, 112, 25], [15, 133, 645]]"
llama-3.2-1b,target_mean_span,number,lemma-heldout,1,all,pl,0.44621513944223107,0.8175182481751825,0.5773195876288659,137,"[""du"", ""pl"", ""sg""]","[[1, 6, 3], [0, 112, 25], [15, 133, 645]]"
llama-3.2-1b,target_mean_span,number,lemma-heldout,1,all,sg,0.9583952451708767,0.8133669609079445,0.8799454297407913,793,"[""du"", ""pl"", ""sg""]","[[1, 6, 3], [0, 112, 25], [15, 133, 645]]"
llama-3.2-1b,target_mean_span,number,lemma-heldout,2,ADJ,du,0.0,0.0,0.0,0,"[""du"", ""pl"", ""sg""]","[[0, 0, 0], [0, 4, 1], [1, 19, 130]]"
llama-3.2-1b,target_mean_span,number,lemma-heldout,2,ADJ,pl,0.17391304347826086,0.8,0.2857142857142857,5,"[""du"", ""pl"", ""sg""]","[[0, 0, 0], [0, 4, 1], [1, 19, 130]]"
llama-3.2-1b,target_mean_span,number,lemma-heldout,2,ADJ,sg,0.9923664122137404,0.8666666666666667,0.9252669039145908,150,"[""du"", ""pl"", ""sg""]","[[0, 0, 0], [0, 4, 1], [1, 19, 130]]"
llama-3.2-1b,target_mean_span,number,lemma-heldout,2,NOUN,du,0.18518518518518517,0.5555555555555556,0.2777777777777778,9,"[""du"", ""pl"", ""sg""]","[[5, 1, 3], [1, 100, 32], [21, 74, 351]]"
llama-3.2-1b,target_mean_span,number,lemma-heldout,2,NOUN,pl,0.5714285714285714,0.7518796992481203,0.6493506493506493,133,"[""du"", ""pl"", ""sg""]","[[5, 1, 3], [1, 100, 32], [21, 74, 351]]"
llama-3.2-1b,target_mean_span,number,lemma-heldout,2,NOUN,sg,0.9093264248704663,0.7869955156950673,0.84375,446,"[""du"", ""pl"", ""sg""]","[[5, 1, 3], [1, 100, 32], [21, 74, 351]]"
llama-3.2-1b,target_mean_span,number,lemma-heldout,2,VERB,du,0.3333333333333333,0.5,0.4,2,"[""du"", ""pl"", ""sg""]","[[1, 1, 0], [0, 10, 2], [2, 21, 160]]"
llama-3.2-1b,target_mean_span,number,lemma-heldout,2,VERB,pl,0.3125,0.8333333333333334,0.45454545454545453,12,"[""du"", ""pl"", ""sg""]","[[1, 1, 0], [0, 10, 2], [2, 21, 160]]"
llama-3.2-1b,target_mean_span,number,lemma-heldout,2,VERB,sg,0.9876543209876543,0.8743169398907104,0.927536231884058,183,"[""du"", ""pl"", ""sg""]","[[1, 1, 0], [0, 10, 2], [2, 21, 160]]"
llama-3.2-1b,target_mean_span,number,lemma-heldout,2,all,du,0.1935483870967742,0.5454545454545454,0.2857142857142857,11,"[""du"", ""pl"", ""sg""]","[[6, 2, 3], [1, 114, 35], [24, 114, 641]]"
llama-3.2-1b,target_mean_span,number,lemma-heldout,2,all,pl,0.4956521739130435,0.76,0.6,150,"[""du"", ""pl"", ""sg""]","[[6, 2, 3], [1, 114, 35], [24, 114, 641]]"
llama-3.2-1b,target_mean_span,number,lemma-heldout,2,all,sg,0.9440353460972017,0.8228498074454429,0.879286694101509,779,"[""du"", ""pl"", ""sg""]","[[6, 2, 3], [1, 114, 35], [24, 114, 641]]"
llama-3.2-1b,target_mean_span,number,lemma-heldout,3,ADJ,du,0.0,0.0,0.0,2,"[""du"", ""pl"", ""sg""]","[[0, 1, 1], [0, 2, 0], [7, 25, 135]]"
llama-3.2-1b,target_mean_span,number,lemma-heldout,3,ADJ,pl,0.07142857142857142,1.0,0.13333333333333333,2,"[""du"", ""pl"", ""sg""]","[[0, 1, 1], [0, 2, 0], [7, 25, 135]]"
llama-3.2-1b,target_mean_span,number,lemma-heldout,3,ADJ,sg,0.9926470588235294,0.8083832335329342,0.8910891089108911,167,"[""du"", ""pl"", ""sg""]","[[0, 1, 1], [0, 2, 0], [7, 25, 135]]"
llama-3.2-1b,target_mean_span,number,lemma-heldout,3,NOUN,du,0.21739130434782608,0.5555555555555556,0.3125,9,"[""du"", ""pl"", ""sg""]","[[5, 2, 2], [0, 91, 21], [18, 80, 392]]"
llama-3.2-1b,target_mean_span,number,lemma-heldout,3,NOUN,pl,0.5260115606936416,0.8125,0.6385964912280702,112,"[""du"", ""pl"", ""sg""]","[[5, 2, 2], [0, 91, 21], [18, 80, 392]]"
llama-3.2-1b,target_mean_span,number,lemma-heldout,3,NOUN,sg,0.944578313253012,0.8,0.8662983425414365,490,"[""du"", ""pl"", ""sg""]","[[5, 2, 2], [0, 91, 21], [18, 80, 392]]"
llama-3.2-1b,target_mean_span,number,lemma-heldout,3,VERB,du,0.0,0.0,0.0,1,"[""du"", ""pl"", ""sg""]","[[0, 1, 0], [0, 7, 1], [0, 31, 118]]"
llama-3.2-1b,target_mean_span,number,lemma-heldout,3,VERB,pl,0.1794871794871795,0.875,0.2978723404255319,8,"[""du"", ""pl"", ""sg""]","[[0, 1, 0], [0, 7, 1], [0, 31, 118]]"
llama-3.2-1b,target_mean_span,number,lemma-heldout,3,VERB,sg,0.9915966386554622,0.7919463087248322,0.8805970149253731,149,"[""du"", ""pl"", ""sg""]","[[0, 1, 0], [0, 7, 1], [0, 31, 118]]"
llama-3.2-1b,target_mean_span,number,lemma-heldout,3,all,du,0.16666666666666666,0.4166666666666667,0.23809523809523808,12,"[""du"", ""pl"", ""sg""]","[[5, 4, 3], [0, 100, 22], [25, 136, 645]]"
llama-3.2-1b,target_mean_span,number,lemma-heldout,3,all,pl,0.4166666666666667,0.819672131147541,0.5524861878453039,122,"[""du"", ""pl"", ""sg""]","[[5, 4, 3], [0, 100, 22], [25, 136, 645]]"
llama-3.2-1b,target_mean_span,number,lemma-heldout,3,all,sg,0.9626865671641791,0.8002481389578163,0.8739837398373984,806,"[""du"", ""pl"", ""sg""]","[[5, 4, 3], [0, 100, 22], [25, 136, 645]]"
llama-3.2-1b,target_mean_span,number,lemma-heldout,4,ADJ,du,1.0,0.5,0.6666666666666666,2,"[""du"", ""pl"", ""sg""]","[[1, 0, 1], [0, 2, 0], [0, 35, 209]]"
llama-3.2-1b,target_mean_span,number,lemma-heldout,4,ADJ,pl,0.05405405405405406,1.0,0.10256410256410256,2,"[""du"", ""pl"", ""sg""]","[[1, 0, 1], [0, 2, 0], [0, 35, 209]]"
llama-3.2-1b,target_mean_span,number,lemma-heldout,4,ADJ,sg,0.9952380952380953,0.8565573770491803,0.920704845814978,244,"[""du"", ""pl"", ""sg""]","[[1, 0, 1], [0, 2, 0], [0, 35, 209]]"
llama-3.2-1b,target_mean_span,number,lemma-heldout,4,NOUN,du,0.05555555555555555,0.5,0.1,2,"[""du"", ""pl"", ""sg""]","[[1, 1, 0], [3, 72, 38], [14, 41, 368]]"
llama-3.2-1b,target_mean_span,number,lemma-heldout,4,NOUN,pl,0.631578947368421,0.6371681415929203,0.6343612334801763,113,"[""du"", ""pl"", ""sg""]","[[1, 1, 0], [3, 72, 38], [14, 41, 368]]"
llama-3.2-1b,target_mean_span,number,lemma-heldout,4,NOUN,sg,0.9064039408866995,0.8699763593380615,0.887816646562123,423,"[""du"", ""pl"", ""sg""]","[[1, 1, 0], [3, 72, 38], [14, 41, 368]]"
llama-3.2-1b,target_mean_span,number,lemma-heldout,4,VERB,du,0.0,0.0,0.0,2,"[""du"", ""pl"", ""sg""]","[[0, 2, 0], [0, 4, 0], [9, 12, 126]]"
llama-3.2-1b,target_mean_span,number,lemma-heldout,4,VERB,pl,0.2222222222222222,1.0,0.36363636363636365,4,"[""du"", ""pl"", ""sg""]","[[0, 2, 0], [0, 4, 0], [9, 12, 126]]"
llama-3.2-1b,target_mean_span,number,lemma-heldout,4,VERB,sg,1.0,0.8571428571428571,0.9230769230769231,147,"[""du"", ""pl"", ""sg""]","[[0, 2, 0], [0, 4, 0], [9, 12, 126]]"
llama-3.2-1b,target_mean_span,number,lemma-heldout,4,all,du,0.07142857142857142,0.3333333333333333,0.11764705882352941,6,"[""du"", ""pl"", ""sg""]","[[2, 3, 1], [3, 78, 38], [23, 88, 703]]"
llama-3.2-1b,target_mean_span,number,lemma-heldout,4,all,pl,0.46153846153846156,0.6554621848739496,0.5416666666666666,119,"[""du"", ""pl"", ""sg""]","[[2, 3, 1], [3, 78, 38], [23, 88, 703]]"
llama-3.2-1b,target_mean_span,number,lemma-heldout,4,all,sg,0.9474393530997305,0.8636363636363636,0.903598971722365,814,"[""du"", ""pl"", ""sg""]","[[2, 3, 1], [3, 78, 38], [23, 88, 703]]"
llama-3.2-1b,target_mean_span,number,random,0,ADJ,du,0.0,0.0,0.0,0,"[""du"", ""pl"", ""sg""]","[[0, 0, 0], [0, 1, 0], [1, 4, 173]]"
llama-3.2-1b,target_mean_span,number,random,0,ADJ,pl,0.2,1.0,0.3333333333333333,1,"[""du"", ""pl"", ""sg""]","[[0, 0, 0], [0, 1, 0], [1, 4, 173]]"
llama-3.2-1b,target_mean_span,number,random,0,ADJ,sg,1.0,0.9719101123595506,0.9857549857549858,178,"[""du"", ""pl"", ""sg""]","[[0, 0, 0], [0, 1, 0], [1, 4, 173]]"
llama-3.2-1b,target_mean_span,number,random,0,NOUN,du,1.0,0.625,0.7692307692307693,8,"[""du"", ""pl"", ""sg""]","[[5, 2, 1], [0, 115, 15], [0, 23, 443]]"
llama-3.2-1b,target_mean_span,number,random,0,NOUN,pl,0.8214285714285714,0.8846153846153846,0.8518518518518519,130,"[""du"", ""pl"", ""sg""]","[[5, 2, 1], [0, 115, 15], [0, 23, 443]]"
llama-3.2-1b,target_mean_span,number,random,0,NOUN,sg,0.9651416122004357,0.9506437768240343,0.9578378378378378,466,"[""du"", ""pl"", ""sg""]","[[5, 2, 1], [0, 115, 15], [0, 23, 443]]"
llama-3.2-1b,target_mean_span,number,random,0,VERB,du,0.0,0.0,0.0,1,"[""du"", ""pl"", ""sg""]","[[0, 0, 1], [0, 8, 1], [2, 4, 141]]"
llama-3.2-1b,target_mean_span,number,random,0,VERB,pl,0.6666666666666666,0.8888888888888888,0.7619047619047619,9,"[""du"", ""pl"", ""sg""]","[[0, 0, 1], [0, 8, 1], [2, 4, 141]]"
llama-3.2-1b,target_mean_span,number,random,0,VERB,sg,0.986013986013986,0.9591836734693877,0.9724137931034482,147,"[""du"", ""pl"", ""sg""]","[[0, 0, 1], [0, 8, 1], [2, 4, 141]]"
llama-3.2-1b,target_mean_span,number,random,0,all,du,0.625,0.5555555555555556,0.5882352941176471,9,"[""du"", ""pl"", ""sg""]","[[5, 2, 2], [0, 124, 16], [3, 31, 757]]"
llama-3.2-1b,target_mean_span,number,random,0,all,pl,0.7898089171974523,0.8857142857142857,0.835016835016835,140,"[""du"", ""pl"", ""sg""]","[[5, 2, 2], [0, 124, 16], [3, 31, 757]]"
llama-3.2-1b,target_mean_span,number,random,0,all,sg,0.9767741935483871,0.9570164348925411,0.966794380587484,791,"[""du"", ""pl"", ""sg""]","[[5, 2, 2], [0, 124, 16], [3, 31, 757]]"
llama-3.2-1b,target_mean_span,number,random,1,ADJ,du,1.0,1.0,1.0,2,"[""du"", ""pl"", ""sg""]","[[2, 0, 0], [0, 6, 0], [0, 5, 181]]"
llama-3.2-1b,target_mean_span,number,random,1,ADJ,pl,0.5454545454545454,1.0,0.7058823529411765,6,"[""du"", ""pl"", ""sg""]","[[2, 0, 0], [0, 6, 0], [0, 5, 181]]"
llama-3.2-1b,target_mean_span,number,random,1,ADJ,sg,1.0,0.9731182795698925,0.9863760217983651,186,"[""du"", ""pl"", ""sg""]","[[2, 0, 0], [0, 6, 0], [0, 5, 181]]"
llama-3.2-1b,target_mean_span,number,random,1,NOUN,du,0.6,1.0,0.75,6,"[""du"", ""pl"", ""sg""]","[[6, 0, 0], [2, 107, 16], [2, 12, 435]]"
llama-3.2-1b,target_mean_span,number,random,1,NOUN,pl,0.8991596638655462,0.856,0.8770491803278688,125,"[""du"", ""pl"", ""sg""]","[[6, 0, 0], [2, 107, 16], [2, 12, 435]]"
llama-3.2-1b,target_mean_span,number,random,1,NOUN,sg,0.9645232815964523,0.9688195991091314,0.9666666666666667,449,"[""du"", ""pl"", ""sg""]","[[6, 0, 0], [2, 107, 16], [2, 12, 435]]"
llama-3.2-1b,target_mean_span,number,random,1,VERB,du,1.0,1.0,1.0,1,"[""du"", ""pl"", ""sg""]","[[1, 0, 0], [0, 6, 3], [0, 7, 149]]"
llama-3.2-1b,target_mean_span,number,random,1,VERB,pl,0.46153846153846156,0.6666666666666666,0.5454545454545454,9,"[""du"", ""pl"", ""sg""]","[[1, 0, 0], [0, 6, 3], [0, 7, 149]]"
llama-3.2-1b,target_mean_span,number,random,1,VERB,sg,0.9802631578947368,0.9551282051282052,0.9675324675324676,156,"[""du"", ""pl"", ""sg""]","[[1, 0, 0], [0, 6, 3], [0, 7, 149]]"
llama-3.2-1b,target_mean_span,number,random,1,all,du,0.6923076923076923,1.0,0.8181818181818182,9,"[""du"", ""pl"", ""sg""]","[[9, 0, 0], [2, 119, 19], [2, 24, 765]]"
llama-3.2-1b,target_mean_span,number,random,1,all,pl,0.8321678321678322,0.85,0.8409893992932862,140,"[""du"", ""pl"", ""sg""]","[[9, 0, 0], [2, 119, 19], [2, 24, 765]]"
llama-3.2-1b,target_mean_span,number,random,1,all,sg,0.9757653061224489,0.9671302149178256,0.9714285714285714,791,"[""du"", ""pl"", ""sg""]","[[9, 0, 0], [2, 119, 19], [2, 24, 765]]"
llama-3.2-1b,target_mean_span,number,random,2,ADJ,pl,0.16666666666666666,0.6666666666666666,0.26666666666666666,3,"[""pl"", ""sg""]","[[2, 1], [10, 156]]"
llama-3.2-1b,target_mean_span,number,random,2,ADJ,sg,0.9936305732484076,0.9397590361445783,0.9659442724458205,166,"[""pl"", ""sg""]","[[2, 1], [10, 156]]"
llama-3.2-1b,target_mean_span,number,random,2,NOUN,du,0.8,0.6666666666666666,0.7272727272727273,6,"[""du"", ""pl"", ""sg""]","[[4, 1, 1], [0, 111, 15], [1, 18, 443]]"
llama-3.2-1b,target_mean_span,number,random,2,NOUN,pl,0.8538461538461538,0.8809523809523809,0.8671875,126,"[""du"", ""pl"", ""sg""]","[[4, 1, 1], [0, 111, 15], [1, 18, 443]]"
llama-3.2-1b,target_mean_span,number,random,2,NOUN,sg,0.9651416122004357,0.9588744588744589,0.9619978284473398,462,"[""du"", ""pl"", ""sg""]","[[4, 1, 1], [0, 111, 15], [1, 18, 443]]"
llama-3.2-1b,target_mean_span,number,random,2,VERB,du,1.0,0.3333333333333333,0.5,3,"[""du"", ""pl"", ""sg""]","[[1, 2, 0], [0, 9, 2], [0, 7, 156]]"
llama-3.2-1b,target_mean_span,number,random,2,VERB,pl,0.5,0.8181818181818182,0.6206896551724138,11,"[""du"", ""pl"", ""sg""]","[[1, 2, 0], [0, 9, 2], [0, 7, 156]]"
llama-3.2-1b,target_mean_span,number,random,2,VERB,sg,0.9873417721518988,0.9570552147239264,0.9719626168224299,163,"[""du"", ""pl"", ""sg""]","[[1, 2, 0], [0, 9, 2], [0, 7, 156]]"
llama-3.2-1b,target_mean_span,number,random,2,all,du,0.8333333333333334,0.5555555555555556,0.6666666666666666,9,"[""du"", ""pl"", ""sg""]","[[5, 3, 1], [0, 122, 18], [1, 35, 755]]"
llama-3.2-1b,target_mean_span,number,random,2,all,pl,0.7625,0.8714285714285714,0.8133333333333334,140,"[""du"", ""pl"", ""sg""]","[[5, 3, 1], [0, 122, 18], [1, 35, 755]]"
llama-3.2-1b,target_mean_span,number,random,2,all,sg,0.975452196382429,0.95448798988622,0.9648562300319489,791,"[""du"", ""pl"", ""sg""]","[[5, 3, 1], [0, 122, 18], [1, 35, 755]]"
llama-3.2-1b,target_mean_span,number,random,3,ADJ,du,0.6,1.0,0.75,3,"[""du"", ""pl"", ""sg""]","[[3, 0, 0], [0, 4, 0], [2, 9, 176]]"
llama-3.2-1b,target_mean_span,number,random,3,ADJ,pl,0.3076923076923077,1.0,0.47058823529411764,4,"[""du"", ""pl"", ""sg""]","[[3, 0, 0], [0, 4, 0], [2, 9, 176]]"
llama-3.2-1b,target_mean_span,number,random,3,ADJ,sg,1.0,0.9411764705882353,0.9696969696969697,187,"[""du"", ""pl"", ""sg""]","[[3, 0, 0], [0, 4, 0], [2, 9, 176]]"
llama-3.2-1b,target_mean_span,number,random,3,NOUN,du,0.6666666666666666,0.6666666666666666,0.6666666666666666,6,"[""du"", ""pl"", ""sg""]","[[4, 1, 1], [0, 111, 12], [2, 16, 414]]"
llama-3.2-1b,target_mean_span,number,random,3,NOUN,pl,0.8671875,0.9024390243902439,0.8844621513944223,123,"[""du"", ""pl"", ""sg""]","[[4, 1, 1], [0, 111, 12], [2, 16, 414]]"
llama-3.2-1b,target_mean_span,number,random,3,NOUN,sg,0.9695550351288056,0.9583333333333334,0.9639115250291036,432,"[""du"", ""pl"", ""sg""]","[[4, 1, 1], [0, 111, 12], [2, 16, 414]]"
llama-3.2-1b,target_mean_span,number,random,3,VERB,du,0.0,0.0,0.0,0,"[""du"", ""pl"", ""sg""]","[[0, 0, 0], [1, 12, 0], [1, 5, 166]]"
llama-3.2-1b,target_mean_span,number,random,3,VERB,pl,0.7058823529411765,0.9230769230769231,0.8,13,"[""du"", ""pl"", ""sg""]","[[0, 0, 0], [1, 12, 0], [1, 5, 166]]"
llama-3.2-1b,target_mean_span,number,random,3,VERB,sg,1.0,0.9651162790697675,0.9822485207100592,172,"[""du"", ""pl"", ""sg""]","[[0, 0, 0], [1, 12, 0], [1, 5, 166]]"
llama-3.2-1b,target_mean_span,number,random,3,all,du,0.5384615384615384,0.7777777777777778,0.6363636363636364,9,"[""du"", ""pl"", ""sg""]","[[7, 1, 1], [1, 127, 12], [5, 30, 756]]"
llama-3.2-1b,target_mean_span,number,random,3,all,pl,0.8037974683544303,0.9071428571428571,0.8523489932885906,140,"[""du"", ""pl"", ""sg""]","[[7, 1, 1], [1, 127, 12], [5, 30, 756]]"
llama-3.2-1b,target_mean_span,number,random,3,all,sg,0.9830949284785435,0.9557522123893806,0.9692307692307692,791,"[""du"", ""pl"", ""sg""]","[[7, 1, 1], [1, 127, 12], [5, 30, 756]]"
llama-3.2-1b,target_mean_span,number,random,4,ADJ,pl,0.375,0.75,0.5,4,"[""pl"", ""sg""]","[[3, 1], [5, 164]]"
llama-3.2-1b,target_mean_span,number,random,4,ADJ,sg,0.9939393939393939,0.9704142011834319,0.9820359281437125,169,"[""pl"", ""sg""]","[[3, 1], [5, 164]]"
llama-3.2-1b,target_mean_span,number,random,4,NOUN,du,0.5833333333333334,1.0,0.7368421052631579,7,"[""du"", ""pl"", ""sg""]","[[7, 0, 0], [2, 116, 9], [3, 15, 465]]"
llama-3.2-1b,target_mean_span,number,random,4,NOUN,pl,0.8854961832061069,0.9133858267716536,0.8992248062015504,127,"[""du"", ""pl"", ""sg""]","[[7, 0, 0], [2, 116, 9], [3, 15, 465]]"
llama-3.2-1b,target_mean_span,number,random,4,NOUN,sg,0.9810126582278481,0.9627329192546584,0.9717868338557993,483,"[""du"", ""pl"", ""sg""]","[[7, 0, 0], [2, 116, 9], [3, 15, 465]]"
llama-3.2-1b,target_mean_span,number,random,4,VERB,du,1.0,0.5,0.6666666666666666,2,"[""du"", ""pl"", ""sg""]","[[1, 1, 0], [0, 6, 3], [0, 3, 135]]"
llama-3.2-1b,target_mean_span,number,random,4,VERB,pl,0.6,0.6666666666666666,0.631578947368421,9,"[""du"", ""pl"", ""sg""]","[[1, 1, 0], [0, 6, 3], [0, 3, 135]]"
llama-3.2-1b,target_mean_span,number,random,4,VERB,sg,0.9782608695652174,0.9782608695652174,0.9782608695652174,138,"[""du"", ""pl"", ""sg""]","[[1, 1, 0], [0, 6, 3], [0, 3, 135]]"
llama-3.2-1b,target_mean_span,number,random,4,all,du,0.6153846153846154,0.8888888888888888,0.7272727272727273,9,"[""du"", ""pl"", ""sg""]","[[8, 1, 0], [2, 125, 13], [3, 23, 764]]"
llama-3.2-1b,target_mean_span,number,random,4,all,pl,0.8389261744966443,0.8928571428571429,0.8650519031141869,140,"[""du"", ""pl"", ""sg""]","[[8, 1, 0], [2, 125, 13], [3, 23, 764]]"
llama-3.2-1b,target_mean_span,number,random,4,all,sg,0.9832689832689833,0.9670886075949368,0.9751116783663051,790,"[""du"", ""pl"", ""sg""]","[[8, 1, 0], [2, 125, 13], [3, 23, 764]]"
llama-3.2-1b,target_mean_span,number,root-heldout,0,ADJ,du,0.25,1.0,0.4,1,"[""du"", ""pl"", ""sg""]","[[1, 0, 0], [1, 1, 1], [2, 70, 205]]"
llama-3.2-1b,target_mean_span,number,root-heldout,0,ADJ,pl,0.014084507042253521,0.3333333333333333,0.02702702702702703,3,"[""du"", ""pl"", ""sg""]","[[1, 0, 0], [1, 1, 1], [2, 70, 205]]"
llama-3.2-1b,target_mean_span,number,root-heldout,0,ADJ,sg,0.9951456310679612,0.740072202166065,0.8488612836438924,277,"[""du"", ""pl"", ""sg""]","[[1, 0, 0], [1, 1, 1], [2, 70, 205]]"
llama-3.2-1b,target_mean_span,number,root-heldout,0,NOUN,du,0.35714285714285715,1.0,0.5263157894736842,5,"[""du"", ""pl"", ""sg""]","[[5, 0, 0], [1, 79, 24], [8, 68, 344]]"
llama-3.2-1b,target_mean_span,number,root-heldout,0,NOUN,pl,0.5374149659863946,0.7596153846153846,0.6294820717131474,104,"[""du"", ""pl"", ""sg""]","[[5, 0, 0], [1, 79, 24], [8, 68, 344]]"
llama-3.2-1b,target_mean_span,number,root-heldout,0,NOUN,sg,0.9347826086956522,0.819047619047619,0.8730964467005076,420,"[""du"", ""pl"", ""sg""]","[[5, 0, 0], [1, 79, 24], [8, 68, 344]]"
llama-3.2-1b,target_mean_span,number,root-heldout,0,VERB,du,0.3333333333333333,1.0,0.5,1,"[""du"", ""pl"", ""sg""]","[[1, 0, 0], [0, 13, 1], [2, 20, 93]]"
llama-3.2-1b,target_mean_span,number,root-heldout,0,VERB,pl,0.3939393939393939,0.9285714285714286,0.5531914893617021,14,"[""du"", ""pl"", ""sg""]","[[1, 0, 0], [0, 13, 1], [2, 20, 93]]"
llama-3.2-1b,target_mean_span,number,root-heldout,0,VERB,sg,0.9893617021276596,0.808695652173913,0.8899521531100478,115,"[""du"", ""pl"", ""sg""]","[[1, 0, 0], [0, 13, 1], [2, 20, 93]]"
llama-3.2-1b,target_mean_span,number,root-heldout,0,all,du,0.3333333333333333,1.0,0.5,7,"[""du"", ""pl"", ""sg""]","[[7, 0, 0], [2, 93, 26], [12, 158, 642]]"
llama-3.2-1b,target_mean_span,number,root-heldout,0,all,pl,0.3705179282868526,0.768595041322314,0.5,121,"[""du"", ""pl"", ""sg""]","[[7, 0, 0], [2, 93, 26], [12, 158, 642]]"
llama-3.2-1b,target_mean_span,number,root-heldout,0,all,sg,0.9610778443113772,0.7906403940886699,0.8675675675675676,812,"[""du"", ""pl"", ""sg""]","[[7, 0, 0], [2, 93, 26], [12, 158, 642]]"
llama-3.2-1b,target_mean_span,number,root-heldout,1,ADJ,du,0.5,1.0,0.6666666666666666,2,"[""du"", ""pl"", ""sg""]","[[2, 0, 0], [0, 1, 0], [2, 34, 160]]"
llama-3.2-1b,target_mean_span,number,root-heldout,1,ADJ,pl,0.02857142857142857,1.0,0.05555555555555555,1,"[""du"", ""pl"", ""sg""]","[[2, 0, 0], [0, 1, 0], [2, 34, 160]]"
llama-3.2-1b,target_mean_span,number,root-heldout,1,ADJ,sg,1.0,0.8163265306122449,0.898876404494382,196,"[""du"", ""pl"", ""sg""]","[[2, 0, 0], [0, 1, 0], [2, 34, 160]]"
llama-3.2-1b,target_mean_span,number,root-heldout,1,NOUN,du,0.0,0.0,0.0,7,"[""du"", ""pl"", ""sg""]","[[0, 7, 0], [3, 52, 31], [13, 115, 379]]"
llama-3.2-1b,target_mean_span,number,root-heldout,1,NOUN,pl,0.2988505747126437,0.6046511627906976,0.4,86,"[""du"", ""pl"", ""sg""]","[[0, 7, 0], [3, 52, 31], [13, 115, 379]]"
llama-3.2-1b,target_mean_span,number,root-heldout,1,NOUN,sg,0.9243902439024391,0.747534516765286,0.826608505997819,507,"[""du"", ""pl"", ""sg""]","[[0, 7, 0], [3, 52, 31], [13, 115, 379]]"
llama-3.2-1b,target_mean_span,number,root-heldout,1,VERB,du,0.0,0.0,0.0,2,"[""du"", ""pl"", ""sg""]","[[0, 0, 2], [0, 5, 3], [3, 39, 89]]"
llama-3.2-1b,target_mean_span,number,root-heldout,1,VERB,pl,0.11363636363636363,0.625,0.19230769230769232,8,"[""du"", ""pl"", ""sg""]","[[0, 0, 2], [0, 5, 3], [3, 39, 89]]"
llama-3.2-1b,target_mean_span,number,root-heldout,1,VERB,sg,0.9468085106382979,0.6793893129770993,0.7911111111111111,131,"[""du"", ""pl"", ""sg""]","[[0, 0, 2], [0, 5, 3], [3, 39, 89]]"
llama-3.2-1b,target_mean_span,number,root-heldout,1,all,du,0.08695652173913043,0.18181818181818182,0.11764705882352941,11,"[""du"", ""pl"", ""sg""]","[[2, 7, 2], [3, 58, 34], [18, 188, 628]]"
llama-3.2-1b,target_mean_span,number,root-heldout,1,all,pl,0.22924901185770752,0.6105263157894737,0.3333333333333333,95,"[""du"", ""pl"", ""sg""]","[[2, 7, 2], [3, 58, 34], [18, 188, 628]]"
llama-3.2-1b,target_mean_span,number,root-heldout,1,all,sg,0.9457831325301205,0.7529976019184652,0.8384512683578104,834,"[""du"", ""pl"", ""sg""]","[[2, 7, 2], [3, 58, 34], [18, 188, 628]]"
llama-3.2-1b,target_mean_span,number,root-heldout,2,ADJ,du,0.0,0.0,0.0,0,"[""du"", ""pl"", ""sg""]","[[0, 0, 0], [0, 6, 0], [1, 17, 155]]"
llama-3.2-1b,target_mean_span,number,root-heldout,2,ADJ,pl,0.2608695652173913,1.0,0.41379310344827586,6,"[""du"", ""pl"", ""sg""]","[[0, 0, 0], [0, 6, 0], [1, 17, 155]]"
llama-3.2-1b,target_mean_span,number,root-heldout,2,ADJ,sg,1.0,0.8959537572254336,0.9451219512195121,173,"[""du"", ""pl"", ""sg""]","[[0, 0, 0], [0, 6, 0], [1, 17, 155]]"
llama-3.2-1b,target_mean_span,number,root-heldout,2,NOUN,du,0.18181818181818182,1.0,0.3076923076923077,2,"[""du"", ""pl"", ""sg""]","[[2, 0, 0], [0, 109, 35], [9, 63, 370]]"
llama-3.2-1b,target_mean_span,number,root-heldout,2,NOUN,pl,0.6337209302325582,0.7569444444444444,0.689873417721519,144,"[""du"", ""pl"", ""sg""]","[[2, 0, 0], [0, 109, 35], [9, 63, 370]]"
llama-3.2-1b,target_mean_span,number,root-heldout,2,NOUN,sg,0.9135802469135802,0.8371040723981901,0.8736717827626919,442,"[""du"", ""pl"", ""sg""]","[[2, 0, 0], [0, 109, 35], [9, 63, 370]]"
llama-3.2-1b,target_mean_span,number,root-heldout,2,VERB,du,0.0,0.0,0.0,2,"[""du"", ""pl"", ""sg""]","[[0, 1, 1], [0, 9, 2], [0, 26, 134]]"
llama-3.2-1b,target_mean_span,number,root-heldout,2,VERB,pl,0.25,0.8181818181818182,0.3829787234042553,11,"[""du"", ""pl"", ""sg""]","[[0, 1, 1], [0, 9, 2], [0, 26, 134]]"
llama-3.2-1b,target_mean_span,number,root-heldout,2,VERB,sg,0.9781021897810219,0.8375,0.9023569023569024,160,"[""du"", ""pl"", ""sg""]","[[0, 1, 1], [0, 9, 2], [0, 26, 134]]"
llama-3.2-1b,target_mean_span,number,root-heldout,2,all,du,0.16666666666666666,0.5,0.25,4,"[""du"", ""pl"", ""sg""]","[[2, 1, 1], [0, 124, 37], [10, 106, 659]]"
llama-3.2-1b,target_mean_span,number,root-heldout,2,all,pl,0.5367965367965368,0.7701863354037267,0.6326530612244898,161,"[""du"", ""pl"", ""sg""]","[[2, 1, 1], [0, 124, 37], [10, 106, 659]]"
llama-3.2-1b,target_mean_span,number,root-heldout,2,all,sg,0.945480631276901,0.8503225806451613,0.8953804347826086,775,"[""du"", ""pl"", ""sg""]","[[2, 1, 1], [0, 124, 37], [10, 106, 659]]"
llama-3.2-1b,target_mean_span,number,root-heldout,3,ADJ,du,0.0,0.0,0.0,2,"[""du"", ""pl"", ""sg""]","[[0, 1, 1], [0, 6, 0], [0, 21, 94]]"
llama-3.2-1b,target_mean_span,number,root-heldout,3,ADJ,pl,0.21428571428571427,1.0,0.35294117647058826,6,"[""du"", ""pl"", ""sg""]","[[0, 1, 1], [0, 6, 0], [0, 21, 94]]"
llama-3.2-1b,target_mean_span,number,root-heldout,3,ADJ,sg,0.9894736842105263,0.8173913043478261,0.8952380952380953,115,"[""du"", ""pl"", ""sg""]","[[0, 1, 1], [0, 6, 0], [0, 21, 94]]"
llama-3.2-1b,target_mean_span,number,root-heldout,3,NOUN,du,0.375,0.5454545454545454,0.4444444444444444,11,"[""du"", ""pl"", ""sg""]","[[6, 0, 5], [0, 99, 38], [10, 89, 390]]"
llama-3.2-1b,target_mean_span,number,root-heldout,3,NOUN,pl,0.526595744680851,0.7226277372262774,0.6092307692307692,137,"[""du"", ""pl"", ""sg""]","[[6, 0, 5], [0, 99, 38], [10, 89, 390]]"
llama-3.2-1b,target_mean_span,number,root-heldout,3,NOUN,sg,0.9006928406466512,0.7975460122699386,0.8459869848156182,489,"[""du"", ""pl"", ""sg""]","[[6, 0, 5], [0, 99, 38], [10, 89, 390]]"
llama-3.2-1b,target_mean_span,number,root-heldout,3,VERB,du,0.0,0.0,0.0,1,"[""du"", ""pl"", ""sg""]","[[0, 1, 0], [0, 6, 2], [0, 23, 148]]"
llama-3.2-1b,target_mean_span,number,root-heldout,3,VERB,pl,0.2,0.75,0.3157894736842105,8,"[""du"", ""pl"", ""sg""]","[[0, 1, 0], [0, 6, 2], [0, 23, 148]]"
llama-3.2-1b,target_mean_span,number,root-heldout,3,VERB,sg,0.9866666666666667,0.8654970760233918,0.9221183800623053,171,"[""du"", ""pl"", ""sg""]","[[0, 1, 0], [0, 6, 2], [0, 23, 148]]"
llama-3.2-1b,target_mean_span,number,root-heldout,3,all,du,0.375,0.42857142857142855,0.4,14,"[""du"", ""pl"", ""sg""]","[[6, 2, 6], [0, 111, 40], [10, 133, 632]]"
llama-3.2-1b,target_mean_span,number,root-heldout,3,all,pl,0.45121951219512196,0.7350993377483444,0.5591939546599496,151,"[""du"", ""pl"", ""sg""]","[[6, 2, 6], [0, 111, 40], [10, 133, 632]]"
llama-3.2-1b,target_mean_span,number,root-heldout,3,all,sg,0.9321533923303835,0.8154838709677419,0.8699242945629732,775,"[""du"", ""pl"", ""sg""]","[[6, 2, 6], [0, 111, 40], [10, 133, 632]]"
llama-3.2-1b,target_mean_span,number,root-heldout,4,ADJ,du,0.0,0.0,0.0,0,"[""du"", ""pl"", ""sg""]","[[0, 0, 0], [0, 2, 0], [4, 12, 109]]"
llama-3.2-1b,target_mean_span,number,root-heldout,4,ADJ,pl,0.14285714285714285,1.0,0.25,2,"[""du"", ""pl"", ""sg""]","[[0, 0, 0], [0, 2, 0], [4, 12, 109]]"
llama-3.2-1b,target_mean_span,number,root-heldout,4,ADJ,sg,1.0,0.872,0.9316239316239316,125,"[""du"", ""pl"", ""sg""]","[[0, 0, 0], [0, 2, 0], [4, 12, 109]]"
llama-3.2-1b,target_mean_span,number,root-heldout,4,NOUN,du,0.38461538461538464,0.625,0.47619047619047616,8,"[""du"", ""pl"", ""sg""]","[[5, 2, 1], [0, 114, 46], [8, 63, 363]]"
llama-3.2-1b,target_mean_span,number,root-heldout,4,NOUN,pl,0.6368715083798883,0.7125,0.672566371681416,160,"[""du"", ""pl"", ""sg""]","[[5, 2, 1], [0, 114, 46], [8, 63, 363]]"
llama-3.2-1b,target_mean_span,number,root-heldout,4,NOUN,sg,0.8853658536585366,0.836405529953917,0.8601895734597157,434,"[""du"", ""pl"", ""sg""]","[[5, 2, 1], [0, 114, 46], [8, 63, 363]]"
llama-3.2-1b,target_mean_span,number,root-heldout,4,VERB,du,0.0,0.0,0.0,1,"[""du"", ""pl"", ""sg""]","[[0, 1, 0], [0, 9, 1], [25, 23, 151]]"
llama-3.2-1b,target_mean_span,number,root-heldout,4,VERB,pl,0.2727272727272727,0.9,0.4186046511627907,10,"[""du"", ""pl"", ""sg""]","[[0, 1, 0], [0, 9, 1], [25, 23, 151]]"
llama-3.2-1b,target_mean_span,number,root-heldout,4,VERB,sg,0.993421052631579,0.7587939698492462,0.8603988603988604,199,"[""du"", ""pl"", ""sg""]","[[0, 1, 0], [0, 9, 1], [25, 23, 151]]"
llama-3.2-1b,target_mean_span,number,root-heldout,4,all,du,0.11904761904761904,0.5555555555555556,0.19607843137254902,9,"[""du"", ""pl"", ""sg""]","[[5, 3, 1], [0, 125, 47], [37, 98, 623]]"
llama-3.2-1b,target_mean_span,number,root-heldout,4,all,pl,0.5530973451327433,0.7267441860465116,0.628140703517588,172,"[""du"", ""pl"", ""sg""]","[[5, 3, 1], [0, 125, 47], [37, 98, 623]]"
llama-3.2-1b,target_mean_span,number,root-heldout,4,all,sg,0.9284649776453056,0.8218997361477572,0.8719384184744576,758,"[""du"", ""pl"", ""sg""]","[[5, 3, 1], [0, 125, 47], [37, 98, 623]]"
llama-3.2-1b,target_mean_span,pos,lemma-heldout,0,ADJ,ADJ,1.0,0.5517241379310345,0.7111111111111111,174,"[""ADJ"", ""NOUN"", ""VERB""]","[[96, 71, 7], [0, 0, 0], [0, 0, 0]]"
llama-3.2-1b,target_mean_span,pos,lemma-heldout,0,ADJ,NOUN,0.0,0.0,0.0,0,"[""ADJ"", ""NOUN"", ""VERB""]","[[96, 71, 7], [0, 0, 0], [0, 0, 0]]"
llama-3.2-1b,target_mean_span,pos,lemma-heldout,0,ADJ,VERB,0.0,0.0,0.0,0,"[""ADJ"", ""NOUN"", ""VERB""]","[[96, 71, 7], [0, 0, 0], [0, 0, 0]]"
llama-3.2-1b,target_mean_span,pos,lemma-heldout,0,NOUN,ADJ,0.0,0.0,0.0,0,"[""ADJ"", ""NOUN"", ""VERB""]","[[0, 0, 0], [133, 456, 59], [0, 0, 0]]"
llama-3.2-1b,target_mean_span,pos,lemma-heldout,0,NOUN,NOUN,1.0,0.7037037037037037,0.8260869565217391,648,"[""ADJ"", ""NOUN"", ""VERB""]","[[0, 0, 0], [133, 456, 59], [0, 0, 0]]"
llama-3.2-1b,target_mean_span,pos,lemma-heldout,0,NOUN,VERB,0.0,0.0,0.0,0,"[""ADJ"", ""NOUN"", ""VERB""]","[[0, 0, 0], [133, 456, 59], [0, 0, 0]]"
llama-3.2-1b,target_mean_span,pos,lemma-heldout,0,VERB,ADJ,0.0,0.0,0.0,0,"[""ADJ"", ""NOUN"", ""VERB""]","[[0, 0, 0], [0, 0, 0], [6, 8, 105]]"
llama-3.2-1b,target_mean_span,pos,lemma-heldout,0,VERB,NOUN,0.0,0.0,0.0,0,"[""ADJ"", ""NOUN"", ""VERB""]","[[0, 0, 0], [0, 0, 0], [6, 8, 105]]"
llama-3.2-1b,target_mean_span,pos,lemma-heldout,0,VERB,VERB,1.0,0.8823529411764706,0.9375,119,"[""ADJ"", ""NOUN"", ""VERB""]","[[0, 0, 0], [0, 0, 0], [6, 8, 105]]"
llama-3.2-1b,target_mean_span,pos,lemma-heldout,0,all,ADJ,0.4085106382978723,0.5517241379310345,0.46943765281173594,174,"[""ADJ"", ""NOUN"", ""VERB""]","[[96, 71, 7], [133, 456, 59], [6, 8, 105]]"
llama-3.2-1b,target_mean_span,pos,lemma-heldout,0,all,NOUN,0.8523364485981308,0.7037037037037037,0.7709213863060017,648,"[""ADJ"", ""NOUN"", ""VERB""]","[[96, 71, 7], [133, 456, 59], [6, 8, 105]]"
llama-3.2-1b,target_mean_span,pos,lemma-heldout,0,all,VERB,0.6140350877192983,0.8823529411764706,0.7241379310344828,119,"[""ADJ"", ""NOUN"", ""VERB""]","[[96, 71, 7], [133, 456, 59], [6, 8, 105]]"
llama-3.2-1b,target_mean_span,pos,lemma-heldout,1,ADJ,ADJ,1.0,0.45410628019323673,0.6245847176079734,207,"[""ADJ"", ""NOUN"", ""VERB""]","[[94, 106, 7], [0, 0, 0], [0, 0, 0]]"
llama-3.2-1b,target_mean_span,pos,lemma-heldout,1,ADJ,NOUN,0.0,0.0,0.0,0,"[""ADJ"", ""NOUN"", ""VERB""]","[[94, 106, 7], [0, 0, 0], [0, 0, 0]]"
llama-3.2-1b,target_mean_span,pos,lemma-heldout,1,ADJ,VERB,0.0,0.0,0.0,0,"[""ADJ"", ""NOUN"", ""VERB""]","[[94, 106, 7], [0, 0, 0], [0, 0, 0]]"
llama-3.2-1b,target_mean_span,pos,lemma-heldout,1,NOUN,ADJ,0.0,0.0,0.0,0,"[""ADJ"", ""NOUN"", ""VERB""]","[[0, 0, 0], [143, 339, 81], [0, 0, 0]]"
llama-3.2-1b,target_mean_span,pos,lemma-heldout,1,NOUN,NOUN,1.0,0.6021314387211367,0.7516629711751663,563,"[""ADJ"", ""NOUN"", ""VERB""]","[[0, 0, 0], [143, 339, 81], [0, 0, 0]]"
llama-3.2-1b,target_mean_span,pos,lemma-heldout,1,NOUN,VERB,0.0,0.0,0.0,0,"[""ADJ"", ""NOUN"", ""VERB""]","[[0, 0, 0], [143, 339, 81], [0, 0, 0]]"
llama-3.2-1b,target_mean_span,pos,lemma-heldout,1,VERB,ADJ,0.0,0.0,0.0,0,"[""ADJ"", ""NOUN"", ""VERB""]","[[0, 0, 0], [0, 0, 0], [46, 28, 96]]"
llama-3.2-1b,target_mean_span,pos,lemma-heldout,1,VERB,NOUN,0.0,0.0,0.0,0,"[""ADJ"", ""NOUN"", ""VERB""]","[[0, 0, 0], [0, 0, 0], [46, 28, 96]]"
llama-3.2-1b,target_mean_span,pos,lemma-heldout,1,VERB,VERB,1.0,0.5647058823529412,0.7218045112781954,170,"[""ADJ"", ""NOUN"", ""VERB""]","[[0, 0, 0], [0, 0, 0], [46, 28, 96]]"
llama-3.2-1b,target_mean_span,pos,lemma-heldout,1,all,ADJ,0.3321554770318021,0.45410628019323673,0.3836734693877551,207,"[""ADJ"", ""NOUN"", ""VERB""]","[[94, 106, 7], [143, 339, 81], [46, 28, 96]]"
llama-3.2-1b,target_mean_span,pos,lemma-heldout,1,all,NOUN,0.7167019027484144,0.6021314387211367,0.6544401544401545,563,"[""ADJ"", ""NOUN"", ""VERB""]","[[94, 106, 7], [143, 339, 81], [46, 28, 96]]"
llama-3.2-1b,target_mean_span,pos,lemma-heldout,1,all,VERB,0.5217391304347826,0.5647058823529412,0.5423728813559322,170,"[""ADJ"", ""NOUN"", ""VERB""]","[[94, 106, 7], [143, 339, 81], [46, 28, 96]]"
llama-3.2-1b,target_mean_span,pos,lemma-heldout,2,ADJ,ADJ,1.0,0.6197183098591549,0.7652173913043478,142,"[""ADJ"", ""NOUN"", ""VERB""]","[[88, 48, 6], [0, 0, 0], [0, 0, 0]]"
llama-3.2-1b,target_mean_span,pos,lemma-heldout,2,ADJ,NOUN,0.0,0.0,0.0,0,"[""ADJ"", ""NOUN"", ""VERB""]","[[88, 48, 6], [0, 0, 0], [0, 0, 0]]"
llama-3.2-1b,target_mean_span,pos,lemma-heldout,2,ADJ,VERB,0.0,0.0,0.0,0,"[""ADJ"", ""NOUN"", ""VERB""]","[[88, 48, 6], [0, 0, 0], [0, 0, 0]]"
llama-3.2-1b,target_mean_span,pos,lemma-heldout,2,NOUN,ADJ,0.0,0.0,0.0,0,"[""ADJ"", ""NOUN"", ""VERB""]","[[0, 0, 0], [81, 467, 52], [0, 0, 0]]"
llama-3.2-1b,target_mean_span,pos,lemma-heldout,2,NOUN,NOUN,1.0,0.7783333333333333,0.8753514526710403,600,"[""ADJ"", ""NOUN"", ""VERB""]","[[0, 0, 0], [81, 467, 52], [0, 0, 0]]"
llama-3.2-1b,target_mean_span,pos,lemma-heldout,2,NOUN,VERB,0.0,0.0,0.0,0,"[""ADJ"", ""NOUN"", ""VERB""]","[[0, 0, 0], [81, 467, 52], [0, 0, 0]]"
llama-3.2-1b,target_mean_span,pos,lemma-heldout,2,VERB,ADJ,0.0,0.0,0.0,0,"[""ADJ"", ""NOUN"", ""VERB""]","[[0, 0, 0], [0, 0, 0], [17, 60, 121]]"
llama-3.2-1b,target_mean_span,pos,lemma-heldout,2,VERB,NOUN,0.0,0.0,0.0,0,"[""ADJ"", ""NOUN"", ""VERB""]","[[0, 0, 0], [0, 0, 0], [17, 60, 121]]"
llama-3.2-1b,target_mean_span,pos,lemma-heldout,2,VERB,VERB,1.0,0.6111111111111112,0.7586206896551724,198,"[""ADJ"", ""NOUN"", ""VERB""]","[[0, 0, 0], [0, 0, 0], [17, 60, 121]]"
llama-3.2-1b,target_mean_span,pos,lemma-heldout,2,all,ADJ,0.4731182795698925,0.6197183098591549,0.5365853658536586,142,"[""ADJ"", ""NOUN"", ""VERB""]","[[88, 48, 6], [81, 467, 52], [17, 60, 121]]"
llama-3.2-1b,target_mean_span,pos,lemma-heldout,2,all,NOUN,0.8121739130434783,0.7783333333333333,0.7948936170212766,600,"[""ADJ"", ""NOUN"", ""VERB""]","[[88, 48, 6], [81, 467, 52], [17, 60, 121]]"
llama-3.2-1b,target_mean_span,pos,lemma-heldout,2,all,VERB,0.6759776536312849,0.6111111111111112,0.6419098143236074,198,"[""ADJ"", ""NOUN"", ""VERB""]","[[88, 48, 6], [81, 467, 52], [17, 60, 121]]"
llama-3.2-1b,target_mean_span,pos,lemma-heldout,3,ADJ,ADJ,1.0,0.5483870967741935,0.7083333333333334,186,"[""ADJ"", ""NOUN"", ""VERB""]","[[102, 76, 8], [0, 0, 0], [0, 0, 0]]"
llama-3.2-1b,target_mean_span,pos,lemma-heldout,3,ADJ,NOUN,0.0,0.0,0.0,0,"[""ADJ"", ""NOUN"", ""VERB""]","[[102, 76, 8], [0, 0, 0], [0, 0, 0]]"
llama-3.2-1b,target_mean_span,pos,lemma-heldout,3,ADJ,VERB,0.0,0.0,0.0,0,"[""ADJ"", ""NOUN"", ""VERB""]","[[102, 76, 8], [0, 0, 0], [0, 0, 0]]"
llama-3.2-1b,target_mean_span,pos,lemma-heldout,3,NOUN,ADJ,0.0,0.0,0.0,0,"[""ADJ"", ""NOUN"", ""VERB""]","[[0, 0, 0], [97, 415, 85], [0, 0, 0]]"
llama-3.2-1b,target_mean_span,pos,lemma-heldout,3,NOUN,NOUN,1.0,0.695142378559464,0.8201581027667985,597,"[""ADJ"", ""NOUN"", ""VERB""]","[[0, 0, 0], [97, 415, 85], [0, 0, 0]]"
llama-3.2-1b,target_mean_span,pos,lemma-heldout,3,NOUN,VERB,0.0,0.0,0.0,0,"[""ADJ"", ""NOUN"", ""VERB""]","[[0, 0, 0], [97, 415, 85], [0, 0, 0]]"
llama-3.2-1b,target_mean_span,pos,lemma-heldout,3,VERB,ADJ,0.0,0.0,0.0,0,"[""ADJ"", ""NOUN"", ""VERB""]","[[0, 0, 0], [0, 0, 0], [9, 58, 90]]"
llama-3.2-1b,target_mean_span,pos,lemma-heldout,3,VERB,NOUN,0.0,0.0,0.0,0,"[""ADJ"", ""NOUN"", ""VERB""]","[[0, 0, 0], [0, 0, 0], [9, 58, 90]]"
llama-3.2-1b,target_mean_span,pos,lemma-heldout,3,VERB,VERB,1.0,0.5732484076433121,0.728744939271255,157,"[""ADJ"", ""NOUN"", ""VERB""]","[[0, 0, 0], [0, 0, 0], [9, 58, 90]]"
llama-3.2-1b,target_mean_span,pos,lemma-heldout,3,all,ADJ,0.49038461538461536,0.5483870967741935,0.5177664974619289,186,"[""ADJ"", ""NOUN"", ""VERB""]","[[102, 76, 8], [97, 415, 85], [9, 58, 90]]"
llama-3.2-1b,target_mean_span,pos,lemma-heldout,3,all,NOUN,0.75591985428051,0.695142378559464,0.7242582897033158,597,"[""ADJ"", ""NOUN"", ""VERB""]","[[102, 76, 8], [97, 415, 85], [9, 58, 90]]"
llama-3.2-1b,target_mean_span,pos,lemma-heldout,3,all,VERB,0.4918032786885246,0.5732484076433121,0.5294117647058824,157,"[""ADJ"", ""NOUN"", ""VERB""]","[[102, 76, 8], [97, 415, 85], [9, 58, 90]]"
llama-3.2-1b,target_mean_span,pos,lemma-heldout,4,ADJ,ADJ,1.0,0.5174129353233831,0.6819672131147541,201,"[""ADJ"", ""NOUN"", ""VERB""]","[[104, 79, 18], [0, 0, 0], [0, 0, 0]]"
llama-3.2-1b,target_mean_span,pos,lemma-heldout,4,ADJ,NOUN,0.0,0.0,0.0,0,"[""ADJ"", ""NOUN"", ""VERB""]","[[104, 79, 18], [0, 0, 0], [0, 0, 0]]"
llama-3.2-1b,target_mean_span,pos,lemma-heldout,4,ADJ,VERB,0.0,0.0,0.0,0,"[""ADJ"", ""NOUN"", ""VERB""]","[[104, 79, 18], [0, 0, 0], [0, 0, 0]]"
llama-3.2-1b,target_mean_span,pos,lemma-heldout,4,NOUN,ADJ,0.0,0.0,0.0,0,"[""ADJ"", ""NOUN"", ""VERB""]","[[0, 0, 0], [123, 348, 78], [0, 0, 0]]"
llama-3.2-1b,target_mean_span,pos,lemma-heldout,4,NOUN,NOUN,1.0,0.6338797814207651,0.7759197324414716,549,"[""ADJ"", ""NOUN"", ""VERB""]","[[0, 0, 0], [123, 348, 78], [0, 0, 0]]"
llama-3.2-1b,target_mean_span,pos,lemma-heldout,4,NOUN,VERB,0.0,0.0,0.0,0,"[""ADJ"", ""NOUN"", ""VERB""]","[[0, 0, 0], [123, 348, 78], [0, 0, 0]]"
llama-3.2-1b,target_mean_span,pos,lemma-heldout,4,VERB,ADJ,0.0,0.0,0.0,0,"[""ADJ"", ""NOUN"", ""VERB""]","[[0, 0, 0], [0, 0, 0], [22, 65, 103]]"
llama-3.2-1b,target_mean_span,pos,lemma-heldout,4,VERB,NOUN,0.0,0.0,0.0,0,"[""ADJ"", ""NOUN"", ""VERB""]","[[0, 0, 0], [0, 0, 0], [22, 65, 103]]"
llama-3.2-1b,target_mean_span,pos,lemma-heldout,4,VERB,VERB,1.0,0.5421052631578948,0.7030716723549488,190,"[""ADJ"", ""NOUN"", ""VERB""]","[[0, 0, 0], [0, 0, 0], [22, 65, 103]]"
llama-3.2-1b,target_mean_span,pos,lemma-heldout,4,all,ADJ,0.41767068273092367,0.5174129353233831,0.4622222222222222,201,"[""ADJ"", ""NOUN"", ""VERB""]","[[104, 79, 18], [123, 348, 78], [22, 65, 103]]"
llama-3.2-1b,target_mean_span,pos,lemma-heldout,4,all,NOUN,0.7073170731707317,0.6338797814207651,0.6685878962536023,549,"[""ADJ"", ""NOUN"", ""VERB""]","[[104, 79, 18], [123, 348, 78], [22, 65, 103]]"
llama-3.2-1b,target_mean_span,pos,lemma-heldout,4,all,VERB,0.5175879396984925,0.5421052631578948,0.5295629820051414,190,"[""ADJ"", ""NOUN"", ""VERB""]","[[104, 79, 18], [123, 348, 78], [22, 65, 103]]"
llama-3.2-1b,target_mean_span,pos,random,0,ADJ,ADJ,1.0,0.8681318681318682,0.9294117647058824,182,"[""ADJ"", ""NOUN"", ""VERB""]","[[158, 20, 4], [0, 0, 0], [0, 0, 0]]"
llama-3.2-1b,target_mean_span,pos,random,0,ADJ,NOUN,0.0,0.0,0.0,0,"[""ADJ"", ""NOUN"", ""VERB""]","[[158, 20, 4], [0, 0, 0], [0, 0, 0]]"
llama-3.2-1b,target_mean_span,pos,random,0,ADJ,VERB,0.0,0.0,0.0,0,"[""ADJ"", ""NOUN"", ""VERB""]","[[158, 20, 4], [0, 0, 0], [0, 0, 0]]"
llama-3.2-1b,target_mean_span,pos,random,0,NOUN,ADJ,0.0,0.0,0.0,0,"[""ADJ"", ""NOUN"", ""VERB""]","[[0, 0, 0], [34, 541, 17], [0, 0, 0]]"
llama-3.2-1b,target_mean_span,pos,random,0,NOUN,NOUN,1.0,0.9138513513513513,0.9549867608120035,592,"[""ADJ"", ""NOUN"", ""VERB""]","[[0, 0, 0], [34, 541, 17], [0, 0, 0]]"
llama-3.2-1b,target_mean_span,pos,random,0,NOUN,VERB,0.0,0.0,0.0,0,"[""ADJ"", ""NOUN"", ""VERB""]","[[0, 0, 0], [34, 541, 17], [0, 0, 0]]"
llama-3.2-1b,target_mean_span,pos,random,0,VERB,ADJ,0.0,0.0,0.0,0,"[""ADJ"", ""NOUN"", ""VERB""]","[[0, 0, 0], [0, 0, 0], [4, 26, 137]]"
llama-3.2-1b,target_mean_span,pos,random,0,VERB,NOUN,0.0,0.0,0.0,0,"[""ADJ"", ""NOUN"", ""VERB""]","[[0, 0, 0], [0, 0, 0], [4, 26, 137]]"
llama-3.2-1b,target_mean_span,pos,random,0,VERB,VERB,1.0,0.8203592814371258,0.9013157894736842,167,"[""ADJ"", ""NOUN"", ""VERB""]","[[0, 0, 0], [0, 0, 0], [4, 26, 137]]"
llama-3.2-1b,target_mean_span,pos,random,0,all,ADJ,0.8061224489795918,0.8681318681318682,0.8359788359788359,182,"[""ADJ"", ""NOUN"", ""VERB""]","[[158, 20, 4], [34, 541, 17], [4, 26, 137]]"
llama-3.2-1b,target_mean_span,pos,random,0,all,NOUN,0.9216354344122658,0.9138513513513513,0.917726887192536,592,"[""ADJ"", ""NOUN"", ""VERB""]","[[158, 20, 4], [34, 541, 17], [4, 26, 137]]"
llama-3.2-1b,target_mean_span,pos,random,0,all,VERB,0.8670886075949367,0.8203592814371258,0.8430769230769231,167,"[""ADJ"", ""NOUN"", ""VERB""]","[[158, 20, 4], [34, 541, 17], [4, 26, 137]]"
llama-3.2-1b,target_mean_span,pos,random,1,ADJ,ADJ,1.0,0.8901098901098901,0.9418604651162791,182,"[""ADJ"", ""NOUN"", ""VERB""]","[[162, 19, 1], [0, 0, 0], [0, 0, 0]]"
llama-3.2-1b,target_mean_span,pos,random,1,ADJ,NOUN,0.0,0.0,0.0,0,"[""ADJ"", ""NOUN"", ""VERB""]","[[162, 19, 1], [0, 0, 0], [0, 0, 0]]"
llama-3.2-1b,target_mean_span,pos,random,1,ADJ,VERB,0.0,0.0,0.0,0,"[""ADJ"", ""NOUN"", ""VERB""]","[[162, 19, 1], [0, 0, 0], [0, 0, 0]]"
llama-3.2-1b,target_mean_span,pos,random,1,NOUN,ADJ,0.0,0.0,0.0,0,"[""ADJ"", ""NOUN"", ""VERB""]","[[0, 0, 0], [33, 536, 23], [0, 0, 0]]"
llama-3.2-1b,target_mean_span,pos,random,1,NOUN,NOUN,1.0,0.9054054054054054,0.950354609929078,592,"[""ADJ"", ""NOUN"", ""VERB""]","[[0, 0, 0], [33, 536, 23], [0, 0, 0]]"
llama-3.2-1b,target_mean_span,pos,random,1,NOUN,VERB,0.0,0.0,0.0,0,"[""ADJ"", ""NOUN"", ""VERB""]","[[0, 0, 0], [33, 536, 23], [0, 0, 0]]"
llama-3.2-1b,target_mean_span,pos,random,1,VERB,ADJ,0.0,0.0,0.0,0,"[""ADJ"", ""NOUN"", ""VERB""]","[[0, 0, 0], [0, 0, 0], [6, 10, 150]]"
llama-3.2-1b,target_mean_span,pos,random,1,VERB,NOUN,0.0,0.0,0.0,0,"[""ADJ"", ""NOUN"", ""VERB""]","[[0, 0, 0], [0, 0, 0], [6, 10, 150]]"
llama-3.2-1b,target_mean_span,pos,random,1,VERB,VERB,1.0,0.9036144578313253,0.9493670886075949,166,"[""ADJ"", ""NOUN"", ""VERB""]","[[0, 0, 0], [0, 0, 0], [6, 10, 150]]"
llama-3.2-1b,target_mean_span,pos,random,1,all,ADJ,0.8059701492537313,0.8901098901098901,0.8459530026109661,182,"[""ADJ"", ""NOUN"", ""VERB""]","[[162, 19, 1], [33, 536, 23], [6, 10, 150]]"
llama-3.2-1b,target_mean_span,pos,random,1,all,NOUN,0.9486725663716814,0.9054054054054054,0.9265341400172861,592,"[""ADJ"", ""NOUN"", ""VERB""]","[[162, 19, 1], [33, 536, 23], [6, 10, 150]]"
llama-3.2-1b,target_mean_span,pos,random,1,all,VERB,0.8620689655172413,0.9036144578313253,0.8823529411764706,166,"[""ADJ"", ""NOUN"", ""VERB""]","[[162, 19, 1], [33, 536, 23], [6, 10, 150]]"
llama-3.2-1b,target_mean_span,pos,random,2,ADJ,ADJ,1.0,0.8681318681318682,0.9294117647058824,182,"[""ADJ"", ""NOUN"", ""VERB""]","[[158, 20, 4], [0, 0, 0], [0, 0, 0]]"
llama-3.2-1b,target_mean_span,pos,random,2,ADJ,NOUN,0.0,0.0,0.0,0,"[""ADJ"", ""NOUN"", ""VERB""]","[[158, 20, 4], [0, 0, 0], [0, 0, 0]]"
llama-3.2-1b,target_mean_span,pos,random,2,ADJ,VERB,0.0,0.0,0.0,0,"[""ADJ"", ""NOUN"", ""VERB""]","[[158, 20, 4], [0, 0, 0], [0, 0, 0]]"
llama-3.2-1b,target_mean_span,pos,random,2,NOUN,ADJ,0.0,0.0,0.0,0,"[""ADJ"", ""NOUN"", ""VERB""]","[[0, 0, 0], [34, 537, 20], [0, 0, 0]]"
llama-3.2-1b,target_mean_span,pos,random,2,NOUN,NOUN,1.0,0.9086294416243654,0.9521276595744681,591,"[""ADJ"", ""NOUN"", ""VERB""]","[[0, 0, 0], [34, 537, 20], [0, 0, 0]]"
llama-3.2-1b,target_mean_span,pos,random,2,NOUN,VERB,0.0,0.0,0.0,0,"[""ADJ"", ""NOUN"", ""VERB""]","[[0, 0, 0], [34, 537, 20], [0, 0, 0]]"
llama-3.2-1b,target_mean_span,pos,random,2,VERB,ADJ,0.0,0.0,0.0,0,"[""ADJ"", ""NOUN"", ""VERB""]","[[0, 0, 0], [0, 0, 0], [7, 17, 143]]"
llama-3.2-1b,target_mean_span,pos,random,2,VERB,NOUN,0.0,0.0,0.0,0,"[""ADJ"", ""NOUN"", ""VERB""]","[[0, 0, 0], [0, 0, 0], [7, 17, 143]]"
llama-3.2-1b,target_mean_span,pos,random,2,VERB,VERB,1.0,0.8562874251497006,0.9225806451612903,167,"[""ADJ"", ""NOUN"", ""VERB""]","[[0, 0, 0], [0, 0, 0], [7, 17, 143]]"
llama-3.2-1b,target_mean_span,pos,random,2,all,ADJ,0.7939698492462312,0.8681318681318682,0.8293963254593176,182,"[""ADJ"", ""NOUN"", ""VERB""]","[[158, 20, 4], [34, 537, 20], [7, 17, 143]]"
llama-3.2-1b,target_mean_span,pos,random,2,all,NOUN,0.9355400696864111,0.9086294416243654,0.9218884120171674,591,"[""ADJ"", ""NOUN"", ""VERB""]","[[158, 20, 4], [34, 537, 20], [7, 17, 143]]"
llama-3.2-1b,target_mean_span,pos,random,2,all,VERB,0.8562874251497006,0.8562874251497006,0.8562874251497006,167,"[""ADJ"", ""NOUN"", ""VERB""]","[[158, 20, 4], [34, 537, 20], [7, 17, 143]]"
llama-3.2-1b,target_mean_span,pos,random,3,ADJ,ADJ,1.0,0.9285714285714286,0.9629629629629629,182,"[""ADJ"", ""NOUN"", ""VERB""]","[[169, 9, 4], [0, 0, 0], [0, 0, 0]]"
llama-3.2-1b,target_mean_span,pos,random,3,ADJ,NOUN,0.0,0.0,0.0,0,"[""ADJ"", ""NOUN"", ""VERB""]","[[169, 9, 4], [0, 0, 0], [0, 0, 0]]"
llama-3.2-1b,target_mean_span,pos,random,3,ADJ,VERB,0.0,0.0,0.0,0,"[""ADJ"", ""NOUN"", ""VERB""]","[[169, 9, 4], [0, 0, 0], [0, 0, 0]]"
llama-3.2-1b,target_mean_span,pos,random,3,NOUN,ADJ,0.0,0.0,0.0,0,"[""ADJ"", ""NOUN"", ""VERB""]","[[0, 0, 0], [36, 540, 15], [0, 0, 0]]"
llama-3.2-1b,target_mean_span,pos,random,3,NOUN,NOUN,1.0,0.9137055837563451,0.9549071618037135,591,"[""ADJ"", ""NOUN"", ""VERB""]","[[0, 0, 0], [36, 540, 15], [0, 0, 0]]"
llama-3.2-1b,target_mean_span,pos,random,3,NOUN,VERB,0.0,0.0,0.0,0,"[""ADJ"", ""NOUN"", ""VERB""]","[[0, 0, 0], [36, 540, 15], [0, 0, 0]]"
llama-3.2-1b,target_mean_span,pos,random,3,VERB,ADJ,0.0,0.0,0.0,0,"[""ADJ"", ""NOUN"", ""VERB""]","[[0, 0, 0], [0, 0, 0], [14, 14, 139]]"
llama-3.2-1b,target_mean_span,pos,random,3,VERB,NOUN,0.0,0.0,0.0,0,"[""ADJ"", ""NOUN"", ""VERB""]","[[0, 0, 0], [0, 0, 0], [14, 14, 139]]"
llama-3.2-1b,target_mean_span,pos,random,3,VERB,VERB,1.0,0.8323353293413174,0.9084967320261438,167,"[""ADJ"", ""NOUN"", ""VERB""]","[[0, 0, 0], [0, 0, 0], [14, 14, 139]]"
llama-3.2-1b,target_mean_span,pos,random,3,all,ADJ,0.771689497716895,0.9285714285714286,0.8428927680798005,182,"[""ADJ"", ""NOUN"", ""VERB""]","[[169, 9, 4], [36, 540, 15], [14, 14, 139]]"
llama-3.2-1b,target_mean_span,pos,random,3,all,NOUN,0.9591474245115453,0.9137055837563451,0.9358752166377816,591,"[""ADJ"", ""NOUN"", ""VERB""]","[[169, 9, 4], [36, 540, 15], [14, 14, 139]]"
llama-3.2-1b,target_mean_span,pos,random,3,all,VERB,0.879746835443038,0.8323353293413174,0.8553846153846154,167,"[""ADJ"", ""NOUN"", ""VERB""]","[[169, 9, 4], [36, 540, 15], [14, 14, 139]]"
llama-3.2-1b,target_mean_span,pos,random,4,ADJ,ADJ,1.0,0.8516483516483516,0.9198813056379822,182,"[""ADJ"", ""NOUN"", ""VERB""]","[[155, 24, 3], [0, 0, 0], [0, 0, 0]]"
llama-3.2-1b,target_mean_span,pos,random,4,ADJ,NOUN,0.0,0.0,0.0,0,"[""ADJ"", ""NOUN"", ""VERB""]","[[155, 24, 3], [0, 0, 0], [0, 0, 0]]"
llama-3.2-1b,target_mean_span,pos,random,4,ADJ,VERB,0.0,0.0,0.0,0,"[""ADJ"", ""NOUN"", ""VERB""]","[[155, 24, 3], [0, 0, 0], [0, 0, 0]]"
llama-3.2-1b,target_mean_span,pos,random,4,NOUN,ADJ,0.0,0.0,0.0,0,"[""ADJ"", ""NOUN"", ""VERB""]","[[0, 0, 0], [33, 541, 17], [0, 0, 0]]"
llama-3.2-1b,target_mean_span,pos,random,4,NOUN,NOUN,1.0,0.9153976311336718,0.9558303886925795,591,"[""ADJ"", ""NOUN"", ""VERB""]","[[0, 0, 0], [33, 541, 17], [0, 0, 0]]"
llama-3.2-1b,target_mean_span,pos,random,4,NOUN,VERB,0.0,0.0,0.0,0,"[""ADJ"", ""NOUN"", ""VERB""]","[[0, 0, 0], [33, 541, 17], [0, 0, 0]]"
llama-3.2-1b,target_mean_span,pos,random,4,VERB,ADJ,0.0,0.0,0.0,0,"[""ADJ"", ""NOUN"", ""VERB""]","[[0, 0, 0], [0, 0, 0], [6, 13, 148]]"
llama-3.2-1b,target_mean_span,pos,random,4,VERB,NOUN,0.0,0.0,0.0,0,"[""ADJ"", ""NOUN"", ""VERB""]","[[0, 0, 0], [0, 0, 0], [6, 13, 148]]"
llama-3.2-1b,target_mean_span,pos,random,4,VERB,VERB,1.0,0.8862275449101796,0.9396825396825397,167,"[""ADJ"", ""NOUN"", ""VERB""]","[[0, 0, 0], [0, 0, 0], [6, 13, 148]]"
llama-3.2-1b,target_mean_span,pos,random,4,all,ADJ,0.7989690721649485,0.8516483516483516,0.824468085106383,182,"[""ADJ"", ""NOUN"", ""VERB""]","[[155, 24, 3], [33, 541, 17], [6, 13, 148]]"
llama-3.2-1b,target_mean_span,pos,random,4,all,NOUN,0.9359861591695502,0.9153976311336718,0.9255774165953806,591,"[""ADJ"", ""NOUN"", ""VERB""]","[[155, 24, 3], [33, 541, 17], [6, 13, 148]]"
llama-3.2-1b,target_mean_span,pos,random,4,all,VERB,0.8809523809523809,0.8862275449101796,0.8835820895522388,167,"[""ADJ"", ""NOUN"", ""VERB""]","[[155, 24, 3], [33, 541, 17], [6, 13, 148]]"
llama-3.2-1b,target_mean_span,pos,root-heldout,0,ADJ,ADJ,1.0,0.4855072463768116,0.6536585365853659,276,"[""ADJ"", ""NOUN"", ""VERB""]","[[134, 119, 23], [0, 0, 0], [0, 0, 0]]"
llama-3.2-1b,target_mean_span,pos,root-heldout,0,ADJ,NOUN,0.0,0.0,0.0,0,"[""ADJ"", ""NOUN"", ""VERB""]","[[134, 119, 23], [0, 0, 0], [0, 0, 0]]"
llama-3.2-1b,target_mean_span,pos,root-heldout,0,ADJ,VERB,0.0,0.0,0.0,0,"[""ADJ"", ""NOUN"", ""VERB""]","[[134, 119, 23], [0, 0, 0], [0, 0, 0]]"
llama-3.2-1b,target_mean_span,pos,root-heldout,0,NOUN,ADJ,0.0,0.0,0.0,0,"[""ADJ"", ""NOUN"", ""VERB""]","[[0, 0, 0], [77, 381, 72], [0, 0, 0]]"
llama-3.2-1b,target_mean_span,pos,root-heldout,0,NOUN,NOUN,1.0,0.7188679245283018,0.8364434687156971,530,"[""ADJ"", ""NOUN"", ""VERB""]","[[0, 0, 0], [77, 381, 72], [0, 0, 0]]"
llama-3.2-1b,target_mean_span,pos,root-heldout,0,NOUN,VERB,0.0,0.0,0.0,0,"[""ADJ"", ""NOUN"", ""VERB""]","[[0, 0, 0], [77, 381, 72], [0, 0, 0]]"
llama-3.2-1b,target_mean_span,pos,root-heldout,0,VERB,ADJ,0.0,0.0,0.0,0,"[""ADJ"", ""NOUN"", ""VERB""]","[[0, 0, 0], [0, 0, 0], [10, 24, 101]]"
llama-3.2-1b,target_mean_span,pos,root-heldout,0,VERB,NOUN,0.0,0.0,0.0,0,"[""ADJ"", ""NOUN"", ""VERB""]","[[0, 0, 0], [0, 0, 0], [10, 24, 101]]"
llama-3.2-1b,target_mean_span,pos,root-heldout,0,VERB,VERB,1.0,0.7481481481481481,0.8559322033898306,135,"[""ADJ"", ""NOUN"", ""VERB""]","[[0, 0, 0], [0, 0, 0], [10, 24, 101]]"
llama-3.2-1b,target_mean_span,pos,root-heldout,0,all,ADJ,0.6063348416289592,0.4855072463768116,0.5392354124748491,276,"[""ADJ"", ""NOUN"", ""VERB""]","[[134, 119, 23], [77, 381, 72], [10, 24, 101]]"
llama-3.2-1b,target_mean_span,pos,root-heldout,0,all,NOUN,0.7270992366412213,0.7188679245283018,0.7229601518026565,530,"[""ADJ"", ""NOUN"", ""VERB""]","[[134, 119, 23], [77, 381, 72], [10, 24, 101]]"
llama-3.2-1b,target_mean_span,pos,root-heldout,0,all,VERB,0.5153061224489796,0.7481481481481481,0.6102719033232629,135,"[""ADJ"", ""NOUN"", ""VERB""]","[[134, 119, 23], [77, 381, 72], [10, 24, 101]]"
llama-3.2-1b,target_mean_span,pos,root-heldout,1,ADJ,ADJ,1.0,0.6217948717948718,0.766798418972332,156,"[""ADJ"", ""NOUN"", ""VERB""]","[[97, 50, 9], [0, 0, 0], [0, 0, 0]]"
llama-3.2-1b,target_mean_span,pos,root-heldout,1,ADJ,NOUN,0.0,0.0,0.0,0,"[""ADJ"", ""NOUN"", ""VERB""]","[[97, 50, 9], [0, 0, 0], [0, 0, 0]]"
llama-3.2-1b,target_mean_span,pos,root-heldout,1,ADJ,VERB,0.0,0.0,0.0,0,"[""ADJ"", ""NOUN"", ""VERB""]","[[97, 50, 9], [0, 0, 0], [0, 0, 0]]"
llama-3.2-1b,target_mean_span,pos,root-heldout,1,NOUN,ADJ,0.0,0.0,0.0,0,"[""ADJ"", ""NOUN"", ""VERB""]","[[0, 0, 0], [125, 432, 61], [0, 0, 0]]"
llama-3.2-1b,target_mean_span,pos,root-heldout,1,NOUN,NOUN,1.0,0.6990291262135923,0.8228571428571428,618,"[""ADJ"", ""NOUN"", ""VERB""]","[[0, 0, 0], [125, 432, 61], [0, 0, 0]]"
llama-3.2-1b,target_mean_span,pos,root-heldout,1,NOUN,VERB,0.0,0.0,0.0,0,"[""ADJ"", ""NOUN"", ""VERB""]","[[0, 0, 0], [125, 432, 61], [0, 0, 0]]"
llama-3.2-1b,target_mean_span,pos,root-heldout,1,VERB,ADJ,0.0,0.0,0.0,0,"[""ADJ"", ""NOUN"", ""VERB""]","[[0, 0, 0], [0, 0, 0], [17, 16, 133]]"
llama-3.2-1b,target_mean_span,pos,root-heldout,1,VERB,NOUN,0.0,0.0,0.0,0,"[""ADJ"", ""NOUN"", ""VERB""]","[[0, 0, 0], [0, 0, 0], [17, 16, 133]]"
llama-3.2-1b,target_mean_span,pos,root-heldout,1,VERB,VERB,1.0,0.8012048192771084,0.8896321070234113,166,"[""ADJ"", ""NOUN"", ""VERB""]","[[0, 0, 0], [0, 0, 0], [17, 16, 133]]"
llama-3.2-1b,target_mean_span,pos,root-heldout,1,all,ADJ,0.40585774058577406,0.6217948717948718,0.4911392405063291,156,"[""ADJ"", ""NOUN"", ""VERB""]","[[97, 50, 9], [125, 432, 61], [17, 16, 133]]"
llama-3.2-1b,target_mean_span,pos,root-heldout,1,all,NOUN,0.8674698795180723,0.6990291262135923,0.7741935483870968,618,"[""ADJ"", ""NOUN"", ""VERB""]","[[97, 50, 9], [125, 432, 61], [17, 16, 133]]"
llama-3.2-1b,target_mean_span,pos,root-heldout,1,all,VERB,0.6551724137931034,0.8012048192771084,0.7208672086720868,166,"[""ADJ"", ""NOUN"", ""VERB""]","[[97, 50, 9], [125, 432, 61], [17, 16, 133]]"
llama-3.2-1b,target_mean_span,pos,root-heldout,2,ADJ,ADJ,1.0,0.6681818181818182,0.8010899182561307,220,"[""ADJ"", ""NOUN"", ""VERB""]","[[147, 57, 16], [0, 0, 0], [0, 0, 0]]"
llama-3.2-1b,target_mean_span,pos,root-heldout,2,ADJ,NOUN,0.0,0.0,0.0,0,"[""ADJ"", ""NOUN"", ""VERB""]","[[147, 57, 16], [0, 0, 0], [0, 0, 0]]"
llama-3.2-1b,target_mean_span,pos,root-heldout,2,ADJ,VERB,0.0,0.0,0.0,0,"[""ADJ"", ""NOUN"", ""VERB""]","[[147, 57, 16], [0, 0, 0], [0, 0, 0]]"
llama-3.2-1b,target_mean_span,pos,root-heldout,2,NOUN,ADJ,0.0,0.0,0.0,0,"[""ADJ"", ""NOUN"", ""VERB""]","[[0, 0, 0], [126, 364, 90], [0, 0, 0]]"
llama-3.2-1b,target_mean_span,pos,root-heldout,2,NOUN,NOUN,1.0,0.6275862068965518,0.7711864406779662,580,"[""ADJ"", ""NOUN"", ""VERB""]","[[0, 0, 0], [126, 364, 90], [0, 0, 0]]"
llama-3.2-1b,target_mean_span,pos,root-heldout,2,NOUN,VERB,0.0,0.0,0.0,0,"[""ADJ"", ""NOUN"", ""VERB""]","[[0, 0, 0], [126, 364, 90], [0, 0, 0]]"
llama-3.2-1b,target_mean_span,pos,root-heldout,2,VERB,ADJ,0.0,0.0,0.0,0,"[""ADJ"", ""NOUN"", ""VERB""]","[[0, 0, 0], [0, 0, 0], [18, 41, 81]]"
llama-3.2-1b,target_mean_span,pos,root-heldout,2,VERB,NOUN,0.0,0.0,0.0,0,"[""ADJ"", ""NOUN"", ""VERB""]","[[0, 0, 0], [0, 0, 0], [18, 41, 81]]"
llama-3.2-1b,target_mean_span,pos,root-heldout,2,VERB,VERB,1.0,0.5785714285714286,0.7330316742081447,140,"[""ADJ"", ""NOUN"", ""VERB""]","[[0, 0, 0], [0, 0, 0], [18, 41, 81]]"
llama-3.2-1b,target_mean_span,pos,root-heldout,2,all,ADJ,0.5051546391752577,0.6681818181818182,0.5753424657534246,220,"[""ADJ"", ""NOUN"", ""VERB""]","[[147, 57, 16], [126, 364, 90], [18, 41, 81]]"
llama-3.2-1b,target_mean_span,pos,root-heldout,2,all,NOUN,0.7878787878787878,0.6275862068965518,0.6986564299424184,580,"[""ADJ"", ""NOUN"", ""VERB""]","[[147, 57, 16], [126, 364, 90], [18, 41, 81]]"
llama-3.2-1b,target_mean_span,pos,root-heldout,2,all,VERB,0.43315508021390375,0.5785714285714286,0.4954128440366973,140,"[""ADJ"", ""NOUN"", ""VERB""]","[[147, 57, 16], [126, 364, 90], [18, 41, 81]]"
llama-3.2-1b,target_mean_span,pos,root-heldout,3,ADJ,ADJ,1.0,0.6048387096774194,0.7537688442211056,124,"[""ADJ"", ""NOUN"", ""VERB""]","[[75, 36, 13], [0, 0, 0], [0, 0, 0]]"
llama-3.2-1b,target_mean_span,pos,root-heldout,3,ADJ,NOUN,0.0,0.0,0.0,0,"[""ADJ"", ""NOUN"", ""VERB""]","[[75, 36, 13], [0, 0, 0], [0, 0, 0]]"
llama-3.2-1b,target_mean_span,pos,root-heldout,3,ADJ,VERB,0.0,0.0,0.0,0,"[""ADJ"", ""NOUN"", ""VERB""]","[[75, 36, 13], [0, 0, 0], [0, 0, 0]]"
llama-3.2-1b,target_mean_span,pos,root-heldout,3,NOUN,ADJ,0.0,0.0,0.0,0,"[""ADJ"", ""NOUN"", ""VERB""]","[[0, 0, 0], [152, 414, 65], [0, 0, 0]]"
llama-3.2-1b,target_mean_span,pos,root-heldout,3,NOUN,NOUN,1.0,0.6561014263074485,0.7923444976076555,631,"[""ADJ"", ""NOUN"", ""VERB""]","[[0, 0, 0], [152, 414, 65], [0, 0, 0]]"
llama-3.2-1b,target_mean_span,pos,root-heldout,3,NOUN,VERB,0.0,0.0,0.0,0,"[""ADJ"", ""NOUN"", ""VERB""]","[[0, 0, 0], [152, 414, 65], [0, 0, 0]]"
llama-3.2-1b,target_mean_span,pos,root-heldout,3,VERB,ADJ,0.0,0.0,0.0,0,"[""ADJ"", ""NOUN"", ""VERB""]","[[0, 0, 0], [0, 0, 0], [45, 35, 105]]"
llama-3.2-1b,target_mean_span,pos,root-heldout,3,VERB,NOUN,0.0,0.0,0.0,0,"[""ADJ"", ""NOUN"", ""VERB""]","[[0, 0, 0], [0, 0, 0], [45, 35, 105]]"
llama-3.2-1b,target_mean_span,pos,root-heldout,3,VERB,VERB,1.0,0.5675675675675675,0.7241379310344828,185,"[""ADJ"", ""NOUN"", ""VERB""]","[[0, 0, 0], [0, 0, 0], [45, 35, 105]]"
llama-3.2-1b,target_mean_span,pos,root-heldout,3,all,ADJ,0.2757352941176471,0.6048387096774194,0.3787878787878788,124,"[""ADJ"", ""NOUN"", ""VERB""]","[[75, 36, 13], [152, 414, 65], [45, 35, 105]]"
llama-3.2-1b,target_mean_span,pos,root-heldout,3,all,NOUN,0.8536082474226804,0.6561014263074485,0.7419354838709677,631,"[""ADJ"", ""NOUN"", ""VERB""]","[[75, 36, 13], [152, 414, 65], [45, 35, 105]]"
llama-3.2-1b,target_mean_span,pos,root-heldout,3,all,VERB,0.5737704918032787,0.5675675675675675,0.5706521739130435,185,"[""ADJ"", ""NOUN"", ""VERB""]","[[75, 36, 13], [152, 414, 65], [45, 35, 105]]"
llama-3.2-1b,target_mean_span,pos,root-heldout,4,ADJ,ADJ,1.0,0.417910447761194,0.5894736842105263,134,"[""ADJ"", ""NOUN"", ""VERB""]","[[56, 51, 27], [0, 0, 0], [0, 0, 0]]"
llama-3.2-1b,target_mean_span,pos,root-heldout,4,ADJ,NOUN,0.0,0.0,0.0,0,"[""ADJ"", ""NOUN"", ""VERB""]","[[56, 51, 27], [0, 0, 0], [0, 0, 0]]"
llama-3.2-1b,target_mean_span,pos,root-heldout,4,ADJ,VERB,0.0,0.0,0.0,0,"[""ADJ"", ""NOUN"", ""VERB""]","[[56, 51, 27], [0, 0, 0], [0, 0, 0]]"
llama-3.2-1b,target_mean_span,pos,root-heldout,4,NOUN,ADJ,0.0,0.0,0.0,0,"[""ADJ"", ""NOUN"", ""VERB""]","[[0, 0, 0], [122, 391, 85], [0, 0, 0]]"
llama-3.2-1b,target_mean_span,pos,root-heldout,4,NOUN,NOUN,1.0,0.6538461538461539,0.7906976744186046,598,"[""ADJ"", ""NOUN"", ""VERB""]","[[0, 0, 0], [122, 391, 85], [0, 0, 0]]"
llama-3.2-1b,target_mean_span,pos,root-heldout,4,NOUN,VERB,0.0,0.0,0.0,0,"[""ADJ"", ""NOUN"", ""VERB""]","[[0, 0, 0], [122, 391, 85], [0, 0, 0]]"
llama-3.2-1b,target_mean_span,pos,root-heldout,4,VERB,ADJ,0.0,0.0,0.0,0,"[""ADJ"", ""NOUN"", ""VERB""]","[[0, 0, 0], [0, 0, 0], [44, 36, 128]]"
llama-3.2-1b,target_mean_span,pos,root-heldout,4,VERB,NOUN,0.0,0.0,0.0,0,"[""ADJ"", ""NOUN"", ""VERB""]","[[0, 0, 0], [0, 0, 0], [44, 36, 128]]"
llama-3.2-1b,target_mean_span,pos,root-heldout,4,VERB,VERB,1.0,0.6153846153846154,0.7619047619047619,208,"[""ADJ"", ""NOUN"", ""VERB""]","[[0, 0, 0], [0, 0, 0], [44, 36, 128]]"
llama-3.2-1b,target_mean_span,pos,root-heldout,4,all,ADJ,0.25225225225225223,0.417910447761194,0.3146067415730337,134,"[""ADJ"", ""NOUN"", ""VERB""]","[[56, 51, 27], [122, 391, 85], [44, 36, 128]]"
llama-3.2-1b,target_mean_span,pos,root-heldout,4,all,NOUN,0.8179916317991632,0.6538461538461539,0.7267657992565055,598,"[""ADJ"", ""NOUN"", ""VERB""]","[[56, 51, 27], [122, 391, 85], [44, 36, 128]]"
llama-3.2-1b,target_mean_span,pos,root-heldout,4,all,VERB,0.5333333333333333,0.6153846153846154,0.5714285714285714,208,"[""ADJ"", ""NOUN"", ""VERB""]","[[56, 51, 27], [122, 391, 85], [44, 36, 128]]"
qwen3-0.6b,full_prompt_final,gender,lemma-heldout,0,ADJ,fem,0.9666666666666667,0.9666666666666667,0.9666666666666667,60,"[""fem"", ""masc""]","[[58, 2], [2, 89]]"
qwen3-0.6b,full_prompt_final,gender,lemma-heldout,0,ADJ,masc,0.978021978021978,0.978021978021978,0.978021978021978,91,"[""fem"", ""masc""]","[[58, 2], [2, 89]]"
qwen3-0.6b,full_prompt_final,gender,lemma-heldout,0,NOUN,fem,0.8781725888324873,0.8398058252427184,0.858560794044665,206,"[""fem"", ""masc""]","[[173, 33], [24, 407]]"
qwen3-0.6b,full_prompt_final,gender,lemma-heldout,0,NOUN,masc,0.925,0.9443155452436195,0.9345579793340988,431,"[""fem"", ""masc""]","[[173, 33], [24, 407]]"
qwen3-0.6b,full_prompt_final,gender,lemma-heldout,0,VERB,fem,0.9821428571428571,0.9322033898305084,0.9565217391304348,59,"[""fem"", ""masc""]","[[55, 4], [1, 92]]"
qwen3-0.6b,full_prompt_final,gender,lemma-heldout,0,VERB,masc,0.9583333333333334,0.989247311827957,0.9735449735449735,93,"[""fem"", ""masc""]","[[55, 4], [1, 92]]"
qwen3-0.6b,full_prompt_final,gender,lemma-heldout,0,all,fem,0.9137380191693291,0.88,0.896551724137931,325,"[""fem"", ""masc""]","[[286, 39], [27, 588]]"
qwen3-0.6b,full_prompt_final,gender,lemma-heldout,0,all,masc,0.937799043062201,0.9560975609756097,0.9468599033816425,615,"[""fem"", ""masc""]","[[286, 39], [27, 588]]"
qwen3-0.6b,full_prompt_final,gender,lemma-heldout,1,ADJ,fem,0.9848484848484849,0.9558823529411765,0.9701492537313433,68,"[""fem"", ""masc""]","[[65, 3], [1, 115]]"
qwen3-0.6b,full_prompt_final,gender,lemma-heldout,1,ADJ,masc,0.9745762711864406,0.9913793103448276,0.9829059829059829,116,"[""fem"", ""masc""]","[[65, 3], [1, 115]]"
qwen3-0.6b,full_prompt_final,gender,lemma-heldout,1,NOUN,fem,0.7883597883597884,0.8975903614457831,0.8394366197183099,166,"[""fem"", ""masc""]","[[149, 17], [40, 376]]"
qwen3-0.6b,full_prompt_final,gender,lemma-heldout,1,NOUN,masc,0.9567430025445293,0.9038461538461539,0.9295426452410384,416,"[""fem"", ""masc""]","[[149, 17], [40, 376]]"
qwen3-0.6b,full_prompt_final,gender,lemma-heldout,1,VERB,fem,0.9545454545454546,0.9545454545454546,0.9545454545454546,66,"[""fem"", ""masc""]","[[63, 3], [3, 105]]"
qwen3-0.6b,full_prompt_final,gender,lemma-heldout,1,VERB,masc,0.9722222222222222,0.9722222222222222,0.9722222222222222,108,"[""fem"", ""masc""]","[[63, 3], [3, 105]]"
qwen3-0.6b,full_prompt_final,gender,lemma-heldout,1,all,fem,0.8629283489096573,0.9233333333333333,0.8921095008051529,300,"[""fem"", ""masc""]","[[277, 23], [44, 596]]"
qwen3-0.6b,full_prompt_final,gender,lemma-heldout,1,all,masc,0.962843295638126,0.93125,0.9467831612390787,640,"[""fem"", ""masc""]","[[277, 23], [44, 596]]"
qwen3-0.6b,full_prompt_final,gender,lemma-heldout,2,ADJ,fem,1.0,0.9090909090909091,0.9523809523809523,88,"[""fem"", ""masc""]","[[80, 8], [0, 67]]"
qwen3-0.6b,full_prompt_final,gender,lemma-heldout,2,ADJ,masc,0.8933333333333333,1.0,0.9436619718309859,67,"[""fem"", ""masc""]","[[80, 8], [0, 67]]"
qwen3-0.6b,full_prompt_final,gender,lemma-heldout,2,NOUN,fem,0.88268156424581,0.8977272727272727,0.8901408450704226,176,"[""fem"", ""masc""]","[[158, 18], [21, 391]]"
qwen3-0.6b,full_prompt_final,gender,lemma-heldout,2,NOUN,masc,0.9559902200488998,0.9490291262135923,0.9524969549330086,412,"[""fem"", ""masc""]","[[158, 18], [21, 391]]"
qwen3-0.6b,full_prompt_final,gender,lemma-heldout,2,VERB,fem,0.9473684210526315,1.0,0.972972972972973,72,"[""fem"", ""masc""]","[[72, 0], [4, 121]]"
qwen3-0.6b,full_prompt_final,gender,lemma-heldout,2,VERB,masc,1.0,0.968,0.983739837398374,125,"[""fem"", ""masc""]","[[72, 0], [4, 121]]"
qwen3-0.6b,full_prompt_final,gender,lemma-heldout,2,all,fem,0.9253731343283582,0.9226190476190477,0.9239940387481371,336,"[""fem"", ""masc""]","[[310, 26], [25, 579]]"
qwen3-0.6b,full_prompt_final,gender,lemma-heldout,2,all,masc,0.9570247933884297,0.9586092715231788,0.9578163771712159,604,"[""fem"", ""masc""]","[[310, 26], [25, 579]]"
qwen3-0.6b,full_prompt_final,gender,lemma-heldout,3,ADJ,fem,0.9787234042553191,0.9787234042553191,0.9787234042553191,94,"[""fem"", ""masc""]","[[92, 2], [2, 75]]"
qwen3-0.6b,full_prompt_final,gender,lemma-heldout,3,ADJ,masc,0.974025974025974,0.974025974025974,0.974025974025974,77,"[""fem"", ""masc""]","[[92, 2], [2, 75]]"
qwen3-0.6b,full_prompt_final,gender,lemma-heldout,3,NOUN,fem,0.9183673469387755,0.9,0.9090909090909091,200,"[""fem"", ""masc""]","[[180, 20], [16, 395]]"
qwen3-0.6b,full_prompt_final,gender,lemma-heldout,3,NOUN,masc,0.9518072289156626,0.9610705596107056,0.9564164648910412,411,"[""fem"", ""masc""]","[[180, 20], [16, 395]]"
qwen3-0.6b,full_prompt_final,gender,lemma-heldout,3,VERB,fem,0.9661016949152542,0.8769230769230769,0.9193548387096774,65,"[""fem"", ""masc""]","[[57, 8], [2, 91]]"
qwen3-0.6b,full_prompt_final,gender,lemma-heldout,3,VERB,masc,0.9191919191919192,0.978494623655914,0.9479166666666666,93,"[""fem"", ""masc""]","[[57, 8], [2, 91]]"
qwen3-0.6b,full_prompt_final,gender,lemma-heldout,3,all,fem,0.9426934097421203,0.9164345403899722,0.9293785310734464,359,"[""fem"", ""masc""]","[[329, 30], [20, 561]]"
qwen3-0.6b,full_prompt_final,gender,lemma-heldout,3,all,masc,0.949238578680203,0.9655765920826161,0.9573378839590444,581,"[""fem"", ""masc""]","[[329, 30], [20, 561]]"
qwen3-0.6b,full_prompt_final,gender,lemma-heldout,4,ADJ,fem,0.9585798816568047,0.9759036144578314,0.9671641791044776,166,"[""fem"", ""masc""]","[[162, 4], [7, 75]]"
qwen3-0.6b,full_prompt_final,gender,lemma-heldout,4,ADJ,masc,0.9493670886075949,0.9146341463414634,0.9316770186335404,82,"[""fem"", ""masc""]","[[162, 4], [7, 75]]"
qwen3-0.6b,full_prompt_final,gender,lemma-heldout,4,NOUN,fem,0.8716814159292036,0.9162790697674419,0.8934240362811792,215,"[""fem"", ""masc""]","[[197, 18], [29, 294]]"
qwen3-0.6b,full_prompt_final,gender,lemma-heldout,4,NOUN,masc,0.9423076923076923,0.9102167182662538,0.925984251968504,323,"[""fem"", ""masc""]","[[197, 18], [29, 294]]"
qwen3-0.6b,full_prompt_final,gender,lemma-heldout,4,VERB,fem,0.9230769230769231,0.8571428571428571,0.8888888888888888,56,"[""fem"", ""masc""]","[[48, 8], [4, 93]]"
qwen3-0.6b,full_prompt_final,gender,lemma-heldout,4,VERB,masc,0.9207920792079208,0.9587628865979382,0.9393939393939394,97,"[""fem"", ""masc""]","[[48, 8], [4, 93]]"
qwen3-0.6b,full_prompt_final,gender,lemma-heldout,4,all,fem,0.9105145413870246,0.931350114416476,0.920814479638009,437,"[""fem"", ""masc""]","[[407, 30], [40, 462]]"
qwen3-0.6b,full_prompt_final,gender,lemma-heldout,4,all,masc,0.9390243902439024,0.9203187250996016,0.9295774647887324,502,"[""fem"", ""masc""]","[[407, 30], [40, 462]]"
qwen3-0.6b,full_prompt_final,gender,random,0,ADJ,fem,1.0,0.9705882352941176,0.9850746268656716,102,"[""fem"", ""masc""]","[[99, 3], [0, 93]]"
qwen3-0.6b,full_prompt_final,gender,random,0,ADJ,masc,0.96875,1.0,0.9841269841269841,93,"[""fem"", ""masc""]","[[99, 3], [0, 93]]"
qwen3-0.6b,full_prompt_final,gender,random,0,NOUN,fem,0.9533678756476683,0.9735449735449735,0.9633507853403142,189,"[""fem"", ""masc""]","[[184, 5], [9, 381]]"
qwen3-0.6b,full_prompt_final,gender,random,0,NOUN,masc,0.9870466321243523,0.9769230769230769,0.9819587628865979,390,"[""fem"", ""masc""]","[[184, 5], [9, 381]]"
qwen3-0.6b,full_prompt_final,gender,random,0,VERB,fem,0.9672131147540983,0.9672131147540983,0.9672131147540983,61,"[""fem"", ""masc""]","[[59, 2], [2, 103]]"
qwen3-0.6b,full_prompt_final,gender,random,0,VERB,masc,0.9809523809523809,0.9809523809523809,0.9809523809523809,105,"[""fem"", ""masc""]","[[59, 2], [2, 103]]"
qwen3-0.6b,full_prompt_final,gender,random,0,all,fem,0.9688385269121813,0.9715909090909091,0.9702127659574468,352,"[""fem"", ""masc""]","[[342, 10], [11, 577]]"
qwen3-0.6b,full_prompt_final,gender,random,0,all,masc,0.9829642248722317,0.9812925170068028,0.9821276595744681,588,"[""fem"", ""masc""]","[[342, 10], [11, 577]]"
qwen3-0.6b,full_prompt_final,gender,random,1,ADJ,fem,0.9875,1.0,0.9937106918238994,79,"[""fem"", ""masc""]","[[79, 0], [1, 87]]"
qwen3-0.6b,full_prompt_final,gender,random,1,ADJ,masc,1.0,0.9886363636363636,0.9942857142857143,88,"[""fem"", ""masc""]","[[79, 0], [1, 87]]"
qwen3-0.6b,full_prompt_final,gender,random,1,NOUN,fem,0.9893048128342246,0.9635416666666666,0.9762532981530343,192,"[""fem"", ""masc""]","[[185, 7], [2, 406]]"
qwen3-0.6b,full_prompt_final,gender,random,1,NOUN,masc,0.9830508474576272,0.9950980392156863,0.9890377588306942,408,"[""fem"", ""masc""]","[[185, 7], [2, 406]]"
qwen3-0.6b,full_prompt_final,gender,random,1,VERB,fem,0.9493670886075949,0.9259259259259259,0.9375,81,"[""fem"", ""masc""]","[[75, 6], [4, 88]]"
qwen3-0.6b,full_prompt_final,gender,random,1,VERB,masc,0.9361702127659575,0.9565217391304348,0.946236559139785,92,"[""fem"", ""masc""]","[[75, 6], [4, 88]]"
qwen3-0.6b,full_prompt_final,gender,random,1,all,fem,0.9797687861271677,0.9630681818181818,0.9713467048710601,352,"[""fem"", ""masc""]","[[339, 13], [7, 581]]"
qwen3-0.6b,full_prompt_final,gender,random,1,all,masc,0.9781144781144782,0.9880952380952381,0.9830795262267343,588,"[""fem"", ""masc""]","[[339, 13], [7, 581]]"
qwen3-0.6b,full_prompt_final,gender,random,2,ADJ,fem,1.0,0.9805825242718447,0.9901960784313726,103,"[""fem"", ""masc""]","[[101, 2], [0, 94]]"
qwen3-0.6b,full_prompt_final,gender,random,2,ADJ,masc,0.9791666666666666,1.0,0.9894736842105263,94,"[""fem"", ""masc""]","[[101, 2], [0, 94]]"
qwen3-0.6b,full_prompt_final,gender,random,2,NOUN,fem,0.96,0.9696969696969697,0.964824120603015,198,"[""fem"", ""masc""]","[[192, 6], [8, 381]]"
qwen3-0.6b,full_prompt_final,gender,random,2,NOUN,masc,0.9844961240310077,0.9794344473007712,0.9819587628865979,389,"[""fem"", ""masc""]","[[192, 6], [8, 381]]"
qwen3-0.6b,full_prompt_final,gender,random,2,VERB,fem,0.9795918367346939,0.96,0.9696969696969697,50,"[""fem"", ""masc""]","[[48, 2], [1, 105]]"
qwen3-0.6b,full_prompt_final,gender,random,2,VERB,masc,0.9813084112149533,0.9905660377358491,0.9859154929577465,106,"[""fem"", ""masc""]","[[48, 2], [1, 105]]"
qwen3-0.6b,full_prompt_final,gender,random,2,all,fem,0.9742857142857143,0.9715099715099715,0.9728958630527818,351,"[""fem"", ""masc""]","[[341, 10], [9, 580]]"
qwen3-0.6b,full_prompt_final,gender,random,2,all,masc,0.9830508474576272,0.9847198641765704,0.9838846480067854,589,"[""fem"", ""masc""]","[[341, 10], [9, 580]]"
qwen3-0.6b,full_prompt_final,gender,random,3,ADJ,fem,1.0,0.9468085106382979,0.9726775956284153,94,"[""fem"", ""masc""]","[[89, 5], [0, 73]]"
qwen3-0.6b,full_prompt_final,gender,random,3,ADJ,masc,0.9358974358974359,1.0,0.9668874172185431,73,"[""fem"", ""masc""]","[[89, 5], [0, 73]]"
qwen3-0.6b,full_prompt_final,gender,random,3,NOUN,fem,0.9738219895287958,0.9738219895287958,0.9738219895287958,191,"[""fem"", ""masc""]","[[186, 5], [5, 407]]"
qwen3-0.6b,full_prompt_final,gender,random,3,NOUN,masc,0.9878640776699029,0.9878640776699029,0.9878640776699029,412,"[""fem"", ""masc""]","[[186, 5], [5, 407]]"
qwen3-0.6b,full_prompt_final,gender,random,3,VERB,fem,0.9558823529411765,0.9848484848484849,0.9701492537313433,66,"[""fem"", ""masc""]","[[65, 1], [3, 101]]"
qwen3-0.6b,full_prompt_final,gender,random,3,VERB,masc,0.9901960784313726,0.9711538461538461,0.9805825242718447,104,"[""fem"", ""masc""]","[[65, 1], [3, 101]]"
qwen3-0.6b,full_prompt_final,gender,random,3,all,fem,0.9770114942528736,0.9686609686609686,0.9728183118741058,351,"[""fem"", ""masc""]","[[340, 11], [8, 581]]"
qwen3-0.6b,full_prompt_final,gender,random,3,all,masc,0.981418918918919,0.9864176570458404,0.9839119390347163,589,"[""fem"", ""masc""]","[[340, 11], [8, 581]]"
qwen3-0.6b,full_prompt_final,gender,random,4,ADJ,fem,0.9797979797979798,0.9897959183673469,0.9847715736040609,98,"[""fem"", ""masc""]","[[97, 1], [2, 83]]"
qwen3-0.6b,full_prompt_final,gender,random,4,ADJ,masc,0.9880952380952381,0.9764705882352941,0.9822485207100592,85,"[""fem"", ""masc""]","[[97, 1], [2, 83]]"
qwen3-0.6b,full_prompt_final,gender,random,4,NOUN,fem,0.9343434343434344,0.9585492227979274,0.9462915601023018,193,"[""fem"", ""masc""]","[[185, 8], [13, 381]]"
qwen3-0.6b,full_prompt_final,gender,random,4,NOUN,masc,0.9794344473007712,0.9670050761421319,0.9731800766283525,394,"[""fem"", ""masc""]","[[185, 8], [13, 381]]"
qwen3-0.6b,full_prompt_final,gender,random,4,VERB,fem,0.9482758620689655,0.9166666666666666,0.9322033898305084,60,"[""fem"", ""masc""]","[[55, 5], [3, 106]]"
qwen3-0.6b,full_prompt_final,gender,random,4,VERB,masc,0.954954954954955,0.9724770642201835,0.9636363636363636,109,"[""fem"", ""masc""]","[[55, 5], [3, 106]]"
qwen3-0.6b,full_prompt_final,gender,random,4,all,fem,0.9492957746478873,0.9601139601139601,0.9546742209631728,351,"[""fem"", ""masc""]","[[337, 14], [18, 570]]"
qwen3-0.6b,full_prompt_final,gender,random,4,all,masc,0.976027397260274,0.9693877551020408,0.9726962457337884,588,"[""fem"", ""masc""]","[[337, 14], [18, 570]]"
qwen3-0.6b,full_prompt_final,gender,root-heldout,0,ADJ,fem,0.6405529953917051,0.9266666666666666,0.7574931880108992,150,"[""fem"", ""masc""]","[[139, 11], [78, 53]]"
qwen3-0.6b,full_prompt_final,gender,root-heldout,0,ADJ,masc,0.828125,0.40458015267175573,0.5435897435897435,131,"[""fem"", ""masc""]","[[139, 11], [78, 53]]"
qwen3-0.6b,full_prompt_final,gender,root-heldout,0,NOUN,fem,0.7154811715481172,0.9606741573033708,0.8201438848920863,178,"[""fem"", ""masc""]","[[171, 7], [68, 283]]"
qwen3-0.6b,full_prompt_final,gender,root-heldout,0,NOUN,masc,0.9758620689655172,0.8062678062678063,0.8829953198127926,351,"[""fem"", ""masc""]","[[171, 7], [68, 283]]"
qwen3-0.6b,full_prompt_final,gender,root-heldout,0,VERB,fem,0.9148936170212766,0.9347826086956522,0.9247311827956989,46,"[""fem"", ""masc""]","[[43, 3], [4, 80]]"
qwen3-0.6b,full_prompt_final,gender,root-heldout,0,VERB,masc,0.963855421686747,0.9523809523809523,0.9580838323353293,84,"[""fem"", ""masc""]","[[43, 3], [4, 80]]"
qwen3-0.6b,full_prompt_final,gender,root-heldout,0,all,fem,0.7017892644135189,0.9438502673796791,0.8050171037628279,374,"[""fem"", ""masc""]","[[353, 21], [150, 416]]"
qwen3-0.6b,full_prompt_final,gender,root-heldout,0,all,masc,0.9519450800915332,0.734982332155477,0.8295114656031904,566,"[""fem"", ""masc""]","[[353, 21], [150, 416]]"
qwen3-0.6b,full_prompt_final,gender,root-heldout,1,ADJ,fem,0.9813084112149533,0.9813084112149533,0.9813084112149533,107,"[""fem"", ""masc""]","[[105, 2], [2, 90]]"
qwen3-0.6b,full_prompt_final,gender,root-heldout,1,ADJ,masc,0.9782608695652174,0.9782608695652174,0.9782608695652174,92,"[""fem"", ""masc""]","[[105, 2], [2, 90]]"
qwen3-0.6b,full_prompt_final,gender,root-heldout,1,NOUN,fem,0.9,0.9,0.9,170,"[""fem"", ""masc""]","[[153, 17], [17, 413]]"
qwen3-0.6b,full_prompt_final,gender,root-heldout,1,NOUN,masc,0.9604651162790697,0.9604651162790697,0.9604651162790697,430,"[""fem"", ""masc""]","[[153, 17], [17, 413]]"
qwen3-0.6b,full_prompt_final,gender,root-heldout,1,VERB,fem,0.9298245614035088,0.9636363636363636,0.9464285714285714,55,"[""fem"", ""masc""]","[[53, 2], [4, 82]]"
qwen3-0.6b,full_prompt_final,gender,root-heldout,1,VERB,masc,0.9761904761904762,0.9534883720930233,0.9647058823529412,86,"[""fem"", ""masc""]","[[53, 2], [4, 82]]"
qwen3-0.6b,full_prompt_final,gender,root-heldout,1,all,fem,0.9311377245508982,0.9367469879518072,0.933933933933934,332,"[""fem"", ""masc""]","[[311, 21], [23, 585]]"
qwen3-0.6b,full_prompt_final,gender,root-heldout,1,all,masc,0.9653465346534653,0.962171052631579,0.9637561779242174,608,"[""fem"", ""masc""]","[[311, 21], [23, 585]]"
qwen3-0.6b,full_prompt_final,gender,root-heldout,2,ADJ,fem,1.0,0.99,0.9949748743718593,100,"[""fem"", ""masc""]","[[99, 1], [0, 79]]"
qwen3-0.6b,full_prompt_final,gender,root-heldout,2,ADJ,masc,0.9875,1.0,0.9937106918238994,79,"[""fem"", ""masc""]","[[99, 1], [0, 79]]"
qwen3-0.6b,full_prompt_final,gender,root-heldout,2,NOUN,fem,0.9301310043668122,0.8223938223938224,0.8729508196721312,259,"[""fem"", ""masc""]","[[213, 46], [16, 313]]"
qwen3-0.6b,full_prompt_final,gender,root-heldout,2,NOUN,masc,0.871866295264624,0.9513677811550152,0.9098837209302325,329,"[""fem"", ""masc""]","[[213, 46], [16, 313]]"
qwen3-0.6b,full_prompt_final,gender,root-heldout,2,VERB,fem,0.9672131147540983,0.8805970149253731,0.921875,67,"[""fem"", ""masc""]","[[59, 8], [2, 104]]"
qwen3-0.6b,full_prompt_final,gender,root-heldout,2,VERB,masc,0.9285714285714286,0.9811320754716981,0.9541284403669725,106,"[""fem"", ""masc""]","[[59, 8], [2, 104]]"
qwen3-0.6b,full_prompt_final,gender,root-heldout,2,all,fem,0.9537275064267352,0.8708920187793427,0.9104294478527607,426,"[""fem"", ""masc""]","[[371, 55], [18, 496]]"
qwen3-0.6b,full_prompt_final,gender,root-heldout,2,all,masc,0.9001814882032668,0.9649805447470817,0.9314553990610329,514,"[""fem"", ""masc""]","[[371, 55], [18, 496]]"
qwen3-0.6b,full_prompt_final,gender,root-heldout,3,ADJ,fem,0.7162162162162162,0.9137931034482759,0.803030303030303,58,"[""fem"", ""masc""]","[[53, 5], [21, 44]]"
qwen3-0.6b,full_prompt_final,gender,root-heldout,3,ADJ,masc,0.8979591836734694,0.676923076923077,0.7719298245614035,65,"[""fem"", ""masc""]","[[53, 5], [21, 44]]"
qwen3-0.6b,full_prompt_final,gender,root-heldout,3,NOUN,fem,0.8364779874213837,0.8807947019867549,0.8580645161290322,151,"[""fem"", ""masc""]","[[133, 18], [26, 460]]"
qwen3-0.6b,full_prompt_final,gender,root-heldout,3,NOUN,masc,0.9623430962343096,0.9465020576131687,0.9543568464730291,486,"[""fem"", ""masc""]","[[133, 18], [26, 460]]"
qwen3-0.6b,full_prompt_final,gender,root-heldout,3,VERB,fem,0.796875,0.85,0.8225806451612904,60,"[""fem"", ""masc""]","[[51, 9], [13, 107]]"
qwen3-0.6b,full_prompt_final,gender,root-heldout,3,VERB,masc,0.9224137931034483,0.8916666666666667,0.9067796610169492,120,"[""fem"", ""masc""]","[[51, 9], [13, 107]]"
qwen3-0.6b,full_prompt_final,gender,root-heldout,3,all,fem,0.797979797979798,0.8810408921933085,0.8374558303886925,269,"[""fem"", ""masc""]","[[237, 32], [60, 611]]"
qwen3-0.6b,full_prompt_final,gender,root-heldout,3,all,masc,0.9502332814930016,0.910581222056632,0.9299847792998478,671,"[""fem"", ""masc""]","[[237, 32], [60, 611]]"
qwen3-0.6b,full_prompt_final,gender,root-heldout,4,ADJ,fem,1.0,0.9344262295081968,0.9661016949152542,61,"[""fem"", ""masc""]","[[57, 4], [0, 66]]"
qwen3-0.6b,full_prompt_final,gender,root-heldout,4,ADJ,masc,0.9428571428571428,1.0,0.9705882352941176,66,"[""fem"", ""masc""]","[[57, 4], [0, 66]]"
qwen3-0.6b,full_prompt_final,gender,root-heldout,4,NOUN,fem,0.8636363636363636,0.8341463414634146,0.8486352357320099,205,"[""fem"", ""masc""]","[[171, 34], [27, 370]]"
qwen3-0.6b,full_prompt_final,gender,root-heldout,4,NOUN,masc,0.9158415841584159,0.9319899244332494,0.9238451935081149,397,"[""fem"", ""masc""]","[[171, 34], [27, 370]]"
qwen3-0.6b,full_prompt_final,gender,root-heldout,4,VERB,fem,0.9090909090909091,0.8888888888888888,0.898876404494382,90,"[""fem"", ""masc""]","[[80, 10], [8, 112]]"
qwen3-0.6b,full_prompt_final,gender,root-heldout,4,VERB,masc,0.9180327868852459,0.9333333333333333,0.9256198347107438,120,"[""fem"", ""masc""]","[[80, 10], [8, 112]]"
qwen3-0.6b,full_prompt_final,gender,root-heldout,4,all,fem,0.8979591836734694,0.8651685393258427,0.8812589413447782,356,"[""fem"", ""masc""]","[[308, 48], [35, 548]]"
qwen3-0.6b,full_prompt_final,gender,root-heldout,4,all,masc,0.9194630872483222,0.9399656946826758,0.9296013570822731,583,"[""fem"", ""masc""]","[[308, 48], [35, 548]]"
qwen3-0.6b,full_prompt_final,number,lemma-heldout,0,ADJ,du,1.0,1.0,1.0,1,"[""du"", ""pl"", ""sg""]","[[1, 0, 0], [0, 4, 0], [0, 4, 142]]"
qwen3-0.6b,full_prompt_final,number,lemma-heldout,0,ADJ,pl,0.5,1.0,0.6666666666666666,4,"[""du"", ""pl"", ""sg""]","[[1, 0, 0], [0, 4, 0], [0, 4, 142]]"
qwen3-0.6b,full_prompt_final,number,lemma-heldout,0,ADJ,sg,1.0,0.9726027397260274,0.9861111111111112,146,"[""du"", ""pl"", ""sg""]","[[1, 0, 0], [0, 4, 0], [0, 4, 142]]"
qwen3-0.6b,full_prompt_final,number,lemma-heldout,0,NOUN,du,1.0,0.75,0.8571428571428571,4,"[""du"", ""pl"", ""sg""]","[[3, 1, 0], [0, 133, 23], [0, 9, 468]]"
qwen3-0.6b,full_prompt_final,number,lemma-heldout,0,NOUN,pl,0.9300699300699301,0.8525641025641025,0.8896321070234113,156,"[""du"", ""pl"", ""sg""]","[[3, 1, 0], [0, 133, 23], [0, 9, 468]]"
qwen3-0.6b,full_prompt_final,number,lemma-heldout,0,NOUN,sg,0.9531568228105907,0.9811320754716981,0.9669421487603306,477,"[""du"", ""pl"", ""sg""]","[[3, 1, 0], [0, 133, 23], [0, 9, 468]]"
qwen3-0.6b,full_prompt_final,number,lemma-heldout,0,VERB,du,0.0,0.0,0.0,1,"[""du"", ""pl"", ""sg""]","[[0, 1, 0], [0, 9, 3], [0, 0, 139]]"
qwen3-0.6b,full_prompt_final,number,lemma-heldout,0,VERB,pl,0.9,0.75,0.8181818181818182,12,"[""du"", ""pl"", ""sg""]","[[0, 1, 0], [0, 9, 3], [0, 0, 139]]"
qwen3-0.6b,full_prompt_final,number,lemma-heldout,0,VERB,sg,0.9788732394366197,1.0,0.9893238434163701,139,"[""du"", ""pl"", ""sg""]","[[0, 1, 0], [0, 9, 3], [0, 0, 139]]"
qwen3-0.6b,full_prompt_final,number,lemma-heldout,0,all,du,1.0,0.6666666666666666,0.8,6,"[""du"", ""pl"", ""sg""]","[[4, 2, 0], [0, 146, 26], [0, 13, 749]]"
qwen3-0.6b,full_prompt_final,number,lemma-heldout,0,all,pl,0.906832298136646,0.8488372093023255,0.8768768768768769,172,"[""du"", ""pl"", ""sg""]","[[4, 2, 0], [0, 146, 26], [0, 13, 749]]"
qwen3-0.6b,full_prompt_final,number,lemma-heldout,0,all,sg,0.9664516129032258,0.9829396325459318,0.9746258945998699,762,"[""du"", ""pl"", ""sg""]","[[4, 2, 0], [0, 146, 26], [0, 13, 749]]"
qwen3-0.6b,full_prompt_final,number,lemma-heldout,1,ADJ,pl,0.5555555555555556,1.0,0.7142857142857143,5,"[""pl"", ""sg""]","[[5, 0], [4, 175]]"
qwen3-0.6b,full_prompt_final,number,lemma-heldout,1,ADJ,sg,1.0,0.9776536312849162,0.9887005649717514,179,"[""pl"", ""sg""]","[[5, 0], [4, 175]]"
qwen3-0.6b,full_prompt_final,number,lemma-heldout,1,NOUN,du,1.0,0.2222222222222222,0.36363636363636365,9,"[""du"", ""pl"", ""sg""]","[[2, 2, 5], [0, 81, 36], [0, 16, 440]]"
qwen3-0.6b,full_prompt_final,number,lemma-heldout,1,NOUN,pl,0.8181818181818182,0.6923076923076923,0.75,117,"[""du"", ""pl"", ""sg""]","[[2, 2, 5], [0, 81, 36], [0, 16, 440]]"
qwen3-0.6b,full_prompt_final,number,lemma-heldout,1,NOUN,sg,0.9147609147609148,0.9649122807017544,0.9391675560298826,456,"[""du"", ""pl"", ""sg""]","[[2, 2, 5], [0, 81, 36], [0, 16, 440]]"
qwen3-0.6b,full_prompt_final,number,lemma-heldout,1,VERB,du,0.0,0.0,0.0,1,"[""du"", ""pl"", ""sg""]","[[0, 0, 1], [0, 13, 2], [0, 3, 155]]"
qwen3-0.6b,full_prompt_final,number,lemma-heldout,1,VERB,pl,0.8125,0.8666666666666667,0.8387096774193549,15,"[""du"", ""pl"", ""sg""]","[[0, 0, 1], [0, 13, 2], [0, 3, 155]]"
qwen3-0.6b,full_prompt_final,number,lemma-heldout,1,VERB,sg,0.9810126582278481,0.9810126582278481,0.9810126582278481,158,"[""du"", ""pl"", ""sg""]","[[0, 0, 1], [0, 13, 2], [0, 3, 155]]"
qwen3-0.6b,full_prompt_final,number,lemma-heldout,1,all,du,1.0,0.2,0.3333333333333333,10,"[""du"", ""pl"", ""sg""]","[[2, 2, 6], [0, 99, 38], [0, 23, 770]]"
qwen3-0.6b,full_prompt_final,number,lemma-heldout,1,all,pl,0.7983870967741935,0.7226277372262774,0.7586206896551724,137,"[""du"", ""pl"", ""sg""]","[[2, 2, 6], [0, 99, 38], [0, 23, 770]]"
qwen3-0.6b,full_prompt_final,number,lemma-heldout,1,all,sg,0.9459459459459459,0.9709962168978562,0.9583074051026758,793,"[""du"", ""pl"", ""sg""]","[[2, 2, 6], [0, 99, 38], [0, 23, 770]]"
qwen3-0.6b,full_prompt_final,number,lemma-heldout,2,ADJ,pl,0.8333333333333334,1.0,0.9090909090909091,5,"[""pl"", ""sg""]","[[5, 0], [1, 149]]"
qwen3-0.6b,full_prompt_final,number,lemma-heldout,2,ADJ,sg,1.0,0.9933333333333333,0.9966555183946488,150,"[""pl"", ""sg""]","[[5, 0], [1, 149]]"
qwen3-0.6b,full_prompt_final,number,lemma-heldout,2,NOUN,du,1.0,0.5555555555555556,0.7142857142857143,9,"[""du"", ""pl"", ""sg""]","[[5, 1, 3], [0, 99, 34], [0, 5, 441]]"
qwen3-0.6b,full_prompt_final,number,lemma-heldout,2,NOUN,pl,0.9428571428571428,0.7443609022556391,0.8319327731092437,133,"[""du"", ""pl"", ""sg""]","[[5, 1, 3], [0, 99, 34], [0, 5, 441]]"
qwen3-0.6b,full_prompt_final,number,lemma-heldout,2,NOUN,sg,0.9225941422594143,0.9887892376681614,0.9545454545454546,446,"[""du"", ""pl"", ""sg""]","[[5, 1, 3], [0, 99, 34], [0, 5, 441]]"
qwen3-0.6b,full_prompt_final,number,lemma-heldout,2,VERB,du,0.0,0.0,0.0,2,"[""du"", ""pl"", ""sg""]","[[0, 1, 1], [0, 8, 4], [0, 4, 179]]"
qwen3-0.6b,full_prompt_final,number,lemma-heldout,2,VERB,pl,0.6153846153846154,0.6666666666666666,0.64,12,"[""du"", ""pl"", ""sg""]","[[0, 1, 1], [0, 8, 4], [0, 4, 179]]"
qwen3-0.6b,full_prompt_final,number,lemma-heldout,2,VERB,sg,0.9728260869565217,0.9781420765027322,0.9754768392370572,183,"[""du"", ""pl"", ""sg""]","[[0, 1, 1], [0, 8, 4], [0, 4, 179]]"
qwen3-0.6b,full_prompt_final,number,lemma-heldout,2,all,du,1.0,0.45454545454545453,0.625,11,"[""du"", ""pl"", ""sg""]","[[5, 2, 4], [0, 112, 38], [0, 10, 769]]"
qwen3-0.6b,full_prompt_final,number,lemma-heldout,2,all,pl,0.9032258064516129,0.7466666666666667,0.8175182481751825,150,"[""du"", ""pl"", ""sg""]","[[5, 2, 4], [0, 112, 38], [0, 10, 769]]"
qwen3-0.6b,full_prompt_final,number,lemma-heldout,2,all,sg,0.9482120838471023,0.9871630295250321,0.9672955974842767,779,"[""du"", ""pl"", ""sg""]","[[5, 2, 4], [0, 112, 38], [0, 10, 769]]"
qwen3-0.6b,full_prompt_final,number,lemma-heldout,3,ADJ,du,1.0,1.0,1.0,2,"[""du"", ""pl"", ""sg""]","[[2, 0, 0], [0, 2, 0], [0, 5, 162]]"
qwen3-0.6b,full_prompt_final,number,lemma-heldout,3,ADJ,pl,0.2857142857142857,1.0,0.4444444444444444,2,"[""du"", ""pl"", ""sg""]","[[2, 0, 0], [0, 2, 0], [0, 5, 162]]"
qwen3-0.6b,full_prompt_final,number,lemma-heldout,3,ADJ,sg,1.0,0.9700598802395209,0.9848024316109423,167,"[""du"", ""pl"", ""sg""]","[[2, 0, 0], [0, 2, 0], [0, 5, 162]]"
qwen3-0.6b,full_prompt_final,number,lemma-heldout,3,NOUN,du,1.0,0.7777777777777778,0.875,9,"[""du"", ""pl"", ""sg""]","[[7, 2, 0], [0, 95, 17], [0, 26, 464]]"
qwen3-0.6b,full_prompt_final,number,lemma-heldout,3,NOUN,pl,0.7723577235772358,0.8482142857142857,0.8085106382978723,112,"[""du"", ""pl"", ""sg""]","[[7, 2, 0], [0, 95, 17], [0, 26, 464]]"
qwen3-0.6b,full_prompt_final,number,lemma-heldout,3,NOUN,sg,0.9646569646569647,0.9469387755102041,0.9557157569515963,490,"[""du"", ""pl"", ""sg""]","[[7, 2, 0], [0, 95, 17], [0, 26, 464]]"
qwen3-0.6b,full_prompt_final,number,lemma-heldout,3,VERB,du,1.0,1.0,1.0,1,"[""du"", ""pl"", ""sg""]","[[1, 0, 0], [0, 8, 0], [0, 4, 145]]"
qwen3-0.6b,full_prompt_final,number,lemma-heldout,3,VERB,pl,0.6666666666666666,1.0,0.8,8,"[""du"", ""pl"", ""sg""]","[[1, 0, 0], [0, 8, 0], [0, 4, 145]]"
qwen3-0.6b,full_prompt_final,number,lemma-heldout,3,VERB,sg,1.0,0.9731543624161074,0.9863945578231292,149,"[""du"", ""pl"", ""sg""]","[[1, 0, 0], [0, 8, 0], [0, 4, 145]]"
qwen3-0.6b,full_prompt_final,number,lemma-heldout,3,all,du,1.0,0.8333333333333334,0.9090909090909091,12,"[""du"", ""pl"", ""sg""]","[[10, 2, 0], [0, 105, 17], [0, 35, 771]]"
qwen3-0.6b,full_prompt_final,number,lemma-heldout,3,all,pl,0.7394366197183099,0.860655737704918,0.7954545454545454,122,"[""du"", ""pl"", ""sg""]","[[10, 2, 0], [0, 105, 17], [0, 35, 771]]"
qwen3-0.6b,full_prompt_final,number,lemma-heldout,3,all,sg,0.9784263959390863,0.956575682382134,0.9673776662484316,806,"[""du"", ""pl"", ""sg""]","[[10, 2, 0], [0, 105, 17], [0, 35, 771]]"
qwen3-0.6b,full_prompt_final,number,lemma-heldout,4,ADJ,du,1.0,0.5,0.6666666666666666,2,"[""du"", ""pl"", ""sg""]","[[1, 0, 1], [0, 2, 0], [0, 12, 232]]"
qwen3-0.6b,full_prompt_final,number,lemma-heldout,4,ADJ,pl,0.14285714285714285,1.0,0.25,2,"[""du"", ""pl"", ""sg""]","[[1, 0, 1], [0, 2, 0], [0, 12, 232]]"
qwen3-0.6b,full_prompt_final,number,lemma-heldout,4,ADJ,sg,0.9957081545064378,0.9508196721311475,0.9727463312368972,244,"[""du"", ""pl"", ""sg""]","[[1, 0, 1], [0, 2, 0], [0, 12, 232]]"
qwen3-0.6b,full_prompt_final,number,lemma-heldout,4,NOUN,du,0.0,0.0,0.0,2,"[""du"", ""pl"", ""sg""]","[[0, 0, 2], [0, 95, 18], [0, 15, 408]]"
qwen3-0.6b,full_prompt_final,number,lemma-heldout,4,NOUN,pl,0.8636363636363636,0.8407079646017699,0.852017937219731,113,"[""du"", ""pl"", ""sg""]","[[0, 0, 2], [0, 95, 18], [0, 15, 408]]"
qwen3-0.6b,full_prompt_final,number,lemma-heldout,4,NOUN,sg,0.9532710280373832,0.9645390070921985,0.9588719153936546,423,"[""du"", ""pl"", ""sg""]","[[0, 0, 2], [0, 95, 18], [0, 15, 408]]"
qwen3-0.6b,full_prompt_final,number,lemma-heldout,4,VERB,du,0.0,0.0,0.0,2,"[""du"", ""pl"", ""sg""]","[[0, 2, 0], [0, 4, 0], [0, 5, 142]]"
qwen3-0.6b,full_prompt_final,number,lemma-heldout,4,VERB,pl,0.36363636363636365,1.0,0.5333333333333333,4,"[""du"", ""pl"", ""sg""]","[[0, 2, 0], [0, 4, 0], [0, 5, 142]]"
qwen3-0.6b,full_prompt_final,number,lemma-heldout,4,VERB,sg,1.0,0.9659863945578231,0.9826989619377162,147,"[""du"", ""pl"", ""sg""]","[[0, 2, 0], [0, 4, 0], [0, 5, 142]]"
qwen3-0.6b,full_prompt_final,number,lemma-heldout,4,all,du,1.0,0.16666666666666666,0.2857142857142857,6,"[""du"", ""pl"", ""sg""]","[[1, 2, 3], [0, 101, 18], [0, 32, 782]]"
qwen3-0.6b,full_prompt_final,number,lemma-heldout,4,all,pl,0.7481481481481481,0.8487394957983193,0.7952755905511811,119,"[""du"", ""pl"", ""sg""]","[[1, 2, 3], [0, 101, 18], [0, 32, 782]]"
qwen3-0.6b,full_prompt_final,number,lemma-heldout,4,all,sg,0.9738480697384807,0.9606879606879607,0.9672232529375386,814,"[""du"", ""pl"", ""sg""]","[[1, 2, 3], [0, 101, 18], [0, 32, 782]]"
qwen3-0.6b,full_prompt_final,number,random,0,ADJ,pl,0.25,1.0,0.4,1,"[""pl"", ""sg""]","[[1, 0], [3, 175]]"
qwen3-0.6b,full_prompt_final,number,random,0,ADJ,sg,1.0,0.9831460674157303,0.9915014164305949,178,"[""pl"", ""sg""]","[[1, 0], [3, 175]]"
qwen3-0.6b,full_prompt_final,number,random,0,NOUN,du,1.0,0.5,0.6666666666666666,8,"[""du"", ""pl"", ""sg""]","[[4, 4, 0], [0, 121, 9], [0, 4, 462]]"
qwen3-0.6b,full_prompt_final,number,random,0,NOUN,pl,0.937984496124031,0.9307692307692308,0.9343629343629344,130,"[""du"", ""pl"", ""sg""]","[[4, 4, 0], [0, 121, 9], [0, 4, 462]]"
qwen3-0.6b,full_prompt_final,number,random,0,NOUN,sg,0.9808917197452229,0.9914163090128756,0.9861259338313767,466,"[""du"", ""pl"", ""sg""]","[[4, 4, 0], [0, 121, 9], [0, 4, 462]]"
qwen3-0.6b,full_prompt_final,number,random,0,VERB,du,0.0,0.0,0.0,1,"[""du"", ""pl"", ""sg""]","[[0, 0, 1], [0, 9, 0], [0, 0, 147]]"
qwen3-0.6b,full_prompt_final,number,random,0,VERB,pl,1.0,1.0,1.0,9,"[""du"", ""pl"", ""sg""]","[[0, 0, 1], [0, 9, 0], [0, 0, 147]]"
qwen3-0.6b,full_prompt_final,number,random,0,VERB,sg,0.9932432432432432,1.0,0.9966101694915255,147,"[""du"", ""pl"", ""sg""]","[[0, 0, 1], [0, 9, 0], [0, 0, 147]]"
qwen3-0.6b,full_prompt_final,number,random,0,all,du,1.0,0.4444444444444444,0.6153846153846154,9,"[""du"", ""pl"", ""sg""]","[[4, 4, 1], [0, 131, 9], [0, 7, 784]]"
qwen3-0.6b,full_prompt_final,number,random,0,all,pl,0.9225352112676056,0.9357142857142857,0.9290780141843972,140,"[""du"", ""pl"", ""sg""]","[[4, 4, 1], [0, 131, 9], [0, 7, 784]]"
qwen3-0.6b,full_prompt_final,number,random,0,all,sg,0.9874055415617129,0.9911504424778761,0.9892744479495268,791,"[""du"", ""pl"", ""sg""]","[[4, 4, 1], [0, 131, 9], [0, 7, 784]]"
qwen3-0.6b,full_prompt_final,number,random,1,ADJ,du,1.0,0.5,0.6666666666666666,2,"[""du"", ""pl"", ""sg""]","[[1, 1, 0], [0, 5, 1], [0, 0, 186]]"
qwen3-0.6b,full_prompt_final,number,random,1,ADJ,pl,0.8333333333333334,0.8333333333333334,0.8333333333333334,6,"[""du"", ""pl"", ""sg""]","[[1, 1, 0], [0, 5, 1], [0, 0, 186]]"
qwen3-0.6b,full_prompt_final,number,random,1,ADJ,sg,0.9946524064171123,1.0,0.9973190348525469,186,"[""du"", ""pl"", ""sg""]","[[1, 1, 0], [0, 5, 1], [0, 0, 186]]"
qwen3-0.6b,full_prompt_final,number,random,1,NOUN,du,1.0,0.8333333333333334,0.9090909090909091,6,"[""du"", ""pl"", ""sg""]","[[5, 0, 1], [0, 114, 11], [0, 6, 443]]"
qwen3-0.6b,full_prompt_final,number,random,1,NOUN,pl,0.95,0.912,0.9306122448979591,125,"[""du"", ""pl"", ""sg""]","[[5, 0, 1], [0, 114, 11], [0, 6, 443]]"
qwen3-0.6b,full_prompt_final,number,random,1,NOUN,sg,0.9736263736263736,0.9866369710467706,0.9800884955752213,449,"[""du"", ""pl"", ""sg""]","[[5, 0, 1], [0, 114, 11], [0, 6, 443]]"
qwen3-0.6b,full_prompt_final,number,random,1,VERB,du,1.0,1.0,1.0,1,"[""du"", ""pl"", ""sg""]","[[1, 0, 0], [0, 8, 1], [0, 2, 154]]"
qwen3-0.6b,full_prompt_final,number,random,1,VERB,pl,0.8,0.8888888888888888,0.8421052631578947,9,"[""du"", ""pl"", ""sg""]","[[1, 0, 0], [0, 8, 1], [0, 2, 154]]"
qwen3-0.6b,full_prompt_final,number,random,1,VERB,sg,0.9935483870967742,0.9871794871794872,0.9903536977491961,156,"[""du"", ""pl"", ""sg""]","[[1, 0, 0], [0, 8, 1], [0, 2, 154]]"
qwen3-0.6b,full_prompt_final,number,random,1,all,du,1.0,0.7777777777777778,0.875,9,"[""du"", ""pl"", ""sg""]","[[7, 1, 1], [0, 127, 13], [0, 8, 783]]"
qwen3-0.6b,full_prompt_final,number,random,1,all,pl,0.9338235294117647,0.9071428571428571,0.9202898550724637,140,"[""du"", ""pl"", ""sg""]","[[7, 1, 1], [0, 127, 13], [0, 8, 783]]"
qwen3-0.6b,full_prompt_final,number,random,1,all,sg,0.9824341279799247,0.9898862199747156,0.9861460957178841,791,"[""du"", ""pl"", ""sg""]","[[7, 1, 1], [0, 127, 13], [0, 8, 783]]"
qwen3-0.6b,full_prompt_final,number,random,2,ADJ,pl,0.42857142857142855,1.0,0.6,3,"[""pl"", ""sg""]","[[3, 0], [4, 162]]"
qwen3-0.6b,full_prompt_final,number,random,2,ADJ,sg,1.0,0.9759036144578314,0.9878048780487805,166,"[""pl"", ""sg""]","[[3, 0], [4, 162]]"
qwen3-0.6b,full_prompt_final,number,random,2,NOUN,du,1.0,0.8333333333333334,0.9090909090909091,6,"[""du"", ""pl"", ""sg""]","[[5, 1, 0], [0, 122, 4], [0, 3, 459]]"
qwen3-0.6b,full_prompt_final,number,random,2,NOUN,pl,0.9682539682539683,0.9682539682539683,0.9682539682539683,126,"[""du"", ""pl"", ""sg""]","[[5, 1, 0], [0, 122, 4], [0, 3, 459]]"
qwen3-0.6b,full_prompt_final,number,random,2,NOUN,sg,0.9913606911447084,0.9935064935064936,0.9924324324324324,462,"[""du"", ""pl"", ""sg""]","[[5, 1, 0], [0, 122, 4], [0, 3, 459]]"
qwen3-0.6b,full_prompt_final,number,random,2,VERB,du,0.0,0.0,0.0,3,"[""du"", ""pl"", ""sg""]","[[0, 1, 2], [0, 10, 1], [0, 1, 162]]"
qwen3-0.6b,full_prompt_final,number,random,2,VERB,pl,0.8333333333333334,0.9090909090909091,0.8695652173913043,11,"[""du"", ""pl"", ""sg""]","[[0, 1, 2], [0, 10, 1], [0, 1, 162]]"
qwen3-0.6b,full_prompt_final,number,random,2,VERB,sg,0.9818181818181818,0.9938650306748467,0.9878048780487805,163,"[""du"", ""pl"", ""sg""]","[[0, 1, 2], [0, 10, 1], [0, 1, 162]]"
qwen3-0.6b,full_prompt_final,number,random,2,all,du,1.0,0.5555555555555556,0.7142857142857143,9,"[""du"", ""pl"", ""sg""]","[[5, 2, 2], [0, 135, 5], [0, 8, 783]]"
qwen3-0.6b,full_prompt_final,number,random,2,all,pl,0.9310344827586207,0.9642857142857143,0.9473684210526315,140,"[""du"", ""pl"", ""sg""]","[[5, 2, 2], [0, 135, 5], [0, 8, 783]]"
qwen3-0.6b,full_prompt_final,number,random,2,all,sg,0.9911392405063291,0.9898862199747156,0.9905123339658444,791,"[""du"", ""pl"", ""sg""]","[[5, 2, 2], [0, 135, 5], [0, 8, 783]]"
qwen3-0.6b,full_prompt_final,number,random,3,ADJ,du,1.0,0.3333333333333333,0.5,3,"[""du"", ""pl"", ""sg""]","[[1, 2, 0], [0, 4, 0], [0, 1, 186]]"
qwen3-0.6b,full_prompt_final,number,random,3,ADJ,pl,0.5714285714285714,1.0,0.7272727272727273,4,"[""du"", ""pl"", ""sg""]","[[1, 2, 0], [0, 4, 0], [0, 1, 186]]"
qwen3-0.6b,full_prompt_final,number,random,3,ADJ,sg,1.0,0.9946524064171123,0.9973190348525469,187,"[""du"", ""pl"", ""sg""]","[[1, 2, 0], [0, 4, 0], [0, 1, 186]]"
qwen3-0.6b,full_prompt_final,number,random,3,NOUN,du,1.0,1.0,1.0,6,"[""du"", ""pl"", ""sg""]","[[6, 0, 0], [0, 117, 6], [0, 3, 429]]"
qwen3-0.6b,full_prompt_final,number,random,3,NOUN,pl,0.975,0.9512195121951219,0.9629629629629629,123,"[""du"", ""pl"", ""sg""]","[[6, 0, 0], [0, 117, 6], [0, 3, 429]]"
qwen3-0.6b,full_prompt_final,number,random,3,NOUN,sg,0.9862068965517241,0.9930555555555556,0.9896193771626297,432,"[""du"", ""pl"", ""sg""]","[[6, 0, 0], [0, 117, 6], [0, 3, 429]]"
qwen3-0.6b,full_prompt_final,number,random,3,VERB,pl,0.8461538461538461,0.8461538461538461,0.8461538461538461,13,"[""pl"", ""sg""]","[[11, 2], [2, 170]]"
qwen3-0.6b,full_prompt_final,number,random,3,VERB,sg,0.9883720930232558,0.9883720930232558,0.9883720930232558,172,"[""pl"", ""sg""]","[[11, 2], [2, 170]]"
qwen3-0.6b,full_prompt_final,number,random,3,all,du,1.0,0.7777777777777778,0.875,9,"[""du"", ""pl"", ""sg""]","[[7, 2, 0], [0, 132, 8], [0, 6, 785]]"
qwen3-0.6b,full_prompt_final,number,random,3,all,pl,0.9428571428571428,0.9428571428571428,0.9428571428571428,140,"[""du"", ""pl"", ""sg""]","[[7, 2, 0], [0, 132, 8], [0, 6, 785]]"
qwen3-0.6b,full_prompt_final,number,random,3,all,sg,0.9899117276166457,0.9924146649810367,0.9911616161616161,791,"[""du"", ""pl"", ""sg""]","[[7, 2, 0], [0, 132, 8], [0, 6, 785]]"
qwen3-0.6b,full_prompt_final,number,random,4,ADJ,pl,0.8,1.0,0.8888888888888888,4,"[""pl"", ""sg""]","[[4, 0], [1, 168]]"
qwen3-0.6b,full_prompt_final,number,random,4,ADJ,sg,1.0,0.9940828402366864,0.9970326409495549,169,"[""pl"", ""sg""]","[[4, 0], [1, 168]]"
qwen3-0.6b,full_prompt_final,number,random,4,NOUN,du,1.0,0.8571428571428571,0.9230769230769231,7,"[""du"", ""pl"", ""sg""]","[[6, 1, 0], [0, 119, 8], [0, 3, 480]]"
qwen3-0.6b,full_prompt_final,number,random,4,NOUN,pl,0.967479674796748,0.937007874015748,0.952,127,"[""du"", ""pl"", ""sg""]","[[6, 1, 0], [0, 119, 8], [0, 3, 480]]"
qwen3-0.6b,full_prompt_final,number,random,4,NOUN,sg,0.9836065573770492,0.9937888198757764,0.9886714727085479,483,"[""du"", ""pl"", ""sg""]","[[6, 1, 0], [0, 119, 8], [0, 3, 480]]"
qwen3-0.6b,full_prompt_final,number,random,4,VERB,du,0.0,0.0,0.0,2,"[""du"", ""pl"", ""sg""]","[[0, 1, 1], [0, 6, 3], [0, 2, 136]]"
qwen3-0.6b,full_prompt_final,number,random,4,VERB,pl,0.6666666666666666,0.6666666666666666,0.6666666666666666,9,"[""du"", ""pl"", ""sg""]","[[0, 1, 1], [0, 6, 3], [0, 2, 136]]"
qwen3-0.6b,full_prompt_final,number,random,4,VERB,sg,0.9714285714285714,0.9855072463768116,0.9784172661870504,138,"[""du"", ""pl"", ""sg""]","[[0, 1, 1], [0, 6, 3], [0, 2, 136]]"
qwen3-0.6b,full_prompt_final,number,random,4,all,du,1.0,0.6666666666666666,0.8,9,"[""du"", ""pl"", ""sg""]","[[6, 2, 1], [0, 129, 11], [0, 6, 784]]"
qwen3-0.6b,full_prompt_final,number,random,4,all,pl,0.9416058394160584,0.9214285714285714,0.9314079422382672,140,"[""du"", ""pl"", ""sg""]","[[6, 2, 1], [0, 129, 11], [0, 6, 784]]"
qwen3-0.6b,full_prompt_final,number,random,4,all,sg,0.9849246231155779,0.9924050632911392,0.9886506935687264,790,"[""du"", ""pl"", ""sg""]","[[6, 2, 1], [0, 129, 11], [0, 6, 784]]"
qwen3-0.6b,full_prompt_final,number,root-heldout,0,ADJ,du,0.0,0.0,0.0,1,"[""du"", ""pl"", ""sg""]","[[0, 0, 1], [0, 3, 0], [1, 5, 271]]"
qwen3-0.6b,full_prompt_final,number,root-heldout,0,ADJ,pl,0.375,1.0,0.5454545454545454,3,"[""du"", ""pl"", ""sg""]","[[0, 0, 1], [0, 3, 0], [1, 5, 271]]"
qwen3-0.6b,full_prompt_final,number,root-heldout,0,ADJ,sg,0.9963235294117647,0.9783393501805054,0.9872495446265938,277,"[""du"", ""pl"", ""sg""]","[[0, 0, 1], [0, 3, 0], [1, 5, 271]]"
qwen3-0.6b,full_prompt_final,number,root-heldout,0,NOUN,du,1.0,0.8,0.8888888888888888,5,"[""du"", ""pl"", ""sg""]","[[4, 0, 1], [0, 84, 20], [0, 3, 417]]"
qwen3-0.6b,full_prompt_final,number,root-heldout,0,NOUN,pl,0.9655172413793104,0.8076923076923077,0.8795811518324608,104,"[""du"", ""pl"", ""sg""]","[[4, 0, 1], [0, 84, 20], [0, 3, 417]]"
qwen3-0.6b,full_prompt_final,number,root-heldout,0,NOUN,sg,0.952054794520548,0.9928571428571429,0.972027972027972,420,"[""du"", ""pl"", ""sg""]","[[4, 0, 1], [0, 84, 20], [0, 3, 417]]"
qwen3-0.6b,full_prompt_final,number,root-heldout,0,VERB,du,0.0,0.0,0.0,1,"[""du"", ""pl"", ""sg""]","[[0, 1, 0], [0, 13, 1], [0, 0, 115]]"
qwen3-0.6b,full_prompt_final,number,root-heldout,0,VERB,pl,0.9285714285714286,0.9285714285714286,0.9285714285714286,14,"[""du"", ""pl"", ""sg""]","[[0, 1, 0], [0, 13, 1], [0, 0, 115]]"
qwen3-0.6b,full_prompt_final,number,root-heldout,0,VERB,sg,0.9913793103448276,1.0,0.9956709956709957,115,"[""du"", ""pl"", ""sg""]","[[0, 1, 0], [0, 13, 1], [0, 0, 115]]"
qwen3-0.6b,full_prompt_final,number,root-heldout,0,all,du,0.8,0.5714285714285714,0.6666666666666666,7,"[""du"", ""pl"", ""sg""]","[[4, 1, 2], [0, 100, 21], [1, 8, 803]]"
qwen3-0.6b,full_prompt_final,number,root-heldout,0,all,pl,0.9174311926605505,0.8264462809917356,0.8695652173913043,121,"[""du"", ""pl"", ""sg""]","[[4, 1, 2], [0, 100, 21], [1, 8, 803]]"
qwen3-0.6b,full_prompt_final,number,root-heldout,0,all,sg,0.9721549636803875,0.9889162561576355,0.9804639804639804,812,"[""du"", ""pl"", ""sg""]","[[4, 1, 2], [0, 100, 21], [1, 8, 803]]"
qwen3-0.6b,full_prompt_final,number,root-heldout,1,ADJ,du,1.0,1.0,1.0,2,"[""du"", ""pl"", ""sg""]","[[2, 0, 0], [0, 1, 0], [0, 5, 191]]"
qwen3-0.6b,full_prompt_final,number,root-heldout,1,ADJ,pl,0.16666666666666666,1.0,0.2857142857142857,1,"[""du"", ""pl"", ""sg""]","[[2, 0, 0], [0, 1, 0], [0, 5, 191]]"
qwen3-0.6b,full_prompt_final,number,root-heldout,1,ADJ,sg,1.0,0.9744897959183674,0.9870801033591732,196,"[""du"", ""pl"", ""sg""]","[[2, 0, 0], [0, 1, 0], [0, 5, 191]]"
qwen3-0.6b,full_prompt_final,number,root-heldout,1,NOUN,du,1.0,0.14285714285714285,0.25,7,"[""du"", ""pl"", ""sg""]","[[1, 3, 3], [0, 77, 9], [0, 16, 491]]"
qwen3-0.6b,full_prompt_final,number,root-heldout,1,NOUN,pl,0.8020833333333334,0.8953488372093024,0.8461538461538461,86,"[""du"", ""pl"", ""sg""]","[[1, 3, 3], [0, 77, 9], [0, 16, 491]]"
qwen3-0.6b,full_prompt_final,number,root-heldout,1,NOUN,sg,0.9761431411530815,0.9684418145956607,0.9722772277227723,507,"[""du"", ""pl"", ""sg""]","[[1, 3, 3], [0, 77, 9], [0, 16, 491]]"
qwen3-0.6b,full_prompt_final,number,root-heldout,1,VERB,du,0.0,0.0,0.0,2,"[""du"", ""pl"", ""sg""]","[[0, 0, 2], [0, 7, 1], [0, 5, 126]]"
qwen3-0.6b,full_prompt_final,number,root-heldout,1,VERB,pl,0.5833333333333334,0.875,0.7,8,"[""du"", ""pl"", ""sg""]","[[0, 0, 2], [0, 7, 1], [0, 5, 126]]"
qwen3-0.6b,full_prompt_final,number,root-heldout,1,VERB,sg,0.9767441860465116,0.9618320610687023,0.9692307692307692,131,"[""du"", ""pl"", ""sg""]","[[0, 0, 2], [0, 7, 1], [0, 5, 126]]"
qwen3-0.6b,full_prompt_final,number,root-heldout,1,all,du,1.0,0.2727272727272727,0.42857142857142855,11,"[""du"", ""pl"", ""sg""]","[[3, 3, 5], [0, 85, 10], [0, 26, 808]]"
qwen3-0.6b,full_prompt_final,number,root-heldout,1,all,pl,0.7456140350877193,0.8947368421052632,0.8133971291866029,95,"[""du"", ""pl"", ""sg""]","[[3, 3, 5], [0, 85, 10], [0, 26, 808]]"
qwen3-0.6b,full_prompt_final,number,root-heldout,1,all,sg,0.9817739975698664,0.9688249400479616,0.9752564876282438,834,"[""du"", ""pl"", ""sg""]","[[3, 3, 5], [0, 85, 10], [0, 26, 808]]"
qwen3-0.6b,full_prompt_final,number,root-heldout,2,ADJ,pl,0.375,1.0,0.5454545454545454,6,"[""pl"", ""sg""]","[[6, 0], [10, 163]]"
qwen3-0.6b,full_prompt_final,number,root-heldout,2,ADJ,sg,1.0,0.9421965317919075,0.9702380952380952,173,"[""pl"", ""sg""]","[[6, 0], [10, 163]]"
qwen3-0.6b,full_prompt_final,number,root-heldout,2,NOUN,du,1.0,0.5,0.6666666666666666,2,"[""du"", ""pl"", ""sg""]","[[1, 1, 0], [0, 119, 25], [0, 5, 437]]"
qwen3-0.6b,full_prompt_final,number,root-heldout,2,NOUN,pl,0.952,0.8263888888888888,0.8847583643122676,144,"[""du"", ""pl"", ""sg""]","[[1, 1, 0], [0, 119, 25], [0, 5, 437]]"
qwen3-0.6b,full_prompt_final,number,root-heldout,2,NOUN,sg,0.9458874458874459,0.9886877828054299,0.9668141592920354,442,"[""du"", ""pl"", ""sg""]","[[1, 1, 0], [0, 119, 25], [0, 5, 437]]"
qwen3-0.6b,full_prompt_final,number,root-heldout,2,VERB,du,1.0,0.5,0.6666666666666666,2,"[""du"", ""pl"", ""sg""]","[[1, 0, 1], [0, 10, 1], [0, 0, 160]]"
qwen3-0.6b,full_prompt_final,number,root-heldout,2,VERB,pl,1.0,0.9090909090909091,0.9523809523809523,11,"[""du"", ""pl"", ""sg""]","[[1, 0, 1], [0, 10, 1], [0, 0, 160]]"
qwen3-0.6b,full_prompt_final,number,root-heldout,2,VERB,sg,0.9876543209876543,1.0,0.9937888198757764,160,"[""du"", ""pl"", ""sg""]","[[1, 0, 1], [0, 10, 1], [0, 0, 160]]"
qwen3-0.6b,full_prompt_final,number,root-heldout,2,all,du,1.0,0.5,0.6666666666666666,4,"[""du"", ""pl"", ""sg""]","[[2, 1, 1], [0, 135, 26], [0, 15, 760]]"
qwen3-0.6b,full_prompt_final,number,root-heldout,2,all,pl,0.8940397350993378,0.8385093167701864,0.8653846153846154,161,"[""du"", ""pl"", ""sg""]","[[2, 1, 1], [0, 135, 26], [0, 15, 760]]"
qwen3-0.6b,full_prompt_final,number,root-heldout,2,all,sg,0.96569250317662,0.9806451612903225,0.9731113956466069,775,"[""du"", ""pl"", ""sg""]","[[2, 1, 1], [0, 135, 26], [0, 15, 760]]"
qwen3-0.6b,full_prompt_final,number,root-heldout,3,ADJ,du,1.0,0.5,0.6666666666666666,2,"[""du"", ""pl"", ""sg""]","[[1, 0, 1], [0, 6, 0], [0, 10, 105]]"
qwen3-0.6b,full_prompt_final,number,root-heldout,3,ADJ,pl,0.375,1.0,0.5454545454545454,6,"[""du"", ""pl"", ""sg""]","[[1, 0, 1], [0, 6, 0], [0, 10, 105]]"
qwen3-0.6b,full_prompt_final,number,root-heldout,3,ADJ,sg,0.9905660377358491,0.9130434782608695,0.9502262443438914,115,"[""du"", ""pl"", ""sg""]","[[1, 0, 1], [0, 6, 0], [0, 10, 105]]"
qwen3-0.6b,full_prompt_final,number,root-heldout,3,NOUN,du,1.0,0.45454545454545453,0.625,11,"[""du"", ""pl"", ""sg""]","[[5, 1, 5], [0, 119, 18], [0, 25, 464]]"
qwen3-0.6b,full_prompt_final,number,root-heldout,3,NOUN,pl,0.8206896551724138,0.8686131386861314,0.8439716312056738,137,"[""du"", ""pl"", ""sg""]","[[5, 1, 5], [0, 119, 18], [0, 25, 464]]"
qwen3-0.6b,full_prompt_final,number,root-heldout,3,NOUN,sg,0.9527720739219713,0.9488752556237219,0.9508196721311475,489,"[""du"", ""pl"", ""sg""]","[[5, 1, 5], [0, 119, 18], [0, 25, 464]]"
qwen3-0.6b,full_prompt_final,number,root-heldout,3,VERB,du,0.0,0.0,0.0,1,"[""du"", ""pl"", ""sg""]","[[0, 0, 1], [0, 6, 2], [0, 6, 165]]"
qwen3-0.6b,full_prompt_final,number,root-heldout,3,VERB,pl,0.5,0.75,0.6,8,"[""du"", ""pl"", ""sg""]","[[0, 0, 1], [0, 6, 2], [0, 6, 165]]"
qwen3-0.6b,full_prompt_final,number,root-heldout,3,VERB,sg,0.9821428571428571,0.9649122807017544,0.9734513274336283,171,"[""du"", ""pl"", ""sg""]","[[0, 0, 1], [0, 6, 2], [0, 6, 165]]"
qwen3-0.6b,full_prompt_final,number,root-heldout,3,all,du,1.0,0.42857142857142855,0.6,14,"[""du"", ""pl"", ""sg""]","[[6, 1, 7], [0, 131, 20], [0, 41, 734]]"
qwen3-0.6b,full_prompt_final,number,root-heldout,3,all,pl,0.7572254335260116,0.8675496688741722,0.808641975308642,151,"[""du"", ""pl"", ""sg""]","[[6, 1, 7], [0, 131, 20], [0, 41, 734]]"
qwen3-0.6b,full_prompt_final,number,root-heldout,3,all,sg,0.9645203679369251,0.9470967741935484,0.9557291666666666,775,"[""du"", ""pl"", ""sg""]","[[6, 1, 7], [0, 131, 20], [0, 41, 734]]"
qwen3-0.6b,full_prompt_final,number,root-heldout,4,ADJ,pl,0.18181818181818182,1.0,0.3076923076923077,2,"[""pl"", ""sg""]","[[2, 0], [9, 116]]"
qwen3-0.6b,full_prompt_final,number,root-heldout,4,ADJ,sg,1.0,0.928,0.9626556016597511,125,"[""pl"", ""sg""]","[[2, 0], [9, 116]]"
qwen3-0.6b,full_prompt_final,number,root-heldout,4,NOUN,du,1.0,0.625,0.7692307692307693,8,"[""du"", ""pl"", ""sg""]","[[5, 1, 2], [0, 141, 19], [0, 17, 417]]"
qwen3-0.6b,full_prompt_final,number,root-heldout,4,NOUN,pl,0.8867924528301887,0.88125,0.8840125391849529,160,"[""du"", ""pl"", ""sg""]","[[5, 1, 2], [0, 141, 19], [0, 17, 417]]"
qwen3-0.6b,full_prompt_final,number,root-heldout,4,NOUN,sg,0.952054794520548,0.9608294930875576,0.9564220183486238,434,"[""du"", ""pl"", ""sg""]","[[5, 1, 2], [0, 141, 19], [0, 17, 417]]"
qwen3-0.6b,full_prompt_final,number,root-heldout,4,VERB,du,0.0,0.0,0.0,1,"[""du"", ""pl"", ""sg""]","[[0, 1, 0], [0, 6, 4], [0, 3, 196]]"
qwen3-0.6b,full_prompt_final,number,root-heldout,4,VERB,pl,0.6,0.6,0.6,10,"[""du"", ""pl"", ""sg""]","[[0, 1, 0], [0, 6, 4], [0, 3, 196]]"
qwen3-0.6b,full_prompt_final,number,root-heldout,4,VERB,sg,0.98,0.9849246231155779,0.9824561403508771,199,"[""du"", ""pl"", ""sg""]","[[0, 1, 0], [0, 6, 4], [0, 3, 196]]"
qwen3-0.6b,full_prompt_final,number,root-heldout,4,all,du,1.0,0.5555555555555556,0.7142857142857143,9,"[""du"", ""pl"", ""sg""]","[[5, 2, 2], [0, 149, 23], [0, 29, 729]]"
qwen3-0.6b,full_prompt_final,number,root-heldout,4,all,pl,0.8277777777777777,0.8662790697674418,0.8465909090909091,172,"[""du"", ""pl"", ""sg""]","[[5, 2, 2], [0, 149, 23], [0, 29, 729]]"
qwen3-0.6b,full_prompt_final,number,root-heldout,4,all,sg,0.96684350132626,0.9617414248021108,0.9642857142857143,758,"[""du"", ""pl"", ""sg""]","[[5, 2, 2], [0, 149, 23], [0, 29, 729]]"
qwen3-0.6b,full_prompt_final,pos,lemma-heldout,0,ADJ,ADJ,1.0,0.6954022988505747,0.8203389830508474,174,"[""ADJ"", ""NOUN"", ""VERB""]","[[121, 52, 1], [0, 0, 0], [0, 0, 0]]"
qwen3-0.6b,full_prompt_final,pos,lemma-heldout,0,ADJ,NOUN,0.0,0.0,0.0,0,"[""ADJ"", ""NOUN"", ""VERB""]","[[121, 52, 1], [0, 0, 0], [0, 0, 0]]"
qwen3-0.6b,full_prompt_final,pos,lemma-heldout,0,ADJ,VERB,0.0,0.0,0.0,0,"[""ADJ"", ""NOUN"", ""VERB""]","[[121, 52, 1], [0, 0, 0], [0, 0, 0]]"
qwen3-0.6b,full_prompt_final,pos,lemma-heldout,0,NOUN,ADJ,0.0,0.0,0.0,0,"[""ADJ"", ""NOUN"", ""VERB""]","[[0, 0, 0], [21, 592, 35], [0, 0, 0]]"
qwen3-0.6b,full_prompt_final,pos,lemma-heldout,0,NOUN,NOUN,1.0,0.9135802469135802,0.9548387096774194,648,"[""ADJ"", ""NOUN"", ""VERB""]","[[0, 0, 0], [21, 592, 35], [0, 0, 0]]"
qwen3-0.6b,full_prompt_final,pos,lemma-heldout,0,NOUN,VERB,0.0,0.0,0.0,0,"[""ADJ"", ""NOUN"", ""VERB""]","[[0, 0, 0], [21, 592, 35], [0, 0, 0]]"
qwen3-0.6b,full_prompt_final,pos,lemma-heldout,0,VERB,ADJ,0.0,0.0,0.0,0,"[""ADJ"", ""NOUN"", ""VERB""]","[[0, 0, 0], [0, 0, 0], [1, 7, 111]]"
qwen3-0.6b,full_prompt_final,pos,lemma-heldout,0,VERB,NOUN,0.0,0.0,0.0,0,"[""ADJ"", ""NOUN"", ""VERB""]","[[0, 0, 0], [0, 0, 0], [1, 7, 111]]"
qwen3-0.6b,full_prompt_final,pos,lemma-heldout,0,VERB,VERB,1.0,0.9327731092436975,0.9652173913043478,119,"[""ADJ"", ""NOUN"", ""VERB""]","[[0, 0, 0], [0, 0, 0], [1, 7, 111]]"
qwen3-0.6b,full_prompt_final,pos,lemma-heldout,0,all,ADJ,0.8461538461538461,0.6954022988505747,0.7634069400630915,174,"[""ADJ"", ""NOUN"", ""VERB""]","[[121, 52, 1], [21, 592, 35], [1, 7, 111]]"
qwen3-0.6b,full_prompt_final,pos,lemma-heldout,0,all,NOUN,0.9093701996927803,0.9135802469135802,0.9114703618167821,648,"[""ADJ"", ""NOUN"", ""VERB""]","[[121, 52, 1], [21, 592, 35], [1, 7, 111]]"
qwen3-0.6b,full_prompt_final,pos,lemma-heldout,0,all,VERB,0.7551020408163265,0.9327731092436975,0.8345864661654135,119,"[""ADJ"", ""NOUN"", ""VERB""]","[[121, 52, 1], [21, 592, 35], [1, 7, 111]]"
qwen3-0.6b,full_prompt_final,pos,lemma-heldout,1,ADJ,ADJ,1.0,0.7632850241545893,0.8657534246575342,207,"[""ADJ"", ""NOUN""]","[[158, 49], [0, 0]]"
qwen3-0.6b,full_prompt_final,pos,lemma-heldout,1,ADJ,NOUN,0.0,0.0,0.0,0,"[""ADJ"", ""NOUN""]","[[158, 49], [0, 0]]"
qwen3-0.6b,full_prompt_final,pos,lemma-heldout,1,NOUN,ADJ,0.0,0.0,0.0,0,"[""ADJ"", ""NOUN"", ""VERB""]","[[0, 0, 0], [54, 505, 4], [0, 0, 0]]"
qwen3-0.6b,full_prompt_final,pos,lemma-heldout,1,NOUN,NOUN,1.0,0.8969804618117229,0.9456928838951311,563,"[""ADJ"", ""NOUN"", ""VERB""]","[[0, 0, 0], [54, 505, 4], [0, 0, 0]]"
qwen3-0.6b,full_prompt_final,pos,lemma-heldout,1,NOUN,VERB,0.0,0.0,0.0,0,"[""ADJ"", ""NOUN"", ""VERB""]","[[0, 0, 0], [54, 505, 4], [0, 0, 0]]"
qwen3-0.6b,full_prompt_final,pos,lemma-heldout,1,VERB,NOUN,0.0,0.0,0.0,0,"[""NOUN"", ""VERB""]","[[0, 0], [11, 159]]"
qwen3-0.6b,full_prompt_final,pos,lemma-heldout,1,VERB,VERB,1.0,0.9352941176470588,0.9665653495440729,170,"[""NOUN"", ""VERB""]","[[0, 0], [11, 159]]"
qwen3-0.6b,full_prompt_final,pos,lemma-heldout,1,all,ADJ,0.7452830188679245,0.7632850241545893,0.7541766109785203,207,"[""ADJ"", ""NOUN"", ""VERB""]","[[158, 49, 0], [54, 505, 4], [0, 11, 159]]"
qwen3-0.6b,full_prompt_final,pos,lemma-heldout,1,all,NOUN,0.8938053097345132,0.8969804618117229,0.8953900709219859,563,"[""ADJ"", ""NOUN"", ""VERB""]","[[158, 49, 0], [54, 505, 4], [0, 11, 159]]"
qwen3-0.6b,full_prompt_final,pos,lemma-heldout,1,all,VERB,0.9754601226993865,0.9352941176470588,0.954954954954955,170,"[""ADJ"", ""NOUN"", ""VERB""]","[[158, 49, 0], [54, 505, 4], [0, 11, 159]]"
qwen3-0.6b,full_prompt_final,pos,lemma-heldout,2,ADJ,ADJ,1.0,0.823943661971831,0.9034749034749034,142,"[""ADJ"", ""NOUN""]","[[117, 25], [0, 0]]"
qwen3-0.6b,full_prompt_final,pos,lemma-heldout,2,ADJ,NOUN,0.0,0.0,0.0,0,"[""ADJ"", ""NOUN""]","[[117, 25], [0, 0]]"
qwen3-0.6b,full_prompt_final,pos,lemma-heldout,2,NOUN,ADJ,0.0,0.0,0.0,0,"[""ADJ"", ""NOUN"", ""VERB""]","[[0, 0, 0], [41, 554, 5], [0, 0, 0]]"
qwen3-0.6b,full_prompt_final,pos,lemma-heldout,2,NOUN,NOUN,1.0,0.9233333333333333,0.9601386481802426,600,"[""ADJ"", ""NOUN"", ""VERB""]","[[0, 0, 0], [41, 554, 5], [0, 0, 0]]"
qwen3-0.6b,full_prompt_final,pos,lemma-heldout,2,NOUN,VERB,0.0,0.0,0.0,0,"[""ADJ"", ""NOUN"", ""VERB""]","[[0, 0, 0], [41, 554, 5], [0, 0, 0]]"
qwen3-0.6b,full_prompt_final,pos,lemma-heldout,2,VERB,ADJ,0.0,0.0,0.0,0,"[""ADJ"", ""NOUN"", ""VERB""]","[[0, 0, 0], [0, 0, 0], [7, 10, 181]]"
qwen3-0.6b,full_prompt_final,pos,lemma-heldout,2,VERB,NOUN,0.0,0.0,0.0,0,"[""ADJ"", ""NOUN"", ""VERB""]","[[0, 0, 0], [0, 0, 0], [7, 10, 181]]"
qwen3-0.6b,full_prompt_final,pos,lemma-heldout,2,VERB,VERB,1.0,0.9141414141414141,0.9551451187335093,198,"[""ADJ"", ""NOUN"", ""VERB""]","[[0, 0, 0], [0, 0, 0], [7, 10, 181]]"
qwen3-0.6b,full_prompt_final,pos,lemma-heldout,2,all,ADJ,0.7090909090909091,0.823943661971831,0.762214983713355,142,"[""ADJ"", ""NOUN"", ""VERB""]","[[117, 25, 0], [41, 554, 5], [7, 10, 181]]"
qwen3-0.6b,full_prompt_final,pos,lemma-heldout,2,all,NOUN,0.9405772495755518,0.9233333333333333,0.9318755256518082,600,"[""ADJ"", ""NOUN"", ""VERB""]","[[117, 25, 0], [41, 554, 5], [7, 10, 181]]"
qwen3-0.6b,full_prompt_final,pos,lemma-heldout,2,all,VERB,0.9731182795698925,0.9141414141414141,0.9427083333333334,198,"[""ADJ"", ""NOUN"", ""VERB""]","[[117, 25, 0], [41, 554, 5], [7, 10, 181]]"
qwen3-0.6b,full_prompt_final,pos,lemma-heldout,3,ADJ,ADJ,1.0,0.8440860215053764,0.9154518950437318,186,"[""ADJ"", ""NOUN""]","[[157, 29], [0, 0]]"
qwen3-0.6b,full_prompt_final,pos,lemma-heldout,3,ADJ,NOUN,0.0,0.0,0.0,0,"[""ADJ"", ""NOUN""]","[[157, 29], [0, 0]]"
qwen3-0.6b,full_prompt_final,pos,lemma-heldout,3,NOUN,ADJ,0.0,0.0,0.0,0,"[""ADJ"", ""NOUN"", ""VERB""]","[[0, 0, 0], [62, 533, 2], [0, 0, 0]]"
qwen3-0.6b,full_prompt_final,pos,lemma-heldout,3,NOUN,NOUN,1.0,0.8927973199329984,0.9433628318584071,597,"[""ADJ"", ""NOUN"", ""VERB""]","[[0, 0, 0], [62, 533, 2], [0, 0, 0]]"
qwen3-0.6b,full_prompt_final,pos,lemma-heldout,3,NOUN,VERB,0.0,0.0,0.0,0,"[""ADJ"", ""NOUN"", ""VERB""]","[[0, 0, 0], [62, 533, 2], [0, 0, 0]]"
qwen3-0.6b,full_prompt_final,pos,lemma-heldout,3,VERB,ADJ,0.0,0.0,0.0,0,"[""ADJ"", ""NOUN"", ""VERB""]","[[0, 0, 0], [0, 0, 0], [1, 11, 145]]"
qwen3-0.6b,full_prompt_final,pos,lemma-heldout,3,VERB,NOUN,0.0,0.0,0.0,0,"[""ADJ"", ""NOUN"", ""VERB""]","[[0, 0, 0], [0, 0, 0], [1, 11, 145]]"
qwen3-0.6b,full_prompt_final,pos,lemma-heldout,3,VERB,VERB,1.0,0.9235668789808917,0.9602649006622517,157,"[""ADJ"", ""NOUN"", ""VERB""]","[[0, 0, 0], [0, 0, 0], [1, 11, 145]]"
qwen3-0.6b,full_prompt_final,pos,lemma-heldout,3,all,ADJ,0.7136363636363636,0.8440860215053764,0.7733990147783252,186,"[""ADJ"", ""NOUN"", ""VERB""]","[[157, 29, 0], [62, 533, 2], [1, 11, 145]]"
qwen3-0.6b,full_prompt_final,pos,lemma-heldout,3,all,NOUN,0.9301919720767888,0.8927973199329984,0.9111111111111111,597,"[""ADJ"", ""NOUN"", ""VERB""]","[[157, 29, 0], [62, 533, 2], [1, 11, 145]]"
qwen3-0.6b,full_prompt_final,pos,lemma-heldout,3,all,VERB,0.9863945578231292,0.9235668789808917,0.9539473684210527,157,"[""ADJ"", ""NOUN"", ""VERB""]","[[157, 29, 0], [62, 533, 2], [1, 11, 145]]"
qwen3-0.6b,full_prompt_final,pos,lemma-heldout,4,ADJ,ADJ,1.0,0.6517412935323383,0.7891566265060241,201,"[""ADJ"", ""NOUN""]","[[131, 70], [0, 0]]"
qwen3-0.6b,full_prompt_final,pos,lemma-heldout,4,ADJ,NOUN,0.0,0.0,0.0,0,"[""ADJ"", ""NOUN""]","[[131, 70], [0, 0]]"
qwen3-0.6b,full_prompt_final,pos,lemma-heldout,4,NOUN,ADJ,0.0,0.0,0.0,0,"[""ADJ"", ""NOUN"", ""VERB""]","[[0, 0, 0], [58, 475, 16], [0, 0, 0]]"
qwen3-0.6b,full_prompt_final,pos,lemma-heldout,4,NOUN,NOUN,1.0,0.8652094717668488,0.927734375,549,"[""ADJ"", ""NOUN"", ""VERB""]","[[0, 0, 0], [58, 475, 16], [0, 0, 0]]"
qwen3-0.6b,full_prompt_final,pos,lemma-heldout,4,NOUN,VERB,0.0,0.0,0.0,0,"[""ADJ"", ""NOUN"", ""VERB""]","[[0, 0, 0], [58, 475, 16], [0, 0, 0]]"
qwen3-0.6b,full_prompt_final,pos,lemma-heldout,4,VERB,ADJ,0.0,0.0,0.0,0,"[""ADJ"", ""NOUN"", ""VERB""]","[[0, 0, 0], [0, 0, 0], [3, 8, 179]]"
qwen3-0.6b,full_prompt_final,pos,lemma-heldout,4,VERB,NOUN,0.0,0.0,0.0,0,"[""ADJ"", ""NOUN"", ""VERB""]","[[0, 0, 0], [0, 0, 0], [3, 8, 179]]"
qwen3-0.6b,full_prompt_final,pos,lemma-heldout,4,VERB,VERB,1.0,0.9421052631578948,0.9701897018970189,190,"[""ADJ"", ""NOUN"", ""VERB""]","[[0, 0, 0], [0, 0, 0], [3, 8, 179]]"
qwen3-0.6b,full_prompt_final,pos,lemma-heldout,4,all,ADJ,0.6822916666666666,0.6517412935323383,0.6666666666666666,201,"[""ADJ"", ""NOUN"", ""VERB""]","[[131, 70, 0], [58, 475, 16], [3, 8, 179]]"
qwen3-0.6b,full_prompt_final,pos,lemma-heldout,4,all,NOUN,0.8589511754068716,0.8652094717668488,0.8620689655172413,549,"[""ADJ"", ""NOUN"", ""VERB""]","[[131, 70, 0], [58, 475, 16], [3, 8, 179]]"
qwen3-0.6b,full_prompt_final,pos,lemma-heldout,4,all,VERB,0.9179487179487179,0.9421052631578948,0.9298701298701298,190,"[""ADJ"", ""NOUN"", ""VERB""]","[[131, 70, 0], [58, 475, 16], [3, 8, 179]]"
qwen3-0.6b,full_prompt_final,pos,random,0,ADJ,ADJ,1.0,0.8901098901098901,0.9418604651162791,182,"[""ADJ"", ""NOUN""]","[[162, 20], [0, 0]]"
qwen3-0.6b,full_prompt_final,pos,random,0,ADJ,NOUN,0.0,0.0,0.0,0,"[""ADJ"", ""NOUN""]","[[162, 20], [0, 0]]"
qwen3-0.6b,full_prompt_final,pos,random,0,NOUN,ADJ,0.0,0.0,0.0,0,"[""ADJ"", ""NOUN"", ""VERB""]","[[0, 0, 0], [11, 573, 8], [0, 0, 0]]"
qwen3-0.6b,full_prompt_final,pos,random,0,NOUN,NOUN,1.0,0.9679054054054054,0.9836909871244636,592,"[""ADJ"", ""NOUN"", ""VERB""]","[[0, 0, 0], [11, 573, 8], [0, 0, 0]]"
qwen3-0.6b,full_prompt_final,pos,random,0,NOUN,VERB,0.0,0.0,0.0,0,"[""ADJ"", ""NOUN"", ""VERB""]","[[0, 0, 0], [11, 573, 8], [0, 0, 0]]"
qwen3-0.6b,full_prompt_final,pos,random,0,VERB,NOUN,0.0,0.0,0.0,0,"[""NOUN"", ""VERB""]","[[0, 0], [9, 158]]"
qwen3-0.6b,full_prompt_final,pos,random,0,VERB,VERB,1.0,0.9461077844311377,0.9723076923076923,167,"[""NOUN"", ""VERB""]","[[0, 0], [9, 158]]"
qwen3-0.6b,full_prompt_final,pos,random,0,all,ADJ,0.9364161849710982,0.8901098901098901,0.9126760563380282,182,"[""ADJ"", ""NOUN"", ""VERB""]","[[162, 20, 0], [11, 573, 8], [0, 9, 158]]"
qwen3-0.6b,full_prompt_final,pos,random,0,all,NOUN,0.9518272425249169,0.9679054054054054,0.9597989949748744,592,"[""ADJ"", ""NOUN"", ""VERB""]","[[162, 20, 0], [11, 573, 8], [0, 9, 158]]"
qwen3-0.6b,full_prompt_final,pos,random,0,all,VERB,0.9518072289156626,0.9461077844311377,0.948948948948949,167,"[""ADJ"", ""NOUN"", ""VERB""]","[[162, 20, 0], [11, 573, 8], [0, 9, 158]]"
qwen3-0.6b,full_prompt_final,pos,random,1,ADJ,ADJ,1.0,0.9120879120879121,0.9540229885057471,182,"[""ADJ"", ""NOUN""]","[[166, 16], [0, 0]]"
qwen3-0.6b,full_prompt_final,pos,random,1,ADJ,NOUN,0.0,0.0,0.0,0,"[""ADJ"", ""NOUN""]","[[166, 16], [0, 0]]"
qwen3-0.6b,full_prompt_final,pos,random,1,NOUN,ADJ,0.0,0.0,0.0,0,"[""ADJ"", ""NOUN"", ""VERB""]","[[0, 0, 0], [20, 568, 4], [0, 0, 0]]"
qwen3-0.6b,full_prompt_final,pos,random,1,NOUN,NOUN,1.0,0.9594594594594594,0.9793103448275862,592,"[""ADJ"", ""NOUN"", ""VERB""]","[[0, 0, 0], [20, 568, 4], [0, 0, 0]]"
qwen3-0.6b,full_prompt_final,pos,random,1,NOUN,VERB,0.0,0.0,0.0,0,"[""ADJ"", ""NOUN"", ""VERB""]","[[0, 0, 0], [20, 568, 4], [0, 0, 0]]"
qwen3-0.6b,full_prompt_final,pos,random,1,VERB,NOUN,0.0,0.0,0.0,0,"[""NOUN"", ""VERB""]","[[0, 0], [4, 162]]"
qwen3-0.6b,full_prompt_final,pos,random,1,VERB,VERB,1.0,0.9759036144578314,0.9878048780487805,166,"[""NOUN"", ""VERB""]","[[0, 0], [4, 162]]"
qwen3-0.6b,full_prompt_final,pos,random,1,all,ADJ,0.8924731182795699,0.9120879120879121,0.9021739130434783,182,"[""ADJ"", ""NOUN"", ""VERB""]","[[166, 16, 0], [20, 568, 4], [0, 4, 162]]"
qwen3-0.6b,full_prompt_final,pos,random,1,all,NOUN,0.9659863945578231,0.9594594594594594,0.9627118644067797,592,"[""ADJ"", ""NOUN"", ""VERB""]","[[166, 16, 0], [20, 568, 4], [0, 4, 162]]"
qwen3-0.6b,full_prompt_final,pos,random,1,all,VERB,0.9759036144578314,0.9759036144578314,0.9759036144578314,166,"[""ADJ"", ""NOUN"", ""VERB""]","[[166, 16, 0], [20, 568, 4], [0, 4, 162]]"
qwen3-0.6b,full_prompt_final,pos,random,2,ADJ,ADJ,1.0,0.9230769230769231,0.96,182,"[""ADJ"", ""NOUN""]","[[168, 14], [0, 0]]"
qwen3-0.6b,full_prompt_final,pos,random,2,ADJ,NOUN,0.0,0.0,0.0,0,"[""ADJ"", ""NOUN""]","[[168, 14], [0, 0]]"
qwen3-0.6b,full_prompt_final,pos,random,2,NOUN,ADJ,0.0,0.0,0.0,0,"[""ADJ"", ""NOUN"", ""VERB""]","[[0, 0, 0], [20, 567, 4], [0, 0, 0]]"
qwen3-0.6b,full_prompt_final,pos,random,2,NOUN,NOUN,1.0,0.9593908629441624,0.9792746113989638,591,"[""ADJ"", ""NOUN"", ""VERB""]","[[0, 0, 0], [20, 567, 4], [0, 0, 0]]"
qwen3-0.6b,full_prompt_final,pos,random,2,NOUN,VERB,0.0,0.0,0.0,0,"[""ADJ"", ""NOUN"", ""VERB""]","[[0, 0, 0], [20, 567, 4], [0, 0, 0]]"
qwen3-0.6b,full_prompt_final,pos,random,2,VERB,ADJ,0.0,0.0,0.0,0,"[""ADJ"", ""NOUN"", ""VERB""]","[[0, 0, 0], [0, 0, 0], [2, 6, 159]]"
qwen3-0.6b,full_prompt_final,pos,random,2,VERB,NOUN,0.0,0.0,0.0,0,"[""ADJ"", ""NOUN"", ""VERB""]","[[0, 0, 0], [0, 0, 0], [2, 6, 159]]"
qwen3-0.6b,full_prompt_final,pos,random,2,VERB,VERB,1.0,0.9520958083832335,0.9754601226993865,167,"[""ADJ"", ""NOUN"", ""VERB""]","[[0, 0, 0], [0, 0, 0], [2, 6, 159]]"
qwen3-0.6b,full_prompt_final,pos,random,2,all,ADJ,0.8842105263157894,0.9230769230769231,0.9032258064516129,182,"[""ADJ"", ""NOUN"", ""VERB""]","[[168, 14, 0], [20, 567, 4], [2, 6, 159]]"
qwen3-0.6b,full_prompt_final,pos,random,2,all,NOUN,0.9659284497444633,0.9593908629441624,0.9626485568760611,591,"[""ADJ"", ""NOUN"", ""VERB""]","[[168, 14, 0], [20, 567, 4], [2, 6, 159]]"
qwen3-0.6b,full_prompt_final,pos,random,2,all,VERB,0.9754601226993865,0.9520958083832335,0.9636363636363636,167,"[""ADJ"", ""NOUN"", ""VERB""]","[[168, 14, 0], [20, 567, 4], [2, 6, 159]]"
qwen3-0.6b,full_prompt_final,pos,random,3,ADJ,ADJ,1.0,0.967032967032967,0.9832402234636871,182,"[""ADJ"", ""NOUN""]","[[176, 6], [0, 0]]"
qwen3-0.6b,full_prompt_final,pos,random,3,ADJ,NOUN,0.0,0.0,0.0,0,"[""ADJ"", ""NOUN""]","[[176, 6], [0, 0]]"
qwen3-0.6b,full_prompt_final,pos,random,3,NOUN,ADJ,0.0,0.0,0.0,0,"[""ADJ"", ""NOUN"", ""VERB""]","[[0, 0, 0], [10, 580, 1], [0, 0, 0]]"
qwen3-0.6b,full_prompt_final,pos,random,3,NOUN,NOUN,1.0,0.9813874788494078,0.9906063193851409,591,"[""ADJ"", ""NOUN"", ""VERB""]","[[0, 0, 0], [10, 580, 1], [0, 0, 0]]"
qwen3-0.6b,full_prompt_final,pos,random,3,NOUN,VERB,0.0,0.0,0.0,0,"[""ADJ"", ""NOUN"", ""VERB""]","[[0, 0, 0], [10, 580, 1], [0, 0, 0]]"
qwen3-0.6b,full_prompt_final,pos,random,3,VERB,ADJ,0.0,0.0,0.0,0,"[""ADJ"", ""NOUN"", ""VERB""]","[[0, 0, 0], [0, 0, 0], [1, 7, 159]]"
qwen3-0.6b,full_prompt_final,pos,random,3,VERB,NOUN,0.0,0.0,0.0,0,"[""ADJ"", ""NOUN"", ""VERB""]","[[0, 0, 0], [0, 0, 0], [1, 7, 159]]"
qwen3-0.6b,full_prompt_final,pos,random,3,VERB,VERB,1.0,0.9520958083832335,0.9754601226993865,167,"[""ADJ"", ""NOUN"", ""VERB""]","[[0, 0, 0], [0, 0, 0], [1, 7, 159]]"
qwen3-0.6b,full_prompt_final,pos,random,3,all,ADJ,0.9411764705882353,0.967032967032967,0.9539295392953929,182,"[""ADJ"", ""NOUN"", ""VERB""]","[[176, 6, 0], [10, 580, 1], [1, 7, 159]]"
qwen3-0.6b,full_prompt_final,pos,random,3,all,NOUN,0.9780775716694773,0.9813874788494078,0.9797297297297297,591,"[""ADJ"", ""NOUN"", ""VERB""]","[[176, 6, 0], [10, 580, 1], [1, 7, 159]]"
qwen3-0.6b,full_prompt_final,pos,random,3,all,VERB,0.99375,0.9520958083832335,0.9724770642201835,167,"[""ADJ"", ""NOUN"", ""VERB""]","[[176, 6, 0], [10, 580, 1], [1, 7, 159]]"
qwen3-0.6b,full_prompt_final,pos,random,4,ADJ,ADJ,1.0,0.9010989010989011,0.9479768786127167,182,"[""ADJ"", ""NOUN""]","[[164, 18], [0, 0]]"
qwen3-0.6b,full_prompt_final,pos,random,4,ADJ,NOUN,0.0,0.0,0.0,0,"[""ADJ"", ""NOUN""]","[[164, 18], [0, 0]]"
qwen3-0.6b,full_prompt_final,pos,random,4,NOUN,ADJ,0.0,0.0,0.0,0,"[""ADJ"", ""NOUN"", ""VERB""]","[[0, 0, 0], [18, 567, 6], [0, 0, 0]]"
qwen3-0.6b,full_prompt_final,pos,random,4,NOUN,NOUN,1.0,0.9593908629441624,0.9792746113989638,591,"[""ADJ"", ""NOUN"", ""VERB""]","[[0, 0, 0], [18, 567, 6], [0, 0, 0]]"
qwen3-0.6b,full_prompt_final,pos,random,4,NOUN,VERB,0.0,0.0,0.0,0,"[""ADJ"", ""NOUN"", ""VERB""]","[[0, 0, 0], [18, 567, 6], [0, 0, 0]]"
qwen3-0.6b,full_prompt_final,pos,random,4,VERB,VERB,1.0,1.0,1.0,167,"[""VERB""]",[[167]]
qwen3-0.6b,full_prompt_final,pos,random,4,all,ADJ,0.9010989010989011,0.9010989010989011,0.9010989010989011,182,"[""ADJ"", ""NOUN"", ""VERB""]","[[164, 18, 0], [18, 567, 6], [0, 0, 167]]"
qwen3-0.6b,full_prompt_final,pos,random,4,all,NOUN,0.9692307692307692,0.9593908629441624,0.9642857142857143,591,"[""ADJ"", ""NOUN"", ""VERB""]","[[164, 18, 0], [18, 567, 6], [0, 0, 167]]"
qwen3-0.6b,full_prompt_final,pos,random,4,all,VERB,0.9653179190751445,1.0,0.9823529411764705,167,"[""ADJ"", ""NOUN"", ""VERB""]","[[164, 18, 0], [18, 567, 6], [0, 0, 167]]"
qwen3-0.6b,full_prompt_final,pos,root-heldout,0,ADJ,ADJ,1.0,0.40217391304347827,0.5736434108527132,276,"[""ADJ"", ""NOUN"", ""VERB""]","[[111, 164, 1], [0, 0, 0], [0, 0, 0]]"
qwen3-0.6b,full_prompt_final,pos,root-heldout,0,ADJ,NOUN,0.0,0.0,0.0,0,"[""ADJ"", ""NOUN"", ""VERB""]","[[111, 164, 1], [0, 0, 0], [0, 0, 0]]"
qwen3-0.6b,full_prompt_final,pos,root-heldout,0,ADJ,VERB,0.0,0.0,0.0,0,"[""ADJ"", ""NOUN"", ""VERB""]","[[111, 164, 1], [0, 0, 0], [0, 0, 0]]"
qwen3-0.6b,full_prompt_final,pos,root-heldout,0,NOUN,ADJ,0.0,0.0,0.0,0,"[""ADJ"", ""NOUN"", ""VERB""]","[[0, 0, 0], [28, 491, 11], [0, 0, 0]]"
qwen3-0.6b,full_prompt_final,pos,root-heldout,0,NOUN,NOUN,1.0,0.9264150943396227,0.9618021547502449,530,"[""ADJ"", ""NOUN"", ""VERB""]","[[0, 0, 0], [28, 491, 11], [0, 0, 0]]"
qwen3-0.6b,full_prompt_final,pos,root-heldout,0,NOUN,VERB,0.0,0.0,0.0,0,"[""ADJ"", ""NOUN"", ""VERB""]","[[0, 0, 0], [28, 491, 11], [0, 0, 0]]"
qwen3-0.6b,full_prompt_final,pos,root-heldout,0,VERB,ADJ,0.0,0.0,0.0,0,"[""ADJ"", ""NOUN"", ""VERB""]","[[0, 0, 0], [0, 0, 0], [3, 7, 125]]"
qwen3-0.6b,full_prompt_final,pos,root-heldout,0,VERB,NOUN,0.0,0.0,0.0,0,"[""ADJ"", ""NOUN"", ""VERB""]","[[0, 0, 0], [0, 0, 0], [3, 7, 125]]"
qwen3-0.6b,full_prompt_final,pos,root-heldout,0,VERB,VERB,1.0,0.9259259259259259,0.9615384615384616,135,"[""ADJ"", ""NOUN"", ""VERB""]","[[0, 0, 0], [0, 0, 0], [3, 7, 125]]"
qwen3-0.6b,full_prompt_final,pos,root-heldout,0,all,ADJ,0.7816901408450704,0.40217391304347827,0.5311004784688995,276,"[""ADJ"", ""NOUN"", ""VERB""]","[[111, 164, 1], [28, 491, 11], [3, 7, 125]]"
qwen3-0.6b,full_prompt_final,pos,root-heldout,0,all,NOUN,0.7416918429003021,0.9264150943396227,0.8238255033557047,530,"[""ADJ"", ""NOUN"", ""VERB""]","[[111, 164, 1], [28, 491, 11], [3, 7, 125]]"
qwen3-0.6b,full_prompt_final,pos,root-heldout,0,all,VERB,0.9124087591240876,0.9259259259259259,0.9191176470588235,135,"[""ADJ"", ""NOUN"", ""VERB""]","[[111, 164, 1], [28, 491, 11], [3, 7, 125]]"
qwen3-0.6b,full_prompt_final,pos,root-heldout,1,ADJ,ADJ,1.0,0.6410256410256411,0.78125,156,"[""ADJ"", ""NOUN"", ""VERB""]","[[100, 50, 6], [0, 0, 0], [0, 0, 0]]"
qwen3-0.6b,full_prompt_final,pos,root-heldout,1,ADJ,NOUN,0.0,0.0,0.0,0,"[""ADJ"", ""NOUN"", ""VERB""]","[[100, 50, 6], [0, 0, 0], [0, 0, 0]]"
qwen3-0.6b,full_prompt_final,pos,root-heldout,1,ADJ,VERB,0.0,0.0,0.0,0,"[""ADJ"", ""NOUN"", ""VERB""]","[[100, 50, 6], [0, 0, 0], [0, 0, 0]]"
qwen3-0.6b,full_prompt_final,pos,root-heldout,1,NOUN,ADJ,0.0,0.0,0.0,0,"[""ADJ"", ""NOUN"", ""VERB""]","[[0, 0, 0], [51, 561, 6], [0, 0, 0]]"
qwen3-0.6b,full_prompt_final,pos,root-heldout,1,NOUN,NOUN,1.0,0.9077669902912622,0.9516539440203562,618,"[""ADJ"", ""NOUN"", ""VERB""]","[[0, 0, 0], [51, 561, 6], [0, 0, 0]]"
qwen3-0.6b,full_prompt_final,pos,root-heldout,1,NOUN,VERB,0.0,0.0,0.0,0,"[""ADJ"", ""NOUN"", ""VERB""]","[[0, 0, 0], [51, 561, 6], [0, 0, 0]]"
qwen3-0.6b,full_prompt_final,pos,root-heldout,1,VERB,ADJ,0.0,0.0,0.0,0,"[""ADJ"", ""NOUN"", ""VERB""]","[[0, 0, 0], [0, 0, 0], [1, 23, 142]]"
qwen3-0.6b,full_prompt_final,pos,root-heldout,1,VERB,NOUN,0.0,0.0,0.0,0,"[""ADJ"", ""NOUN"", ""VERB""]","[[0, 0, 0], [0, 0, 0], [1, 23, 142]]"
qwen3-0.6b,full_prompt_final,pos,root-heldout,1,VERB,VERB,1.0,0.8554216867469879,0.922077922077922,166,"[""ADJ"", ""NOUN"", ""VERB""]","[[0, 0, 0], [0, 0, 0], [1, 23, 142]]"
qwen3-0.6b,full_prompt_final,pos,root-heldout,1,all,ADJ,0.6578947368421053,0.6410256410256411,0.6493506493506493,156,"[""ADJ"", ""NOUN"", ""VERB""]","[[100, 50, 6], [51, 561, 6], [1, 23, 142]]"
qwen3-0.6b,full_prompt_final,pos,root-heldout,1,all,NOUN,0.8848580441640379,0.9077669902912622,0.8961661341853036,618,"[""ADJ"", ""NOUN"", ""VERB""]","[[100, 50, 6], [51, 561, 6], [1, 23, 142]]"
qwen3-0.6b,full_prompt_final,pos,root-heldout,1,all,VERB,0.922077922077922,0.8554216867469879,0.8875,166,"[""ADJ"", ""NOUN"", ""VERB""]","[[100, 50, 6], [51, 561, 6], [1, 23, 142]]"
qwen3-0.6b,full_prompt_final,pos,root-heldout,2,ADJ,ADJ,1.0,0.7909090909090909,0.883248730964467,220,"[""ADJ"", ""NOUN"", ""VERB""]","[[174, 45, 1], [0, 0, 0], [0, 0, 0]]"
qwen3-0.6b,full_prompt_final,pos,root-heldout,2,ADJ,NOUN,0.0,0.0,0.0,0,"[""ADJ"", ""NOUN"", ""VERB""]","[[174, 45, 1], [0, 0, 0], [0, 0, 0]]"
qwen3-0.6b,full_prompt_final,pos,root-heldout,2,ADJ,VERB,0.0,0.0,0.0,0,"[""ADJ"", ""NOUN"", ""VERB""]","[[174, 45, 1], [0, 0, 0], [0, 0, 0]]"
qwen3-0.6b,full_prompt_final,pos,root-heldout,2,NOUN,ADJ,0.0,0.0,0.0,0,"[""ADJ"", ""NOUN"", ""VERB""]","[[0, 0, 0], [31, 537, 12], [0, 0, 0]]"
qwen3-0.6b,full_prompt_final,pos,root-heldout,2,NOUN,NOUN,1.0,0.9258620689655173,0.9615040286481648,580,"[""ADJ"", ""NOUN"", ""VERB""]","[[0, 0, 0], [31, 537, 12], [0, 0, 0]]"
qwen3-0.6b,full_prompt_final,pos,root-heldout,2,NOUN,VERB,0.0,0.0,0.0,0,"[""ADJ"", ""NOUN"", ""VERB""]","[[0, 0, 0], [31, 537, 12], [0, 0, 0]]"
qwen3-0.6b,full_prompt_final,pos,root-heldout,2,VERB,ADJ,0.0,0.0,0.0,0,"[""ADJ"", ""NOUN"", ""VERB""]","[[0, 0, 0], [0, 0, 0], [1, 5, 134]]"
qwen3-0.6b,full_prompt_final,pos,root-heldout,2,VERB,NOUN,0.0,0.0,0.0,0,"[""ADJ"", ""NOUN"", ""VERB""]","[[0, 0, 0], [0, 0, 0], [1, 5, 134]]"
qwen3-0.6b,full_prompt_final,pos,root-heldout,2,VERB,VERB,1.0,0.9571428571428572,0.9781021897810219,140,"[""ADJ"", ""NOUN"", ""VERB""]","[[0, 0, 0], [0, 0, 0], [1, 5, 134]]"
qwen3-0.6b,full_prompt_final,pos,root-heldout,2,all,ADJ,0.8446601941747572,0.7909090909090909,0.8169014084507042,220,"[""ADJ"", ""NOUN"", ""VERB""]","[[174, 45, 1], [31, 537, 12], [1, 5, 134]]"
qwen3-0.6b,full_prompt_final,pos,root-heldout,2,all,NOUN,0.9148211243611585,0.9258620689655173,0.9203084832904884,580,"[""ADJ"", ""NOUN"", ""VERB""]","[[174, 45, 1], [31, 537, 12], [1, 5, 134]]"
qwen3-0.6b,full_prompt_final,pos,root-heldout,2,all,VERB,0.9115646258503401,0.9571428571428572,0.9337979094076655,140,"[""ADJ"", ""NOUN"", ""VERB""]","[[174, 45, 1], [31, 537, 12], [1, 5, 134]]"
qwen3-0.6b,full_prompt_final,pos,root-heldout,3,ADJ,ADJ,1.0,0.7258064516129032,0.8411214953271028,124,"[""ADJ"", ""NOUN"", ""VERB""]","[[90, 33, 1], [0, 0, 0], [0, 0, 0]]"
qwen3-0.6b,full_prompt_final,pos,root-heldout,3,ADJ,NOUN,0.0,0.0,0.0,0,"[""ADJ"", ""NOUN"", ""VERB""]","[[90, 33, 1], [0, 0, 0], [0, 0, 0]]"
qwen3-0.6b,full_prompt_final,pos,root-heldout,3,ADJ,VERB,0.0,0.0,0.0,0,"[""ADJ"", ""NOUN"", ""VERB""]","[[90, 33, 1], [0, 0, 0], [0, 0, 0]]"
qwen3-0.6b,full_prompt_final,pos,root-heldout,3,NOUN,ADJ,0.0,0.0,0.0,0,"[""ADJ"", ""NOUN"", ""VERB""]","[[0, 0, 0], [27, 587, 17], [0, 0, 0]]"
qwen3-0.6b,full_prompt_final,pos,root-heldout,3,NOUN,NOUN,1.0,0.93026941362916,0.9638752052545156,631,"[""ADJ"", ""NOUN"", ""VERB""]","[[0, 0, 0], [27, 587, 17], [0, 0, 0]]"
qwen3-0.6b,full_prompt_final,pos,root-heldout,3,NOUN,VERB,0.0,0.0,0.0,0,"[""ADJ"", ""NOUN"", ""VERB""]","[[0, 0, 0], [27, 587, 17], [0, 0, 0]]"
qwen3-0.6b,full_prompt_final,pos,root-heldout,3,VERB,NOUN,0.0,0.0,0.0,0,"[""NOUN"", ""VERB""]","[[0, 0], [9, 176]]"
qwen3-0.6b,full_prompt_final,pos,root-heldout,3,VERB,VERB,1.0,0.9513513513513514,0.9750692520775623,185,"[""NOUN"", ""VERB""]","[[0, 0], [9, 176]]"
qwen3-0.6b,full_prompt_final,pos,root-heldout,3,all,ADJ,0.7692307692307693,0.7258064516129032,0.7468879668049793,124,"[""ADJ"", ""NOUN"", ""VERB""]","[[90, 33, 1], [27, 587, 17], [0, 9, 176]]"
qwen3-0.6b,full_prompt_final,pos,root-heldout,3,all,NOUN,0.9332273449920508,0.93026941362916,0.9317460317460318,631,"[""ADJ"", ""NOUN"", ""VERB""]","[[90, 33, 1], [27, 587, 17], [0, 9, 176]]"
qwen3-0.6b,full_prompt_final,pos,root-heldout,3,all,VERB,0.9072164948453608,0.9513513513513514,0.9287598944591029,185,"[""ADJ"", ""NOUN"", ""VERB""]","[[90, 33, 1], [27, 587, 17], [0, 9, 176]]"
qwen3-0.6b,full_prompt_final,pos,root-heldout,4,ADJ,ADJ,1.0,0.5970149253731343,0.7476635514018691,134,"[""ADJ"", ""NOUN"", ""VERB""]","[[80, 53, 1], [0, 0, 0], [0, 0, 0]]"
qwen3-0.6b,full_prompt_final,pos,root-heldout,4,ADJ,NOUN,0.0,0.0,0.0,0,"[""ADJ"", ""NOUN"", ""VERB""]","[[80, 53, 1], [0, 0, 0], [0, 0, 0]]"
qwen3-0.6b,full_prompt_final,pos,root-heldout,4,ADJ,VERB,0.0,0.0,0.0,0,"[""ADJ"", ""NOUN"", ""VERB""]","[[80, 53, 1], [0, 0, 0], [0, 0, 0]]"
qwen3-0.6b,full_prompt_final,pos,root-heldout,4,NOUN,ADJ,0.0,0.0,0.0,0,"[""ADJ"", ""NOUN"", ""VERB""]","[[0, 0, 0], [49, 534, 15], [0, 0, 0]]"
qwen3-0.6b,full_prompt_final,pos,root-heldout,4,NOUN,NOUN,1.0,0.8929765886287625,0.9434628975265018,598,"[""ADJ"", ""NOUN"", ""VERB""]","[[0, 0, 0], [49, 534, 15], [0, 0, 0]]"
qwen3-0.6b,full_prompt_final,pos,root-heldout,4,NOUN,VERB,0.0,0.0,0.0,0,"[""ADJ"", ""NOUN"", ""VERB""]","[[0, 0, 0], [49, 534, 15], [0, 0, 0]]"
qwen3-0.6b,full_prompt_final,pos,root-heldout,4,VERB,NOUN,0.0,0.0,0.0,0,"[""NOUN"", ""VERB""]","[[0, 0], [5, 203]]"
qwen3-0.6b,full_prompt_final,pos,root-heldout,4,VERB,VERB,1.0,0.9759615384615384,0.9878345498783455,208,"[""NOUN"", ""VERB""]","[[0, 0], [5, 203]]"
qwen3-0.6b,full_prompt_final,pos,root-heldout,4,all,ADJ,0.6201550387596899,0.5970149253731343,0.6083650190114068,134,"[""ADJ"", ""NOUN"", ""VERB""]","[[80, 53, 1], [49, 534, 15], [0, 5, 203]]"
qwen3-0.6b,full_prompt_final,pos,root-heldout,4,all,NOUN,0.902027027027027,0.8929765886287625,0.8974789915966387,598,"[""ADJ"", ""NOUN"", ""VERB""]","[[80, 53, 1], [49, 534, 15], [0, 5, 203]]"
qwen3-0.6b,full_prompt_final,pos,root-heldout,4,all,VERB,0.9269406392694064,0.9759615384615384,0.9508196721311475,208,"[""ADJ"", ""NOUN"", ""VERB""]","[[80, 53, 1], [49, 534, 15], [0, 5, 203]]"
qwen3-0.6b,metadata_free_prompt_final,gender,lemma-heldout,0,ADJ,fem,0.7611940298507462,0.85,0.8031496062992126,60,"[""fem"", ""masc""]","[[51, 9], [16, 75]]"
qwen3-0.6b,metadata_free_prompt_final,gender,lemma-heldout,0,ADJ,masc,0.8928571428571429,0.8241758241758241,0.8571428571428571,91,"[""fem"", ""masc""]","[[51, 9], [16, 75]]"
qwen3-0.6b,metadata_free_prompt_final,gender,lemma-heldout,0,NOUN,fem,0.7564766839378239,0.7087378640776699,0.731829573934837,206,"[""fem"", ""masc""]","[[146, 60], [47, 384]]"
qwen3-0.6b,metadata_free_prompt_final,gender,lemma-heldout,0,NOUN,masc,0.8648648648648649,0.8909512761020881,0.8777142857142857,431,"[""fem"", ""masc""]","[[146, 60], [47, 384]]"
qwen3-0.6b,metadata_free_prompt_final,gender,lemma-heldout,0,VERB,fem,0.851063829787234,0.6779661016949152,0.7547169811320755,59,"[""fem"", ""masc""]","[[40, 19], [7, 86]]"
qwen3-0.6b,metadata_free_prompt_final,gender,lemma-heldout,0,VERB,masc,0.819047619047619,0.9247311827956989,0.8686868686868687,93,"[""fem"", ""masc""]","[[40, 19], [7, 86]]"
qwen3-0.6b,metadata_free_prompt_final,gender,lemma-heldout,0,all,fem,0.7719869706840391,0.7292307692307692,0.75,325,"[""fem"", ""masc""]","[[237, 88], [70, 545]]"
qwen3-0.6b,metadata_free_prompt_final,gender,lemma-heldout,0,all,masc,0.8609794628751974,0.8861788617886179,0.8733974358974359,615,"[""fem"", ""masc""]","[[237, 88], [70, 545]]"
qwen3-0.6b,metadata_free_prompt_final,gender,lemma-heldout,1,ADJ,fem,0.9696969696969697,0.9411764705882353,0.9552238805970149,68,"[""fem"", ""masc""]","[[64, 4], [2, 114]]"
qwen3-0.6b,metadata_free_prompt_final,gender,lemma-heldout,1,ADJ,masc,0.9661016949152542,0.9827586206896551,0.9743589743589743,116,"[""fem"", ""masc""]","[[64, 4], [2, 114]]"
qwen3-0.6b,metadata_free_prompt_final,gender,lemma-heldout,1,NOUN,fem,0.6650246305418719,0.8132530120481928,0.7317073170731707,166,"[""fem"", ""masc""]","[[135, 31], [68, 348]]"
qwen3-0.6b,metadata_free_prompt_final,gender,lemma-heldout,1,NOUN,masc,0.9182058047493403,0.8365384615384616,0.8754716981132076,416,"[""fem"", ""masc""]","[[135, 31], [68, 348]]"
qwen3-0.6b,metadata_free_prompt_final,gender,lemma-heldout,1,VERB,fem,0.8309859154929577,0.8939393939393939,0.8613138686131386,66,"[""fem"", ""masc""]","[[59, 7], [12, 96]]"
qwen3-0.6b,metadata_free_prompt_final,gender,lemma-heldout,1,VERB,masc,0.9320388349514563,0.8888888888888888,0.909952606635071,108,"[""fem"", ""masc""]","[[59, 7], [12, 96]]"
qwen3-0.6b,metadata_free_prompt_final,gender,lemma-heldout,1,all,fem,0.7588235294117647,0.86,0.80625,300,"[""fem"", ""masc""]","[[258, 42], [82, 558]]"
qwen3-0.6b,metadata_free_prompt_final,gender,lemma-heldout,1,all,masc,0.93,0.871875,0.9,640,"[""fem"", ""masc""]","[[258, 42], [82, 558]]"
qwen3-0.6b,metadata_free_prompt_final,gender,lemma-heldout,2,ADJ,fem,0.8837209302325582,0.8636363636363636,0.8735632183908046,88,"[""fem"", ""masc""]","[[76, 12], [10, 57]]"
qwen3-0.6b,metadata_free_prompt_final,gender,lemma-heldout,2,ADJ,masc,0.8260869565217391,0.8507462686567164,0.8382352941176471,67,"[""fem"", ""masc""]","[[76, 12], [10, 57]]"
qwen3-0.6b,metadata_free_prompt_final,gender,lemma-heldout,2,NOUN,fem,0.6173913043478261,0.8068181818181818,0.6995073891625616,176,"[""fem"", ""masc""]","[[142, 34], [88, 324]]"
qwen3-0.6b,metadata_free_prompt_final,gender,lemma-heldout,2,NOUN,masc,0.9050279329608939,0.7864077669902912,0.8415584415584415,412,"[""fem"", ""masc""]","[[142, 34], [88, 324]]"
qwen3-0.6b,metadata_free_prompt_final,gender,lemma-heldout,2,VERB,fem,0.6385542168674698,0.7361111111111112,0.6838709677419355,72,"[""fem"", ""masc""]","[[53, 19], [30, 95]]"
qwen3-0.6b,metadata_free_prompt_final,gender,lemma-heldout,2,VERB,masc,0.8333333333333334,0.76,0.7949790794979079,125,"[""fem"", ""masc""]","[[53, 19], [30, 95]]"
qwen3-0.6b,metadata_free_prompt_final,gender,lemma-heldout,2,all,fem,0.6791979949874687,0.8065476190476191,0.7374149659863946,336,"[""fem"", ""masc""]","[[271, 65], [128, 476]]"
qwen3-0.6b,metadata_free_prompt_final,gender,lemma-heldout,2,all,masc,0.8798521256931608,0.7880794701986755,0.8314410480349345,604,"[""fem"", ""masc""]","[[271, 65], [128, 476]]"
qwen3-0.6b,metadata_free_prompt_final,gender,lemma-heldout,3,ADJ,fem,0.9634146341463414,0.8404255319148937,0.8977272727272727,94,"[""fem"", ""masc""]","[[79, 15], [3, 74]]"
qwen3-0.6b,metadata_free_prompt_final,gender,lemma-heldout,3,ADJ,masc,0.8314606741573034,0.961038961038961,0.891566265060241,77,"[""fem"", ""masc""]","[[79, 15], [3, 74]]"
qwen3-0.6b,metadata_free_prompt_final,gender,lemma-heldout,3,NOUN,fem,0.7536231884057971,0.78,0.7665847665847666,200,"[""fem"", ""masc""]","[[156, 44], [51, 360]]"
qwen3-0.6b,metadata_free_prompt_final,gender,lemma-heldout,3,NOUN,masc,0.8910891089108911,0.8759124087591241,0.8834355828220859,411,"[""fem"", ""masc""]","[[156, 44], [51, 360]]"
qwen3-0.6b,metadata_free_prompt_final,gender,lemma-heldout,3,VERB,fem,0.6619718309859155,0.7230769230769231,0.6911764705882353,65,"[""fem"", ""masc""]","[[47, 18], [24, 69]]"
qwen3-0.6b,metadata_free_prompt_final,gender,lemma-heldout,3,VERB,masc,0.7931034482758621,0.7419354838709677,0.7666666666666667,93,"[""fem"", ""masc""]","[[47, 18], [24, 69]]"
qwen3-0.6b,metadata_free_prompt_final,gender,lemma-heldout,3,all,fem,0.7833333333333333,0.7855153203342619,0.7844228094575799,359,"[""fem"", ""masc""]","[[282, 77], [78, 503]]"
qwen3-0.6b,metadata_free_prompt_final,gender,lemma-heldout,3,all,masc,0.8672413793103448,0.8657487091222031,0.8664944013781223,581,"[""fem"", ""masc""]","[[282, 77], [78, 503]]"
qwen3-0.6b,metadata_free_prompt_final,gender,lemma-heldout,4,ADJ,fem,0.9156626506024096,0.9156626506024096,0.9156626506024096,166,"[""fem"", ""masc""]","[[152, 14], [14, 68]]"
qwen3-0.6b,metadata_free_prompt_final,gender,lemma-heldout,4,ADJ,masc,0.8292682926829268,0.8292682926829268,0.8292682926829268,82,"[""fem"", ""masc""]","[[152, 14], [14, 68]]"
qwen3-0.6b,metadata_free_prompt_final,gender,lemma-heldout,4,NOUN,fem,0.6974789915966386,0.772093023255814,0.7328918322295805,215,"[""fem"", ""masc""]","[[166, 49], [72, 251]]"
qwen3-0.6b,metadata_free_prompt_final,gender,lemma-heldout,4,NOUN,masc,0.8366666666666667,0.7770897832817337,0.8057784911717496,323,"[""fem"", ""masc""]","[[166, 49], [72, 251]]"
qwen3-0.6b,metadata_free_prompt_final,gender,lemma-heldout,4,VERB,fem,0.5692307692307692,0.6607142857142857,0.6115702479338843,56,"[""fem"", ""masc""]","[[37, 19], [28, 69]]"
qwen3-0.6b,metadata_free_prompt_final,gender,lemma-heldout,4,VERB,masc,0.7840909090909091,0.711340206185567,0.745945945945946,97,"[""fem"", ""masc""]","[[37, 19], [28, 69]]"
qwen3-0.6b,metadata_free_prompt_final,gender,lemma-heldout,4,all,fem,0.7569296375266524,0.8123569794050344,0.7836644591611479,437,"[""fem"", ""masc""]","[[355, 82], [114, 388]]"
qwen3-0.6b,metadata_free_prompt_final,gender,lemma-heldout,4,all,masc,0.825531914893617,0.7729083665338645,0.7983539094650206,502,"[""fem"", ""masc""]","[[355, 82], [114, 388]]"
qwen3-0.6b,metadata_free_prompt_final,gender,random,0,ADJ,fem,0.9611650485436893,0.9705882352941176,0.9658536585365853,102,"[""fem"", ""masc""]","[[99, 3], [4, 89]]"
qwen3-0.6b,metadata_free_prompt_final,gender,random,0,ADJ,masc,0.967391304347826,0.956989247311828,0.9621621621621622,93,"[""fem"", ""masc""]","[[99, 3], [4, 89]]"
qwen3-0.6b,metadata_free_prompt_final,gender,random,0,NOUN,fem,0.8963730569948186,0.9153439153439153,0.9057591623036649,189,"[""fem"", ""masc""]","[[173, 16], [20, 370]]"
qwen3-0.6b,metadata_free_prompt_final,gender,random,0,NOUN,masc,0.9585492227979274,0.9487179487179487,0.9536082474226805,390,"[""fem"", ""masc""]","[[173, 16], [20, 370]]"
qwen3-0.6b,metadata_free_prompt_final,gender,random,0,VERB,fem,0.9387755102040817,0.7540983606557377,0.8363636363636363,61,"[""fem"", ""masc""]","[[46, 15], [3, 102]]"
qwen3-0.6b,metadata_free_prompt_final,gender,random,0,VERB,masc,0.8717948717948718,0.9714285714285714,0.918918918918919,105,"[""fem"", ""masc""]","[[46, 15], [3, 102]]"
qwen3-0.6b,metadata_free_prompt_final,gender,random,0,all,fem,0.9217391304347826,0.9034090909090909,0.9124820659971306,352,"[""fem"", ""masc""]","[[318, 34], [27, 561]]"
qwen3-0.6b,metadata_free_prompt_final,gender,random,0,all,masc,0.9428571428571428,0.9540816326530612,0.94843617920541,588,"[""fem"", ""masc""]","[[318, 34], [27, 561]]"
qwen3-0.6b,metadata_free_prompt_final,gender,random,1,ADJ,fem,0.9620253164556962,0.9620253164556962,0.9620253164556962,79,"[""fem"", ""masc""]","[[76, 3], [3, 85]]"
qwen3-0.6b,metadata_free_prompt_final,gender,random,1,ADJ,masc,0.9659090909090909,0.9659090909090909,0.9659090909090909,88,"[""fem"", ""masc""]","[[76, 3], [3, 85]]"
qwen3-0.6b,metadata_free_prompt_final,gender,random,1,NOUN,fem,0.8974358974358975,0.9114583333333334,0.9043927648578811,192,"[""fem"", ""masc""]","[[175, 17], [20, 388]]"
qwen3-0.6b,metadata_free_prompt_final,gender,random,1,NOUN,masc,0.9580246913580247,0.9509803921568627,0.9544895448954489,408,"[""fem"", ""masc""]","[[175, 17], [20, 388]]"
qwen3-0.6b,metadata_free_prompt_final,gender,random,1,VERB,fem,0.9333333333333333,0.8641975308641975,0.8974358974358975,81,"[""fem"", ""masc""]","[[70, 11], [5, 87]]"
qwen3-0.6b,metadata_free_prompt_final,gender,random,1,VERB,masc,0.8877551020408163,0.9456521739130435,0.9157894736842105,92,"[""fem"", ""masc""]","[[70, 11], [5, 87]]"
qwen3-0.6b,metadata_free_prompt_final,gender,random,1,all,fem,0.9197707736389685,0.9119318181818182,0.9158345221112696,352,"[""fem"", ""masc""]","[[321, 31], [28, 560]]"
qwen3-0.6b,metadata_free_prompt_final,gender,random,1,all,masc,0.9475465313028765,0.9523809523809523,0.9499575911789653,588,"[""fem"", ""masc""]","[[321, 31], [28, 560]]"
qwen3-0.6b,metadata_free_prompt_final,gender,random,2,ADJ,fem,0.9611650485436893,0.9611650485436893,0.9611650485436893,103,"[""fem"", ""masc""]","[[99, 4], [4, 90]]"
qwen3-0.6b,metadata_free_prompt_final,gender,random,2,ADJ,masc,0.9574468085106383,0.9574468085106383,0.9574468085106383,94,"[""fem"", ""masc""]","[[99, 4], [4, 90]]"
qwen3-0.6b,metadata_free_prompt_final,gender,random,2,NOUN,fem,0.900497512437811,0.9141414141414141,0.9072681704260651,198,"[""fem"", ""masc""]","[[181, 17], [20, 369]]"
qwen3-0.6b,metadata_free_prompt_final,gender,random,2,NOUN,masc,0.9559585492227979,0.9485861182519281,0.952258064516129,389,"[""fem"", ""masc""]","[[181, 17], [20, 369]]"
qwen3-0.6b,metadata_free_prompt_final,gender,random,2,VERB,fem,0.8913043478260869,0.82,0.8541666666666666,50,"[""fem"", ""masc""]","[[41, 9], [5, 101]]"
qwen3-0.6b,metadata_free_prompt_final,gender,random,2,VERB,masc,0.9181818181818182,0.9528301886792453,0.9351851851851852,106,"[""fem"", ""masc""]","[[41, 9], [5, 101]]"
qwen3-0.6b,metadata_free_prompt_final,gender,random,2,all,fem,0.9171428571428571,0.9145299145299145,0.9158345221112696,351,"[""fem"", ""masc""]","[[321, 30], [29, 560]]"
qwen3-0.6b,metadata_free_prompt_final,gender,random,2,all,masc,0.9491525423728814,0.9507640067911715,0.9499575911789653,589,"[""fem"", ""masc""]","[[321, 30], [29, 560]]"
qwen3-0.6b,metadata_free_prompt_final,gender,random,3,ADJ,fem,0.9680851063829787,0.9680851063829787,0.9680851063829787,94,"[""fem"", ""masc""]","[[91, 3], [3, 70]]"
qwen3-0.6b,metadata_free_prompt_final,gender,random,3,ADJ,masc,0.958904109589041,0.958904109589041,0.958904109589041,73,"[""fem"", ""masc""]","[[91, 3], [3, 70]]"
qwen3-0.6b,metadata_free_prompt_final,gender,random,3,NOUN,fem,0.8939393939393939,0.9267015706806283,0.910025706940874,191,"[""fem"", ""masc""]","[[177, 14], [21, 391]]"
qwen3-0.6b,metadata_free_prompt_final,gender,random,3,NOUN,masc,0.9654320987654321,0.9490291262135923,0.9571603427172583,412,"[""fem"", ""masc""]","[[177, 14], [21, 391]]"
qwen3-0.6b,metadata_free_prompt_final,gender,random,3,VERB,fem,0.9310344827586207,0.8181818181818182,0.8709677419354839,66,"[""fem"", ""masc""]","[[54, 12], [4, 100]]"
qwen3-0.6b,metadata_free_prompt_final,gender,random,3,VERB,masc,0.8928571428571429,0.9615384615384616,0.9259259259259259,104,"[""fem"", ""masc""]","[[54, 12], [4, 100]]"
qwen3-0.6b,metadata_free_prompt_final,gender,random,3,all,fem,0.92,0.9173789173789174,0.9186875891583453,351,"[""fem"", ""masc""]","[[322, 29], [28, 561]]"
qwen3-0.6b,metadata_free_prompt_final,gender,random,3,all,masc,0.9508474576271186,0.9524617996604414,0.9516539440203562,589,"[""fem"", ""masc""]","[[322, 29], [28, 561]]"
qwen3-0.6b,metadata_free_prompt_final,gender,random,4,ADJ,fem,0.9690721649484536,0.9591836734693877,0.9641025641025641,98,"[""fem"", ""masc""]","[[94, 4], [3, 82]]"
qwen3-0.6b,metadata_free_prompt_final,gender,random,4,ADJ,masc,0.9534883720930233,0.9647058823529412,0.9590643274853801,85,"[""fem"", ""masc""]","[[94, 4], [3, 82]]"
qwen3-0.6b,metadata_free_prompt_final,gender,random,4,NOUN,fem,0.8924731182795699,0.8601036269430051,0.8759894459102903,193,"[""fem"", ""masc""]","[[166, 27], [20, 374]]"
qwen3-0.6b,metadata_free_prompt_final,gender,random,4,NOUN,masc,0.9326683291770573,0.949238578680203,0.9408805031446541,394,"[""fem"", ""masc""]","[[166, 27], [20, 374]]"
qwen3-0.6b,metadata_free_prompt_final,gender,random,4,VERB,fem,0.8307692307692308,0.9,0.864,60,"[""fem"", ""masc""]","[[54, 6], [11, 98]]"
qwen3-0.6b,metadata_free_prompt_final,gender,random,4,VERB,masc,0.9423076923076923,0.8990825688073395,0.92018779342723,109,"[""fem"", ""masc""]","[[54, 6], [11, 98]]"
qwen3-0.6b,metadata_free_prompt_final,gender,random,4,all,fem,0.9022988505747126,0.8945868945868946,0.8984263233190272,351,"[""fem"", ""masc""]","[[314, 37], [34, 554]]"
qwen3-0.6b,metadata_free_prompt_final,gender,random,4,all,masc,0.937394247038917,0.9421768707482994,0.9397794741306191,588,"[""fem"", ""masc""]","[[314, 37], [34, 554]]"
qwen3-0.6b,metadata_free_prompt_final,gender,root-heldout,0,ADJ,fem,0.8661417322834646,0.7333333333333333,0.7942238267148014,150,"[""fem"", ""masc""]","[[110, 40], [17, 114]]"
qwen3-0.6b,metadata_free_prompt_final,gender,root-heldout,0,ADJ,masc,0.7402597402597403,0.8702290076335878,0.8,131,"[""fem"", ""masc""]","[[110, 40], [17, 114]]"
qwen3-0.6b,metadata_free_prompt_final,gender,root-heldout,0,NOUN,fem,0.7076923076923077,0.7752808988764045,0.739946380697051,178,"[""fem"", ""masc""]","[[138, 40], [57, 294]]"
qwen3-0.6b,metadata_free_prompt_final,gender,root-heldout,0,NOUN,masc,0.8802395209580839,0.8376068376068376,0.8583941605839416,351,"[""fem"", ""masc""]","[[138, 40], [57, 294]]"
qwen3-0.6b,metadata_free_prompt_final,gender,root-heldout,0,VERB,fem,0.7272727272727273,0.8695652173913043,0.7920792079207921,46,"[""fem"", ""masc""]","[[40, 6], [15, 69]]"
qwen3-0.6b,metadata_free_prompt_final,gender,root-heldout,0,VERB,masc,0.92,0.8214285714285714,0.8679245283018868,84,"[""fem"", ""masc""]","[[40, 6], [15, 69]]"
qwen3-0.6b,metadata_free_prompt_final,gender,root-heldout,0,all,fem,0.7639257294429708,0.7700534759358288,0.7669773635153129,374,"[""fem"", ""masc""]","[[288, 86], [89, 477]]"
qwen3-0.6b,metadata_free_prompt_final,gender,root-heldout,0,all,masc,0.8472468916518651,0.842756183745583,0.8449955713020372,566,"[""fem"", ""masc""]","[[288, 86], [89, 477]]"
qwen3-0.6b,metadata_free_prompt_final,gender,root-heldout,1,ADJ,fem,0.7443609022556391,0.9252336448598131,0.825,107,"[""fem"", ""masc""]","[[99, 8], [34, 58]]"
qwen3-0.6b,metadata_free_prompt_final,gender,root-heldout,1,ADJ,masc,0.8787878787878788,0.6304347826086957,0.7341772151898734,92,"[""fem"", ""masc""]","[[99, 8], [34, 58]]"
qwen3-0.6b,metadata_free_prompt_final,gender,root-heldout,1,NOUN,fem,0.5403225806451613,0.788235294117647,0.6411483253588517,170,"[""fem"", ""masc""]","[[134, 36], [114, 316]]"
qwen3-0.6b,metadata_free_prompt_final,gender,root-heldout,1,NOUN,masc,0.8977272727272727,0.7348837209302326,0.8081841432225064,430,"[""fem"", ""masc""]","[[134, 36], [114, 316]]"
qwen3-0.6b,metadata_free_prompt_final,gender,root-heldout,1,VERB,fem,0.75,0.7090909090909091,0.7289719626168224,55,"[""fem"", ""masc""]","[[39, 16], [13, 73]]"
qwen3-0.6b,metadata_free_prompt_final,gender,root-heldout,1,VERB,masc,0.8202247191011236,0.8488372093023255,0.8342857142857143,86,"[""fem"", ""masc""]","[[39, 16], [13, 73]]"
qwen3-0.6b,metadata_free_prompt_final,gender,root-heldout,1,all,fem,0.628175519630485,0.8192771084337349,0.7111111111111111,332,"[""fem"", ""masc""]","[[272, 60], [161, 447]]"
qwen3-0.6b,metadata_free_prompt_final,gender,root-heldout,1,all,masc,0.8816568047337278,0.7351973684210527,0.8017937219730942,608,"[""fem"", ""masc""]","[[272, 60], [161, 447]]"
qwen3-0.6b,metadata_free_prompt_final,gender,root-heldout,2,ADJ,fem,0.8979591836734694,0.88,0.8888888888888888,100,"[""fem"", ""masc""]","[[88, 12], [10, 69]]"
qwen3-0.6b,metadata_free_prompt_final,gender,root-heldout,2,ADJ,masc,0.8518518518518519,0.8734177215189873,0.8625,79,"[""fem"", ""masc""]","[[88, 12], [10, 69]]"
qwen3-0.6b,metadata_free_prompt_final,gender,root-heldout,2,NOUN,fem,0.7208333333333333,0.667953667953668,0.6933867735470942,259,"[""fem"", ""masc""]","[[173, 86], [67, 262]]"
qwen3-0.6b,metadata_free_prompt_final,gender,root-heldout,2,NOUN,masc,0.7528735632183908,0.7963525835866262,0.7740029542097489,329,"[""fem"", ""masc""]","[[173, 86], [67, 262]]"
qwen3-0.6b,metadata_free_prompt_final,gender,root-heldout,2,VERB,fem,0.6666666666666666,0.8955223880597015,0.7643312101910829,67,"[""fem"", ""masc""]","[[60, 7], [30, 76]]"
qwen3-0.6b,metadata_free_prompt_final,gender,root-heldout,2,VERB,masc,0.9156626506024096,0.7169811320754716,0.8042328042328042,106,"[""fem"", ""masc""]","[[60, 7], [30, 76]]"
qwen3-0.6b,metadata_free_prompt_final,gender,root-heldout,2,all,fem,0.75,0.7535211267605634,0.7517564402810304,426,"[""fem"", ""masc""]","[[321, 105], [107, 407]]"
qwen3-0.6b,metadata_free_prompt_final,gender,root-heldout,2,all,masc,0.794921875,0.791828793774319,0.7933723196881092,514,"[""fem"", ""masc""]","[[321, 105], [107, 407]]"
qwen3-0.6b,metadata_free_prompt_final,gender,root-heldout,3,ADJ,fem,0.7857142857142857,0.7586206896551724,0.7719298245614035,58,"[""fem"", ""masc""]","[[44, 14], [12, 53]]"
qwen3-0.6b,metadata_free_prompt_final,gender,root-heldout,3,ADJ,masc,0.7910447761194029,0.8153846153846154,0.803030303030303,65,"[""fem"", ""masc""]","[[44, 14], [12, 53]]"
qwen3-0.6b,metadata_free_prompt_final,gender,root-heldout,3,NOUN,fem,0.6153846153846154,0.7417218543046358,0.6726726726726727,151,"[""fem"", ""masc""]","[[112, 39], [70, 416]]"
qwen3-0.6b,metadata_free_prompt_final,gender,root-heldout,3,NOUN,masc,0.9142857142857143,0.8559670781893004,0.8841657810839533,486,"[""fem"", ""masc""]","[[112, 39], [70, 416]]"
qwen3-0.6b,metadata_free_prompt_final,gender,root-heldout,3,VERB,fem,0.7894736842105263,0.75,0.7692307692307693,60,"[""fem"", ""masc""]","[[45, 15], [12, 108]]"
qwen3-0.6b,metadata_free_prompt_final,gender,root-heldout,3,VERB,masc,0.8780487804878049,0.9,0.8888888888888888,120,"[""fem"", ""masc""]","[[45, 15], [12, 108]]"
qwen3-0.6b,metadata_free_prompt_final,gender,root-heldout,3,all,fem,0.6813559322033899,0.7472118959107806,0.7127659574468085,269,"[""fem"", ""masc""]","[[201, 68], [94, 577]]"
qwen3-0.6b,metadata_free_prompt_final,gender,root-heldout,3,all,masc,0.8945736434108527,0.8599105812220567,0.8768996960486323,671,"[""fem"", ""masc""]","[[201, 68], [94, 577]]"
qwen3-0.6b,metadata_free_prompt_final,gender,root-heldout,4,ADJ,fem,0.8870967741935484,0.9016393442622951,0.8943089430894309,61,"[""fem"", ""masc""]","[[55, 6], [7, 59]]"
qwen3-0.6b,metadata_free_prompt_final,gender,root-heldout,4,ADJ,masc,0.9076923076923077,0.8939393939393939,0.9007633587786259,66,"[""fem"", ""masc""]","[[55, 6], [7, 59]]"
qwen3-0.6b,metadata_free_prompt_final,gender,root-heldout,4,NOUN,fem,0.7735849056603774,0.8,0.7865707434052758,205,"[""fem"", ""masc""]","[[164, 41], [48, 349]]"
qwen3-0.6b,metadata_free_prompt_final,gender,root-heldout,4,NOUN,masc,0.8948717948717949,0.8790931989924433,0.8869123252858958,397,"[""fem"", ""masc""]","[[164, 41], [48, 349]]"
qwen3-0.6b,metadata_free_prompt_final,gender,root-heldout,4,VERB,fem,0.9113924050632911,0.8,0.8520710059171598,90,"[""fem"", ""masc""]","[[72, 18], [7, 113]]"
qwen3-0.6b,metadata_free_prompt_final,gender,root-heldout,4,VERB,masc,0.8625954198473282,0.9416666666666667,0.900398406374502,120,"[""fem"", ""masc""]","[[72, 18], [7, 113]]"
qwen3-0.6b,metadata_free_prompt_final,gender,root-heldout,4,all,fem,0.8243626062322946,0.8174157303370787,0.8208744710860366,356,"[""fem"", ""masc""]","[[291, 65], [62, 521]]"
qwen3-0.6b,metadata_free_prompt_final,gender,root-heldout,4,all,masc,0.8890784982935154,0.8936535162950258,0.8913601368691189,583,"[""fem"", ""masc""]","[[291, 65], [62, 521]]"
qwen3-0.6b,metadata_free_prompt_final,number,lemma-heldout,0,ADJ,du,1.0,1.0,1.0,1,"[""du"", ""pl"", ""sg""]","[[1, 0, 0], [0, 2, 2], [0, 0, 146]]"
qwen3-0.6b,metadata_free_prompt_final,number,lemma-heldout,0,ADJ,pl,1.0,0.5,0.6666666666666666,4,"[""du"", ""pl"", ""sg""]","[[1, 0, 0], [0, 2, 2], [0, 0, 146]]"
qwen3-0.6b,metadata_free_prompt_final,number,lemma-heldout,0,ADJ,sg,0.9864864864864865,1.0,0.9931972789115646,146,"[""du"", ""pl"", ""sg""]","[[1, 0, 0], [0, 2, 2], [0, 0, 146]]"
qwen3-0.6b,metadata_free_prompt_final,number,lemma-heldout,0,NOUN,du,1.0,0.75,0.8571428571428571,4,"[""du"", ""pl"", ""sg""]","[[3, 1, 0], [0, 112, 44], [0, 17, 460]]"
qwen3-0.6b,metadata_free_prompt_final,number,lemma-heldout,0,NOUN,pl,0.8615384615384616,0.717948717948718,0.7832167832167832,156,"[""du"", ""pl"", ""sg""]","[[3, 1, 0], [0, 112, 44], [0, 17, 460]]"
qwen3-0.6b,metadata_free_prompt_final,number,lemma-heldout,0,NOUN,sg,0.9126984126984127,0.9643605870020965,0.9378185524974516,477,"[""du"", ""pl"", ""sg""]","[[3, 1, 0], [0, 112, 44], [0, 17, 460]]"
qwen3-0.6b,metadata_free_prompt_final,number,lemma-heldout,0,VERB,du,0.0,0.0,0.0,1,"[""du"", ""pl"", ""sg""]","[[0, 0, 1], [0, 8, 4], [0, 2, 137]]"
qwen3-0.6b,metadata_free_prompt_final,number,lemma-heldout,0,VERB,pl,0.8,0.6666666666666666,0.7272727272727273,12,"[""du"", ""pl"", ""sg""]","[[0, 0, 1], [0, 8, 4], [0, 2, 137]]"
qwen3-0.6b,metadata_free_prompt_final,number,lemma-heldout,0,VERB,sg,0.9647887323943662,0.9856115107913669,0.9750889679715302,139,"[""du"", ""pl"", ""sg""]","[[0, 0, 1], [0, 8, 4], [0, 2, 137]]"
qwen3-0.6b,metadata_free_prompt_final,number,lemma-heldout,0,all,du,1.0,0.6666666666666666,0.8,6,"[""du"", ""pl"", ""sg""]","[[4, 1, 1], [0, 122, 50], [0, 19, 743]]"
qwen3-0.6b,metadata_free_prompt_final,number,lemma-heldout,0,all,pl,0.8591549295774648,0.7093023255813954,0.7770700636942676,172,"[""du"", ""pl"", ""sg""]","[[4, 1, 1], [0, 122, 50], [0, 19, 743]]"
qwen3-0.6b,metadata_free_prompt_final,number,lemma-heldout,0,all,sg,0.9357682619647355,0.9750656167979003,0.9550128534704371,762,"[""du"", ""pl"", ""sg""]","[[4, 1, 1], [0, 122, 50], [0, 19, 743]]"
qwen3-0.6b,metadata_free_prompt_final,number,lemma-heldout,1,ADJ,pl,1.0,0.4,0.5714285714285714,5,"[""pl"", ""sg""]","[[2, 3], [0, 179]]"
qwen3-0.6b,metadata_free_prompt_final,number,lemma-heldout,1,ADJ,sg,0.9835164835164835,1.0,0.9916897506925207,179,"[""pl"", ""sg""]","[[2, 3], [0, 179]]"
qwen3-0.6b,metadata_free_prompt_final,number,lemma-heldout,1,NOUN,du,0.5,0.1111111111111111,0.18181818181818182,9,"[""du"", ""pl"", ""sg""]","[[1, 4, 4], [0, 85, 32], [1, 29, 426]]"
qwen3-0.6b,metadata_free_prompt_final,number,lemma-heldout,1,NOUN,pl,0.7203389830508474,0.7264957264957265,0.723404255319149,117,"[""du"", ""pl"", ""sg""]","[[1, 4, 4], [0, 85, 32], [1, 29, 426]]"
qwen3-0.6b,metadata_free_prompt_final,number,lemma-heldout,1,NOUN,sg,0.922077922077922,0.9342105263157895,0.9281045751633987,456,"[""du"", ""pl"", ""sg""]","[[1, 4, 4], [0, 85, 32], [1, 29, 426]]"
qwen3-0.6b,metadata_free_prompt_final,number,lemma-heldout,1,VERB,du,0.0,0.0,0.0,1,"[""du"", ""pl"", ""sg""]","[[0, 0, 1], [0, 12, 3], [1, 3, 154]]"
qwen3-0.6b,metadata_free_prompt_final,number,lemma-heldout,1,VERB,pl,0.8,0.8,0.8,15,"[""du"", ""pl"", ""sg""]","[[0, 0, 1], [0, 12, 3], [1, 3, 154]]"
qwen3-0.6b,metadata_free_prompt_final,number,lemma-heldout,1,VERB,sg,0.9746835443037974,0.9746835443037974,0.9746835443037974,158,"[""du"", ""pl"", ""sg""]","[[0, 0, 1], [0, 12, 3], [1, 3, 154]]"
qwen3-0.6b,metadata_free_prompt_final,number,lemma-heldout,1,all,du,0.3333333333333333,0.1,0.15384615384615385,10,"[""du"", ""pl"", ""sg""]","[[1, 4, 5], [0, 99, 38], [2, 32, 759]]"
qwen3-0.6b,metadata_free_prompt_final,number,lemma-heldout,1,all,pl,0.7333333333333333,0.7226277372262774,0.7279411764705882,137,"[""du"", ""pl"", ""sg""]","[[1, 4, 5], [0, 99, 38], [2, 32, 759]]"
qwen3-0.6b,metadata_free_prompt_final,number,lemma-heldout,1,all,sg,0.9463840399002493,0.957124842370744,0.9517241379310345,793,"[""du"", ""pl"", ""sg""]","[[1, 4, 5], [0, 99, 38], [2, 32, 759]]"
qwen3-0.6b,metadata_free_prompt_final,number,lemma-heldout,2,ADJ,pl,0.7142857142857143,1.0,0.8333333333333334,5,"[""pl"", ""sg""]","[[5, 0], [2, 148]]"
qwen3-0.6b,metadata_free_prompt_final,number,lemma-heldout,2,ADJ,sg,1.0,0.9866666666666667,0.9932885906040269,150,"[""pl"", ""sg""]","[[5, 0], [2, 148]]"
qwen3-0.6b,metadata_free_prompt_final,number,lemma-heldout,2,NOUN,du,1.0,0.1111111111111111,0.2,9,"[""du"", ""pl"", ""sg""]","[[1, 1, 7], [0, 97, 36], [0, 20, 426]]"
qwen3-0.6b,metadata_free_prompt_final,number,lemma-heldout,2,NOUN,pl,0.8220338983050848,0.7293233082706767,0.7729083665338645,133,"[""du"", ""pl"", ""sg""]","[[1, 1, 7], [0, 97, 36], [0, 20, 426]]"
qwen3-0.6b,metadata_free_prompt_final,number,lemma-heldout,2,NOUN,sg,0.908315565031983,0.9551569506726457,0.9311475409836065,446,"[""du"", ""pl"", ""sg""]","[[1, 1, 7], [0, 97, 36], [0, 20, 426]]"
qwen3-0.6b,metadata_free_prompt_final,number,lemma-heldout,2,VERB,du,0.0,0.0,0.0,2,"[""du"", ""pl"", ""sg""]","[[0, 1, 1], [0, 11, 1], [0, 3, 180]]"
qwen3-0.6b,metadata_free_prompt_final,number,lemma-heldout,2,VERB,pl,0.7333333333333333,0.9166666666666666,0.8148148148148148,12,"[""du"", ""pl"", ""sg""]","[[0, 1, 1], [0, 11, 1], [0, 3, 180]]"
qwen3-0.6b,metadata_free_prompt_final,number,lemma-heldout,2,VERB,sg,0.989010989010989,0.9836065573770492,0.9863013698630136,183,"[""du"", ""pl"", ""sg""]","[[0, 1, 1], [0, 11, 1], [0, 3, 180]]"
qwen3-0.6b,metadata_free_prompt_final,number,lemma-heldout,2,all,du,1.0,0.09090909090909091,0.16666666666666666,11,"[""du"", ""pl"", ""sg""]","[[1, 2, 8], [0, 113, 37], [0, 25, 754]]"
qwen3-0.6b,metadata_free_prompt_final,number,lemma-heldout,2,all,pl,0.8071428571428572,0.7533333333333333,0.7793103448275862,150,"[""du"", ""pl"", ""sg""]","[[1, 2, 8], [0, 113, 37], [0, 25, 754]]"
qwen3-0.6b,metadata_free_prompt_final,number,lemma-heldout,2,all,sg,0.9436795994993742,0.9679075738125802,0.9556400506970849,779,"[""du"", ""pl"", ""sg""]","[[1, 2, 8], [0, 113, 37], [0, 25, 754]]"
qwen3-0.6b,metadata_free_prompt_final,number,lemma-heldout,3,ADJ,du,1.0,0.5,0.6666666666666666,2,"[""du"", ""pl"", ""sg""]","[[1, 1, 0], [0, 2, 0], [0, 10, 157]]"
qwen3-0.6b,metadata_free_prompt_final,number,lemma-heldout,3,ADJ,pl,0.15384615384615385,1.0,0.26666666666666666,2,"[""du"", ""pl"", ""sg""]","[[1, 1, 0], [0, 2, 0], [0, 10, 157]]"
qwen3-0.6b,metadata_free_prompt_final,number,lemma-heldout,3,ADJ,sg,1.0,0.9401197604790419,0.9691358024691358,167,"[""du"", ""pl"", ""sg""]","[[1, 1, 0], [0, 2, 0], [0, 10, 157]]"
qwen3-0.6b,metadata_free_prompt_final,number,lemma-heldout,3,NOUN,du,1.0,0.5555555555555556,0.7142857142857143,9,"[""du"", ""pl"", ""sg""]","[[5, 4, 0], [0, 91, 21], [0, 19, 471]]"
qwen3-0.6b,metadata_free_prompt_final,number,lemma-heldout,3,NOUN,pl,0.7982456140350878,0.8125,0.8053097345132744,112,"[""du"", ""pl"", ""sg""]","[[5, 4, 0], [0, 91, 21], [0, 19, 471]]"
qwen3-0.6b,metadata_free_prompt_final,number,lemma-heldout,3,NOUN,sg,0.9573170731707317,0.9612244897959183,0.9592668024439919,490,"[""du"", ""pl"", ""sg""]","[[5, 4, 0], [0, 91, 21], [0, 19, 471]]"
qwen3-0.6b,metadata_free_prompt_final,number,lemma-heldout,3,VERB,du,1.0,1.0,1.0,1,"[""du"", ""pl"", ""sg""]","[[1, 0, 0], [0, 8, 0], [0, 5, 144]]"
qwen3-0.6b,metadata_free_prompt_final,number,lemma-heldout,3,VERB,pl,0.6153846153846154,1.0,0.7619047619047619,8,"[""du"", ""pl"", ""sg""]","[[1, 0, 0], [0, 8, 0], [0, 5, 144]]"
qwen3-0.6b,metadata_free_prompt_final,number,lemma-heldout,3,VERB,sg,1.0,0.9664429530201343,0.9829351535836177,149,"[""du"", ""pl"", ""sg""]","[[1, 0, 0], [0, 8, 0], [0, 5, 144]]"
qwen3-0.6b,metadata_free_prompt_final,number,lemma-heldout,3,all,du,1.0,0.5833333333333334,0.7368421052631579,12,"[""du"", ""pl"", ""sg""]","[[7, 5, 0], [0, 101, 21], [0, 34, 772]]"
qwen3-0.6b,metadata_free_prompt_final,number,lemma-heldout,3,all,pl,0.7214285714285714,0.8278688524590164,0.7709923664122137,122,"[""du"", ""pl"", ""sg""]","[[7, 5, 0], [0, 101, 21], [0, 34, 772]]"
qwen3-0.6b,metadata_free_prompt_final,number,lemma-heldout,3,all,sg,0.9735182849936949,0.9578163771712159,0.965603502188868,806,"[""du"", ""pl"", ""sg""]","[[7, 5, 0], [0, 101, 21], [0, 34, 772]]"
qwen3-0.6b,metadata_free_prompt_final,number,lemma-heldout,4,ADJ,du,1.0,0.5,0.6666666666666666,2,"[""du"", ""pl"", ""sg""]","[[1, 0, 1], [0, 2, 0], [0, 6, 238]]"
qwen3-0.6b,metadata_free_prompt_final,number,lemma-heldout,4,ADJ,pl,0.25,1.0,0.4,2,"[""du"", ""pl"", ""sg""]","[[1, 0, 1], [0, 2, 0], [0, 6, 238]]"
qwen3-0.6b,metadata_free_prompt_final,number,lemma-heldout,4,ADJ,sg,0.99581589958159,0.9754098360655737,0.9855072463768116,244,"[""du"", ""pl"", ""sg""]","[[1, 0, 1], [0, 2, 0], [0, 6, 238]]"
qwen3-0.6b,metadata_free_prompt_final,number,lemma-heldout,4,NOUN,du,1.0,0.5,0.6666666666666666,2,"[""du"", ""pl"", ""sg""]","[[1, 1, 0], [0, 91, 22], [0, 21, 402]]"
qwen3-0.6b,metadata_free_prompt_final,number,lemma-heldout,4,NOUN,pl,0.8053097345132744,0.8053097345132744,0.8053097345132744,113,"[""du"", ""pl"", ""sg""]","[[1, 1, 0], [0, 91, 22], [0, 21, 402]]"
qwen3-0.6b,metadata_free_prompt_final,number,lemma-heldout,4,NOUN,sg,0.9481132075471698,0.950354609929078,0.9492325855962219,423,"[""du"", ""pl"", ""sg""]","[[1, 1, 0], [0, 91, 22], [0, 21, 402]]"
qwen3-0.6b,metadata_free_prompt_final,number,lemma-heldout,4,VERB,du,1.0,0.5,0.6666666666666666,2,"[""du"", ""pl"", ""sg""]","[[1, 1, 0], [0, 3, 1], [0, 8, 139]]"
qwen3-0.6b,metadata_free_prompt_final,number,lemma-heldout,4,VERB,pl,0.25,0.75,0.375,4,"[""du"", ""pl"", ""sg""]","[[1, 1, 0], [0, 3, 1], [0, 8, 139]]"
qwen3-0.6b,metadata_free_prompt_final,number,lemma-heldout,4,VERB,sg,0.9928571428571429,0.9455782312925171,0.9686411149825784,147,"[""du"", ""pl"", ""sg""]","[[1, 1, 0], [0, 3, 1], [0, 8, 139]]"
qwen3-0.6b,metadata_free_prompt_final,number,lemma-heldout,4,all,du,1.0,0.5,0.6666666666666666,6,"[""du"", ""pl"", ""sg""]","[[3, 2, 1], [0, 96, 23], [0, 35, 779]]"
qwen3-0.6b,metadata_free_prompt_final,number,lemma-heldout,4,all,pl,0.7218045112781954,0.8067226890756303,0.7619047619047619,119,"[""du"", ""pl"", ""sg""]","[[3, 2, 1], [0, 96, 23], [0, 35, 779]]"
qwen3-0.6b,metadata_free_prompt_final,number,lemma-heldout,4,all,sg,0.9701120797011208,0.957002457002457,0.9635126777983921,814,"[""du"", ""pl"", ""sg""]","[[3, 2, 1], [0, 96, 23], [0, 35, 779]]"
qwen3-0.6b,metadata_free_prompt_final,number,random,0,ADJ,pl,0.3333333333333333,1.0,0.5,1,"[""pl"", ""sg""]","[[1, 0], [2, 176]]"
qwen3-0.6b,metadata_free_prompt_final,number,random,0,ADJ,sg,1.0,0.9887640449438202,0.9943502824858758,178,"[""pl"", ""sg""]","[[1, 0], [2, 176]]"
qwen3-0.6b,metadata_free_prompt_final,number,random,0,NOUN,du,1.0,0.375,0.5454545454545454,8,"[""du"", ""pl"", ""sg""]","[[3, 4, 1], [0, 122, 8], [0, 9, 457]]"
qwen3-0.6b,metadata_free_prompt_final,number,random,0,NOUN,pl,0.9037037037037037,0.9384615384615385,0.9207547169811321,130,"[""du"", ""pl"", ""sg""]","[[3, 4, 1], [0, 122, 8], [0, 9, 457]]"
qwen3-0.6b,metadata_free_prompt_final,number,random,0,NOUN,sg,0.98068669527897,0.98068669527897,0.98068669527897,466,"[""du"", ""pl"", ""sg""]","[[3, 4, 1], [0, 122, 8], [0, 9, 457]]"
qwen3-0.6b,metadata_free_prompt_final,number,random,0,VERB,du,0.0,0.0,0.0,1,"[""du"", ""pl"", ""sg""]","[[0, 0, 1], [0, 8, 1], [0, 6, 141]]"
qwen3-0.6b,metadata_free_prompt_final,number,random,0,VERB,pl,0.5714285714285714,0.8888888888888888,0.6956521739130435,9,"[""du"", ""pl"", ""sg""]","[[0, 0, 1], [0, 8, 1], [0, 6, 141]]"
qwen3-0.6b,metadata_free_prompt_final,number,random,0,VERB,sg,0.986013986013986,0.9591836734693877,0.9724137931034482,147,"[""du"", ""pl"", ""sg""]","[[0, 0, 1], [0, 8, 1], [0, 6, 141]]"
qwen3-0.6b,metadata_free_prompt_final,number,random,0,all,du,1.0,0.3333333333333333,0.5,9,"[""du"", ""pl"", ""sg""]","[[3, 4, 2], [0, 131, 9], [0, 17, 774]]"
qwen3-0.6b,metadata_free_prompt_final,number,random,0,all,pl,0.8618421052631579,0.9357142857142857,0.8972602739726028,140,"[""du"", ""pl"", ""sg""]","[[3, 4, 2], [0, 131, 9], [0, 17, 774]]"
qwen3-0.6b,metadata_free_prompt_final,number,random,0,all,sg,0.9859872611464968,0.9785082174462706,0.9822335025380711,791,"[""du"", ""pl"", ""sg""]","[[3, 4, 2], [0, 131, 9], [0, 17, 774]]"
qwen3-0.6b,metadata_free_prompt_final,number,random,1,ADJ,du,1.0,0.5,0.6666666666666666,2,"[""du"", ""pl"", ""sg""]","[[1, 0, 1], [0, 5, 1], [0, 2, 184]]"
qwen3-0.6b,metadata_free_prompt_final,number,random,1,ADJ,pl,0.7142857142857143,0.8333333333333334,0.7692307692307693,6,"[""du"", ""pl"", ""sg""]","[[1, 0, 1], [0, 5, 1], [0, 2, 184]]"
qwen3-0.6b,metadata_free_prompt_final,number,random,1,ADJ,sg,0.989247311827957,0.989247311827957,0.989247311827957,186,"[""du"", ""pl"", ""sg""]","[[1, 0, 1], [0, 5, 1], [0, 2, 184]]"
qwen3-0.6b,metadata_free_prompt_final,number,random,1,NOUN,du,1.0,0.3333333333333333,0.5,6,"[""du"", ""pl"", ""sg""]","[[2, 1, 3], [0, 106, 19], [0, 6, 443]]"
qwen3-0.6b,metadata_free_prompt_final,number,random,1,NOUN,pl,0.9380530973451328,0.848,0.8907563025210085,125,"[""du"", ""pl"", ""sg""]","[[2, 1, 3], [0, 106, 19], [0, 6, 443]]"
qwen3-0.6b,metadata_free_prompt_final,number,random,1,NOUN,sg,0.9526881720430107,0.9866369710467706,0.9693654266958425,449,"[""du"", ""pl"", ""sg""]","[[2, 1, 3], [0, 106, 19], [0, 6, 443]]"
qwen3-0.6b,metadata_free_prompt_final,number,random,1,VERB,du,0.0,0.0,0.0,1,"[""du"", ""pl"", ""sg""]","[[0, 1, 0], [0, 8, 1], [0, 1, 155]]"
qwen3-0.6b,metadata_free_prompt_final,number,random,1,VERB,pl,0.8,0.8888888888888888,0.8421052631578947,9,"[""du"", ""pl"", ""sg""]","[[0, 1, 0], [0, 8, 1], [0, 1, 155]]"
qwen3-0.6b,metadata_free_prompt_final,number,random,1,VERB,sg,0.9935897435897436,0.9935897435897436,0.9935897435897436,156,"[""du"", ""pl"", ""sg""]","[[0, 1, 0], [0, 8, 1], [0, 1, 155]]"
qwen3-0.6b,metadata_free_prompt_final,number,random,1,all,du,1.0,0.3333333333333333,0.5,9,"[""du"", ""pl"", ""sg""]","[[3, 2, 4], [0, 119, 21], [0, 9, 782]]"
qwen3-0.6b,metadata_free_prompt_final,number,random,1,all,pl,0.9153846153846154,0.85,0.8814814814814815,140,"[""du"", ""pl"", ""sg""]","[[3, 2, 4], [0, 119, 21], [0, 9, 782]]"
qwen3-0.6b,metadata_free_prompt_final,number,random,1,all,sg,0.9690210656753407,0.988621997471555,0.9787234042553191,791,"[""du"", ""pl"", ""sg""]","[[3, 2, 4], [0, 119, 21], [0, 9, 782]]"
qwen3-0.6b,metadata_free_prompt_final,number,random,2,ADJ,pl,0.42857142857142855,1.0,0.6,3,"[""pl"", ""sg""]","[[3, 0], [4, 162]]"
qwen3-0.6b,metadata_free_prompt_final,number,random,2,ADJ,sg,1.0,0.9759036144578314,0.9878048780487805,166,"[""pl"", ""sg""]","[[3, 0], [4, 162]]"
qwen3-0.6b,metadata_free_prompt_final,number,random,2,NOUN,du,1.0,0.3333333333333333,0.5,6,"[""du"", ""pl"", ""sg""]","[[2, 3, 1], [0, 114, 12], [0, 6, 456]]"
qwen3-0.6b,metadata_free_prompt_final,number,random,2,NOUN,pl,0.926829268292683,0.9047619047619048,0.9156626506024096,126,"[""du"", ""pl"", ""sg""]","[[2, 3, 1], [0, 114, 12], [0, 6, 456]]"
qwen3-0.6b,metadata_free_prompt_final,number,random,2,NOUN,sg,0.9722814498933902,0.987012987012987,0.9795918367346939,462,"[""du"", ""pl"", ""sg""]","[[2, 3, 1], [0, 114, 12], [0, 6, 456]]"
qwen3-0.6b,metadata_free_prompt_final,number,random,2,VERB,du,0.0,0.0,0.0,3,"[""du"", ""pl"", ""sg""]","[[0, 1, 2], [0, 10, 1], [0, 1, 162]]"
qwen3-0.6b,metadata_free_prompt_final,number,random,2,VERB,pl,0.8333333333333334,0.9090909090909091,0.8695652173913043,11,"[""du"", ""pl"", ""sg""]","[[0, 1, 2], [0, 10, 1], [0, 1, 162]]"
qwen3-0.6b,metadata_free_prompt_final,number,random,2,VERB,sg,0.9818181818181818,0.9938650306748467,0.9878048780487805,163,"[""du"", ""pl"", ""sg""]","[[0, 1, 2], [0, 10, 1], [0, 1, 162]]"
qwen3-0.6b,metadata_free_prompt_final,number,random,2,all,du,1.0,0.2222222222222222,0.36363636363636365,9,"[""du"", ""pl"", ""sg""]","[[2, 4, 3], [0, 127, 13], [0, 11, 780]]"
qwen3-0.6b,metadata_free_prompt_final,number,random,2,all,pl,0.8943661971830986,0.9071428571428571,0.900709219858156,140,"[""du"", ""pl"", ""sg""]","[[2, 4, 3], [0, 127, 13], [0, 11, 780]]"
qwen3-0.6b,metadata_free_prompt_final,number,random,2,all,sg,0.9798994974874372,0.9860935524652339,0.9829867674858223,791,"[""du"", ""pl"", ""sg""]","[[2, 4, 3], [0, 127, 13], [0, 11, 780]]"
qwen3-0.6b,metadata_free_prompt_final,number,random,3,ADJ,du,1.0,1.0,1.0,3,"[""du"", ""pl"", ""sg""]","[[3, 0, 0], [0, 4, 0], [0, 1, 186]]"
qwen3-0.6b,metadata_free_prompt_final,number,random,3,ADJ,pl,0.8,1.0,0.8888888888888888,4,"[""du"", ""pl"", ""sg""]","[[3, 0, 0], [0, 4, 0], [0, 1, 186]]"
qwen3-0.6b,metadata_free_prompt_final,number,random,3,ADJ,sg,1.0,0.9946524064171123,0.9973190348525469,187,"[""du"", ""pl"", ""sg""]","[[3, 0, 0], [0, 4, 0], [0, 1, 186]]"
qwen3-0.6b,metadata_free_prompt_final,number,random,3,NOUN,du,1.0,0.8333333333333334,0.9090909090909091,6,"[""du"", ""pl"", ""sg""]","[[5, 1, 0], [0, 110, 13], [0, 8, 424]]"
qwen3-0.6b,metadata_free_prompt_final,number,random,3,NOUN,pl,0.9243697478991597,0.8943089430894309,0.9090909090909091,123,"[""du"", ""pl"", ""sg""]","[[5, 1, 0], [0, 110, 13], [0, 8, 424]]"
qwen3-0.6b,metadata_free_prompt_final,number,random,3,NOUN,sg,0.9702517162471396,0.9814814814814815,0.9758342922899885,432,"[""du"", ""pl"", ""sg""]","[[5, 1, 0], [0, 110, 13], [0, 8, 424]]"
qwen3-0.6b,metadata_free_prompt_final,number,random,3,VERB,pl,1.0,0.8461538461538461,0.9166666666666666,13,"[""pl"", ""sg""]","[[11, 2], [0, 172]]"
qwen3-0.6b,metadata_free_prompt_final,number,random,3,VERB,sg,0.9885057471264368,1.0,0.9942196531791907,172,"[""pl"", ""sg""]","[[11, 2], [0, 172]]"
qwen3-0.6b,metadata_free_prompt_final,number,random,3,all,du,1.0,0.8888888888888888,0.9411764705882353,9,"[""du"", ""pl"", ""sg""]","[[8, 1, 0], [0, 125, 15], [0, 9, 782]]"
qwen3-0.6b,metadata_free_prompt_final,number,random,3,all,pl,0.9259259259259259,0.8928571428571429,0.9090909090909091,140,"[""du"", ""pl"", ""sg""]","[[8, 1, 0], [0, 125, 15], [0, 9, 782]]"
qwen3-0.6b,metadata_free_prompt_final,number,random,3,all,sg,0.9811794228356336,0.988621997471555,0.9848866498740554,791,"[""du"", ""pl"", ""sg""]","[[8, 1, 0], [0, 125, 15], [0, 9, 782]]"
qwen3-0.6b,metadata_free_prompt_final,number,random,4,ADJ,pl,0.6666666666666666,1.0,0.8,4,"[""pl"", ""sg""]","[[4, 0], [2, 167]]"
qwen3-0.6b,metadata_free_prompt_final,number,random,4,ADJ,sg,1.0,0.9881656804733728,0.9940476190476191,169,"[""pl"", ""sg""]","[[4, 0], [2, 167]]"
qwen3-0.6b,metadata_free_prompt_final,number,random,4,NOUN,du,1.0,0.5714285714285714,0.7272727272727273,7,"[""du"", ""pl"", ""sg""]","[[4, 3, 0], [0, 114, 13], [0, 5, 478]]"
qwen3-0.6b,metadata_free_prompt_final,number,random,4,NOUN,pl,0.9344262295081968,0.8976377952755905,0.9156626506024096,127,"[""du"", ""pl"", ""sg""]","[[4, 3, 0], [0, 114, 13], [0, 5, 478]]"
qwen3-0.6b,metadata_free_prompt_final,number,random,4,NOUN,sg,0.9735234215885947,0.989648033126294,0.9815195071868583,483,"[""du"", ""pl"", ""sg""]","[[4, 3, 0], [0, 114, 13], [0, 5, 478]]"
qwen3-0.6b,metadata_free_prompt_final,number,random,4,VERB,du,0.0,0.0,0.0,2,"[""du"", ""pl"", ""sg""]","[[0, 1, 1], [0, 6, 3], [2, 2, 134]]"
qwen3-0.6b,metadata_free_prompt_final,number,random,4,VERB,pl,0.6666666666666666,0.6666666666666666,0.6666666666666666,9,"[""du"", ""pl"", ""sg""]","[[0, 1, 1], [0, 6, 3], [2, 2, 134]]"
qwen3-0.6b,metadata_free_prompt_final,number,random,4,VERB,sg,0.9710144927536232,0.9710144927536232,0.9710144927536232,138,"[""du"", ""pl"", ""sg""]","[[0, 1, 1], [0, 6, 3], [2, 2, 134]]"
qwen3-0.6b,metadata_free_prompt_final,number,random,4,all,du,0.6666666666666666,0.4444444444444444,0.5333333333333333,9,"[""du"", ""pl"", ""sg""]","[[4, 4, 1], [0, 124, 16], [2, 9, 779]]"
qwen3-0.6b,metadata_free_prompt_final,number,random,4,all,pl,0.9051094890510949,0.8857142857142857,0.8953068592057761,140,"[""du"", ""pl"", ""sg""]","[[4, 4, 1], [0, 124, 16], [2, 9, 779]]"
qwen3-0.6b,metadata_free_prompt_final,number,random,4,all,sg,0.9786432160804021,0.9860759493670886,0.9823455233291298,790,"[""du"", ""pl"", ""sg""]","[[4, 4, 1], [0, 124, 16], [2, 9, 779]]"
qwen3-0.6b,metadata_free_prompt_final,number,root-heldout,0,ADJ,du,1.0,1.0,1.0,1,"[""du"", ""pl"", ""sg""]","[[1, 0, 0], [0, 3, 0], [0, 31, 246]]"
qwen3-0.6b,metadata_free_prompt_final,number,root-heldout,0,ADJ,pl,0.08823529411764706,1.0,0.16216216216216217,3,"[""du"", ""pl"", ""sg""]","[[1, 0, 0], [0, 3, 0], [0, 31, 246]]"
qwen3-0.6b,metadata_free_prompt_final,number,root-heldout,0,ADJ,sg,1.0,0.8880866425992779,0.9407265774378585,277,"[""du"", ""pl"", ""sg""]","[[1, 0, 0], [0, 3, 0], [0, 31, 246]]"
qwen3-0.6b,metadata_free_prompt_final,number,root-heldout,0,NOUN,du,1.0,0.4,0.5714285714285714,5,"[""du"", ""pl"", ""sg""]","[[2, 2, 1], [0, 74, 30], [0, 18, 402]]"
qwen3-0.6b,metadata_free_prompt_final,number,root-heldout,0,NOUN,pl,0.7872340425531915,0.7115384615384616,0.7474747474747475,104,"[""du"", ""pl"", ""sg""]","[[2, 2, 1], [0, 74, 30], [0, 18, 402]]"
qwen3-0.6b,metadata_free_prompt_final,number,root-heldout,0,NOUN,sg,0.9284064665127021,0.9571428571428572,0.9425556858147714,420,"[""du"", ""pl"", ""sg""]","[[2, 2, 1], [0, 74, 30], [0, 18, 402]]"
qwen3-0.6b,metadata_free_prompt_final,number,root-heldout,0,VERB,du,1.0,1.0,1.0,1,"[""du"", ""pl"", ""sg""]","[[1, 0, 0], [0, 13, 1], [0, 12, 103]]"
qwen3-0.6b,metadata_free_prompt_final,number,root-heldout,0,VERB,pl,0.52,0.9285714285714286,0.6666666666666666,14,"[""du"", ""pl"", ""sg""]","[[1, 0, 0], [0, 13, 1], [0, 12, 103]]"
qwen3-0.6b,metadata_free_prompt_final,number,root-heldout,0,VERB,sg,0.9903846153846154,0.8956521739130435,0.9406392694063926,115,"[""du"", ""pl"", ""sg""]","[[1, 0, 0], [0, 13, 1], [0, 12, 103]]"
qwen3-0.6b,metadata_free_prompt_final,number,root-heldout,0,all,du,1.0,0.5714285714285714,0.7272727272727273,7,"[""du"", ""pl"", ""sg""]","[[4, 2, 1], [0, 90, 31], [0, 61, 751]]"
qwen3-0.6b,metadata_free_prompt_final,number,root-heldout,0,all,pl,0.5882352941176471,0.743801652892562,0.656934306569343,121,"[""du"", ""pl"", ""sg""]","[[4, 2, 1], [0, 90, 31], [0, 61, 751]]"
qwen3-0.6b,metadata_free_prompt_final,number,root-heldout,0,all,sg,0.9591315453384419,0.9248768472906403,0.941692789968652,812,"[""du"", ""pl"", ""sg""]","[[4, 2, 1], [0, 90, 31], [0, 61, 751]]"
qwen3-0.6b,metadata_free_prompt_final,number,root-heldout,1,ADJ,du,1.0,1.0,1.0,2,"[""du"", ""pl"", ""sg""]","[[2, 0, 0], [0, 1, 0], [0, 6, 190]]"
qwen3-0.6b,metadata_free_prompt_final,number,root-heldout,1,ADJ,pl,0.14285714285714285,1.0,0.25,1,"[""du"", ""pl"", ""sg""]","[[2, 0, 0], [0, 1, 0], [0, 6, 190]]"
qwen3-0.6b,metadata_free_prompt_final,number,root-heldout,1,ADJ,sg,1.0,0.9693877551020408,0.9844559585492227,196,"[""du"", ""pl"", ""sg""]","[[2, 0, 0], [0, 1, 0], [0, 6, 190]]"
qwen3-0.6b,metadata_free_prompt_final,number,root-heldout,1,NOUN,du,0.3333333333333333,0.14285714285714285,0.2,7,"[""du"", ""pl"", ""sg""]","[[1, 3, 3], [0, 62, 24], [2, 15, 490]]"
qwen3-0.6b,metadata_free_prompt_final,number,root-heldout,1,NOUN,pl,0.775,0.7209302325581395,0.7469879518072289,86,"[""du"", ""pl"", ""sg""]","[[1, 3, 3], [0, 62, 24], [2, 15, 490]]"
qwen3-0.6b,metadata_free_prompt_final,number,root-heldout,1,NOUN,sg,0.9477756286266924,0.9664694280078896,0.95703125,507,"[""du"", ""pl"", ""sg""]","[[1, 3, 3], [0, 62, 24], [2, 15, 490]]"
qwen3-0.6b,metadata_free_prompt_final,number,root-heldout,1,VERB,du,0.0,0.0,0.0,2,"[""du"", ""pl"", ""sg""]","[[0, 0, 2], [0, 7, 1], [2, 3, 126]]"
qwen3-0.6b,metadata_free_prompt_final,number,root-heldout,1,VERB,pl,0.7,0.875,0.7777777777777778,8,"[""du"", ""pl"", ""sg""]","[[0, 0, 2], [0, 7, 1], [2, 3, 126]]"
qwen3-0.6b,metadata_free_prompt_final,number,root-heldout,1,VERB,sg,0.9767441860465116,0.9618320610687023,0.9692307692307692,131,"[""du"", ""pl"", ""sg""]","[[0, 0, 2], [0, 7, 1], [2, 3, 126]]"
qwen3-0.6b,metadata_free_prompt_final,number,root-heldout,1,all,du,0.42857142857142855,0.2727272727272727,0.3333333333333333,11,"[""du"", ""pl"", ""sg""]","[[3, 3, 5], [0, 70, 25], [4, 24, 806]]"
qwen3-0.6b,metadata_free_prompt_final,number,root-heldout,1,all,pl,0.7216494845360825,0.7368421052631579,0.7291666666666666,95,"[""du"", ""pl"", ""sg""]","[[3, 3, 5], [0, 70, 25], [4, 24, 806]]"
qwen3-0.6b,metadata_free_prompt_final,number,root-heldout,1,all,sg,0.9641148325358851,0.9664268585131894,0.9652694610778443,834,"[""du"", ""pl"", ""sg""]","[[3, 3, 5], [0, 70, 25], [4, 24, 806]]"
qwen3-0.6b,metadata_free_prompt_final,number,root-heldout,2,ADJ,pl,1.0,0.8333333333333334,0.9090909090909091,6,"[""pl"", ""sg""]","[[5, 1], [0, 173]]"
qwen3-0.6b,metadata_free_prompt_final,number,root-heldout,2,ADJ,sg,0.9942528735632183,1.0,0.9971181556195965,173,"[""pl"", ""sg""]","[[5, 1], [0, 173]]"
qwen3-0.6b,metadata_free_prompt_final,number,root-heldout,2,NOUN,du,1.0,0.5,0.6666666666666666,2,"[""du"", ""pl"", ""sg""]","[[1, 0, 1], [0, 108, 36], [0, 7, 435]]"
qwen3-0.6b,metadata_free_prompt_final,number,root-heldout,2,NOUN,pl,0.9391304347826087,0.75,0.833976833976834,144,"[""du"", ""pl"", ""sg""]","[[1, 0, 1], [0, 108, 36], [0, 7, 435]]"
qwen3-0.6b,metadata_free_prompt_final,number,root-heldout,2,NOUN,sg,0.9216101694915254,0.9841628959276018,0.9518599562363238,442,"[""du"", ""pl"", ""sg""]","[[1, 0, 1], [0, 108, 36], [0, 7, 435]]"
qwen3-0.6b,metadata_free_prompt_final,number,root-heldout,2,VERB,du,0.5,0.5,0.5,2,"[""du"", ""pl"", ""sg""]","[[1, 0, 1], [1, 10, 0], [0, 5, 155]]"
qwen3-0.6b,metadata_free_prompt_final,number,root-heldout,2,VERB,pl,0.6666666666666666,0.9090909090909091,0.7692307692307693,11,"[""du"", ""pl"", ""sg""]","[[1, 0, 1], [1, 10, 0], [0, 5, 155]]"
qwen3-0.6b,metadata_free_prompt_final,number,root-heldout,2,VERB,sg,0.9935897435897436,0.96875,0.9810126582278481,160,"[""du"", ""pl"", ""sg""]","[[1, 0, 1], [1, 10, 0], [0, 5, 155]]"
qwen3-0.6b,metadata_free_prompt_final,number,root-heldout,2,all,du,0.6666666666666666,0.5,0.5714285714285714,4,"[""du"", ""pl"", ""sg""]","[[2, 0, 2], [1, 123, 37], [0, 12, 763]]"
qwen3-0.6b,metadata_free_prompt_final,number,root-heldout,2,all,pl,0.9111111111111111,0.7639751552795031,0.831081081081081,161,"[""du"", ""pl"", ""sg""]","[[2, 0, 2], [1, 123, 37], [0, 12, 763]]"
qwen3-0.6b,metadata_free_prompt_final,number,root-heldout,2,all,sg,0.9513715710723192,0.984516129032258,0.9676601141407736,775,"[""du"", ""pl"", ""sg""]","[[2, 0, 2], [1, 123, 37], [0, 12, 763]]"
qwen3-0.6b,metadata_free_prompt_final,number,root-heldout,3,ADJ,du,1.0,0.5,0.6666666666666666,2,"[""du"", ""pl"", ""sg""]","[[1, 0, 1], [0, 3, 3], [0, 4, 111]]"
qwen3-0.6b,metadata_free_prompt_final,number,root-heldout,3,ADJ,pl,0.42857142857142855,0.5,0.46153846153846156,6,"[""du"", ""pl"", ""sg""]","[[1, 0, 1], [0, 3, 3], [0, 4, 111]]"
qwen3-0.6b,metadata_free_prompt_final,number,root-heldout,3,ADJ,sg,0.9652173913043478,0.9652173913043478,0.9652173913043478,115,"[""du"", ""pl"", ""sg""]","[[1, 0, 1], [0, 3, 3], [0, 4, 111]]"
qwen3-0.6b,metadata_free_prompt_final,number,root-heldout,3,NOUN,du,1.0,0.18181818181818182,0.3076923076923077,11,"[""du"", ""pl"", ""sg""]","[[2, 4, 5], [0, 102, 35], [0, 23, 466]]"
qwen3-0.6b,metadata_free_prompt_final,number,root-heldout,3,NOUN,pl,0.7906976744186046,0.7445255474452555,0.7669172932330827,137,"[""du"", ""pl"", ""sg""]","[[2, 4, 5], [0, 102, 35], [0, 23, 466]]"
qwen3-0.6b,metadata_free_prompt_final,number,root-heldout,3,NOUN,sg,0.9209486166007905,0.9529652351738241,0.9366834170854271,489,"[""du"", ""pl"", ""sg""]","[[2, 4, 5], [0, 102, 35], [0, 23, 466]]"
qwen3-0.6b,metadata_free_prompt_final,number,root-heldout,3,VERB,du,0.0,0.0,0.0,1,"[""du"", ""pl"", ""sg""]","[[0, 0, 1], [0, 4, 4], [0, 2, 169]]"
qwen3-0.6b,metadata_free_prompt_final,number,root-heldout,3,VERB,pl,0.6666666666666666,0.5,0.5714285714285714,8,"[""du"", ""pl"", ""sg""]","[[0, 0, 1], [0, 4, 4], [0, 2, 169]]"
qwen3-0.6b,metadata_free_prompt_final,number,root-heldout,3,VERB,sg,0.9712643678160919,0.9883040935672515,0.9797101449275363,171,"[""du"", ""pl"", ""sg""]","[[0, 0, 1], [0, 4, 4], [0, 2, 169]]"
qwen3-0.6b,metadata_free_prompt_final,number,root-heldout,3,all,du,1.0,0.21428571428571427,0.35294117647058826,14,"[""du"", ""pl"", ""sg""]","[[3, 4, 7], [0, 109, 42], [0, 29, 746]]"
qwen3-0.6b,metadata_free_prompt_final,number,root-heldout,3,all,pl,0.7676056338028169,0.7218543046357616,0.7440273037542662,151,"[""du"", ""pl"", ""sg""]","[[3, 4, 7], [0, 109, 42], [0, 29, 746]]"
qwen3-0.6b,metadata_free_prompt_final,number,root-heldout,3,all,sg,0.9383647798742139,0.9625806451612903,0.9503184713375796,775,"[""du"", ""pl"", ""sg""]","[[3, 4, 7], [0, 109, 42], [0, 29, 746]]"
qwen3-0.6b,metadata_free_prompt_final,number,root-heldout,4,ADJ,pl,1.0,1.0,1.0,2,"[""pl"", ""sg""]","[[2, 0], [0, 125]]"
qwen3-0.6b,metadata_free_prompt_final,number,root-heldout,4,ADJ,sg,1.0,1.0,1.0,125,"[""pl"", ""sg""]","[[2, 0], [0, 125]]"
qwen3-0.6b,metadata_free_prompt_final,number,root-heldout,4,NOUN,du,1.0,0.375,0.5454545454545454,8,"[""du"", ""pl"", ""sg""]","[[3, 4, 1], [0, 133, 27], [0, 8, 426]]"
qwen3-0.6b,metadata_free_prompt_final,number,root-heldout,4,NOUN,pl,0.9172413793103448,0.83125,0.8721311475409836,160,"[""du"", ""pl"", ""sg""]","[[3, 4, 1], [0, 133, 27], [0, 8, 426]]"
qwen3-0.6b,metadata_free_prompt_final,number,root-heldout,4,NOUN,sg,0.9383259911894273,0.9815668202764977,0.9594594594594594,434,"[""du"", ""pl"", ""sg""]","[[3, 4, 1], [0, 133, 27], [0, 8, 426]]"
qwen3-0.6b,metadata_free_prompt_final,number,root-heldout,4,VERB,du,0.0,0.0,0.0,1,"[""du"", ""pl"", ""sg""]","[[0, 1, 0], [0, 7, 3], [0, 13, 186]]"
qwen3-0.6b,metadata_free_prompt_final,number,root-heldout,4,VERB,pl,0.3333333333333333,0.7,0.45161290322580644,10,"[""du"", ""pl"", ""sg""]","[[0, 1, 0], [0, 7, 3], [0, 13, 186]]"
qwen3-0.6b,metadata_free_prompt_final,number,root-heldout,4,VERB,sg,0.9841269841269841,0.9346733668341709,0.9587628865979382,199,"[""du"", ""pl"", ""sg""]","[[0, 1, 0], [0, 7, 3], [0, 13, 186]]"
qwen3-0.6b,metadata_free_prompt_final,number,root-heldout,4,all,du,1.0,0.3333333333333333,0.5,9,"[""du"", ""pl"", ""sg""]","[[3, 5, 1], [0, 142, 30], [0, 21, 737]]"
qwen3-0.6b,metadata_free_prompt_final,number,root-heldout,4,all,pl,0.8452380952380952,0.8255813953488372,0.8352941176470589,172,"[""du"", ""pl"", ""sg""]","[[3, 5, 1], [0, 142, 30], [0, 21, 737]]"
qwen3-0.6b,metadata_free_prompt_final,number,root-heldout,4,all,sg,0.9596354166666666,0.9722955145118733,0.9659239842726082,758,"[""du"", ""pl"", ""sg""]","[[3, 5, 1], [0, 142, 30], [0, 21, 737]]"
qwen3-0.6b,metadata_free_prompt_final,pos,lemma-heldout,0,ADJ,ADJ,1.0,0.632183908045977,0.7746478873239436,174,"[""ADJ"", ""NOUN"", ""VERB""]","[[110, 59, 5], [0, 0, 0], [0, 0, 0]]"
qwen3-0.6b,metadata_free_prompt_final,pos,lemma-heldout,0,ADJ,NOUN,0.0,0.0,0.0,0,"[""ADJ"", ""NOUN"", ""VERB""]","[[110, 59, 5], [0, 0, 0], [0, 0, 0]]"
qwen3-0.6b,metadata_free_prompt_final,pos,lemma-heldout,0,ADJ,VERB,0.0,0.0,0.0,0,"[""ADJ"", ""NOUN"", ""VERB""]","[[110, 59, 5], [0, 0, 0], [0, 0, 0]]"
qwen3-0.6b,metadata_free_prompt_final,pos,lemma-heldout,0,NOUN,ADJ,0.0,0.0,0.0,0,"[""ADJ"", ""NOUN"", ""VERB""]","[[0, 0, 0], [38, 597, 13], [0, 0, 0]]"
qwen3-0.6b,metadata_free_prompt_final,pos,lemma-heldout,0,NOUN,NOUN,1.0,0.9212962962962963,0.9590361445783132,648,"[""ADJ"", ""NOUN"", ""VERB""]","[[0, 0, 0], [38, 597, 13], [0, 0, 0]]"
qwen3-0.6b,metadata_free_prompt_final,pos,lemma-heldout,0,NOUN,VERB,0.0,0.0,0.0,0,"[""ADJ"", ""NOUN"", ""VERB""]","[[0, 0, 0], [38, 597, 13], [0, 0, 0]]"
qwen3-0.6b,metadata_free_prompt_final,pos,lemma-heldout,0,VERB,NOUN,0.0,0.0,0.0,0,"[""NOUN"", ""VERB""]","[[0, 0], [17, 102]]"
qwen3-0.6b,metadata_free_prompt_final,pos,lemma-heldout,0,VERB,VERB,1.0,0.8571428571428571,0.9230769230769231,119,"[""NOUN"", ""VERB""]","[[0, 0], [17, 102]]"
qwen3-0.6b,metadata_free_prompt_final,pos,lemma-heldout,0,all,ADJ,0.7432432432432432,0.632183908045977,0.6832298136645962,174,"[""ADJ"", ""NOUN"", ""VERB""]","[[110, 59, 5], [38, 597, 13], [0, 17, 102]]"
qwen3-0.6b,metadata_free_prompt_final,pos,lemma-heldout,0,all,NOUN,0.8870728083209509,0.9212962962962963,0.9038607115821348,648,"[""ADJ"", ""NOUN"", ""VERB""]","[[110, 59, 5], [38, 597, 13], [0, 17, 102]]"
qwen3-0.6b,metadata_free_prompt_final,pos,lemma-heldout,0,all,VERB,0.85,0.8571428571428571,0.8535564853556485,119,"[""ADJ"", ""NOUN"", ""VERB""]","[[110, 59, 5], [38, 597, 13], [0, 17, 102]]"
qwen3-0.6b,metadata_free_prompt_final,pos,lemma-heldout,1,ADJ,ADJ,1.0,0.7342995169082126,0.8467966573816156,207,"[""ADJ"", ""NOUN"", ""VERB""]","[[152, 46, 9], [0, 0, 0], [0, 0, 0]]"
qwen3-0.6b,metadata_free_prompt_final,pos,lemma-heldout,1,ADJ,NOUN,0.0,0.0,0.0,0,"[""ADJ"", ""NOUN"", ""VERB""]","[[152, 46, 9], [0, 0, 0], [0, 0, 0]]"
qwen3-0.6b,metadata_free_prompt_final,pos,lemma-heldout,1,ADJ,VERB,0.0,0.0,0.0,0,"[""ADJ"", ""NOUN"", ""VERB""]","[[152, 46, 9], [0, 0, 0], [0, 0, 0]]"
qwen3-0.6b,metadata_free_prompt_final,pos,lemma-heldout,1,NOUN,ADJ,0.0,0.0,0.0,0,"[""ADJ"", ""NOUN"", ""VERB""]","[[0, 0, 0], [67, 463, 33], [0, 0, 0]]"
qwen3-0.6b,metadata_free_prompt_final,pos,lemma-heldout,1,NOUN,NOUN,1.0,0.822380106571936,0.9025341130604289,563,"[""ADJ"", ""NOUN"", ""VERB""]","[[0, 0, 0], [67, 463, 33], [0, 0, 0]]"
qwen3-0.6b,metadata_free_prompt_final,pos,lemma-heldout,1,NOUN,VERB,0.0,0.0,0.0,0,"[""ADJ"", ""NOUN"", ""VERB""]","[[0, 0, 0], [67, 463, 33], [0, 0, 0]]"
qwen3-0.6b,metadata_free_prompt_final,pos,lemma-heldout,1,VERB,NOUN,0.0,0.0,0.0,0,"[""NOUN"", ""VERB""]","[[0, 0], [26, 144]]"
qwen3-0.6b,metadata_free_prompt_final,pos,lemma-heldout,1,VERB,VERB,1.0,0.8470588235294118,0.9171974522292994,170,"[""NOUN"", ""VERB""]","[[0, 0], [26, 144]]"
qwen3-0.6b,metadata_free_prompt_final,pos,lemma-heldout,1,all,ADJ,0.6940639269406392,0.7342995169082126,0.7136150234741784,207,"[""ADJ"", ""NOUN"", ""VERB""]","[[152, 46, 9], [67, 463, 33], [0, 26, 144]]"
qwen3-0.6b,metadata_free_prompt_final,pos,lemma-heldout,1,all,NOUN,0.8654205607476636,0.822380106571936,0.843351548269581,563,"[""ADJ"", ""NOUN"", ""VERB""]","[[152, 46, 9], [67, 463, 33], [0, 26, 144]]"
qwen3-0.6b,metadata_free_prompt_final,pos,lemma-heldout,1,all,VERB,0.7741935483870968,0.8470588235294118,0.8089887640449438,170,"[""ADJ"", ""NOUN"", ""VERB""]","[[152, 46, 9], [67, 463, 33], [0, 26, 144]]"
qwen3-0.6b,metadata_free_prompt_final,pos,lemma-heldout,2,ADJ,ADJ,1.0,0.7323943661971831,0.8455284552845529,142,"[""ADJ"", ""NOUN"", ""VERB""]","[[104, 31, 7], [0, 0, 0], [0, 0, 0]]"
qwen3-0.6b,metadata_free_prompt_final,pos,lemma-heldout,2,ADJ,NOUN,0.0,0.0,0.0,0,"[""ADJ"", ""NOUN"", ""VERB""]","[[104, 31, 7], [0, 0, 0], [0, 0, 0]]"
qwen3-0.6b,metadata_free_prompt_final,pos,lemma-heldout,2,ADJ,VERB,0.0,0.0,0.0,0,"[""ADJ"", ""NOUN"", ""VERB""]","[[104, 31, 7], [0, 0, 0], [0, 0, 0]]"
qwen3-0.6b,metadata_free_prompt_final,pos,lemma-heldout,2,NOUN,ADJ,0.0,0.0,0.0,0,"[""ADJ"", ""NOUN"", ""VERB""]","[[0, 0, 0], [61, 524, 15], [0, 0, 0]]"
qwen3-0.6b,metadata_free_prompt_final,pos,lemma-heldout,2,NOUN,NOUN,1.0,0.8733333333333333,0.9323843416370107,600,"[""ADJ"", ""NOUN"", ""VERB""]","[[0, 0, 0], [61, 524, 15], [0, 0, 0]]"
qwen3-0.6b,metadata_free_prompt_final,pos,lemma-heldout,2,NOUN,VERB,0.0,0.0,0.0,0,"[""ADJ"", ""NOUN"", ""VERB""]","[[0, 0, 0], [61, 524, 15], [0, 0, 0]]"
qwen3-0.6b,metadata_free_prompt_final,pos,lemma-heldout,2,VERB,ADJ,0.0,0.0,0.0,0,"[""ADJ"", ""NOUN"", ""VERB""]","[[0, 0, 0], [0, 0, 0], [1, 31, 166]]"
qwen3-0.6b,metadata_free_prompt_final,pos,lemma-heldout,2,VERB,NOUN,0.0,0.0,0.0,0,"[""ADJ"", ""NOUN"", ""VERB""]","[[0, 0, 0], [0, 0, 0], [1, 31, 166]]"
qwen3-0.6b,metadata_free_prompt_final,pos,lemma-heldout,2,VERB,VERB,1.0,0.8383838383838383,0.9120879120879121,198,"[""ADJ"", ""NOUN"", ""VERB""]","[[0, 0, 0], [0, 0, 0], [1, 31, 166]]"
qwen3-0.6b,metadata_free_prompt_final,pos,lemma-heldout,2,all,ADJ,0.6265060240963856,0.7323943661971831,0.6753246753246753,142,"[""ADJ"", ""NOUN"", ""VERB""]","[[104, 31, 7], [61, 524, 15], [1, 31, 166]]"
qwen3-0.6b,metadata_free_prompt_final,pos,lemma-heldout,2,all,NOUN,0.89419795221843,0.8733333333333333,0.8836424957841484,600,"[""ADJ"", ""NOUN"", ""VERB""]","[[104, 31, 7], [61, 524, 15], [1, 31, 166]]"
qwen3-0.6b,metadata_free_prompt_final,pos,lemma-heldout,2,all,VERB,0.8829787234042553,0.8383838383838383,0.8601036269430051,198,"[""ADJ"", ""NOUN"", ""VERB""]","[[104, 31, 7], [61, 524, 15], [1, 31, 166]]"
qwen3-0.6b,metadata_free_prompt_final,pos,lemma-heldout,3,ADJ,ADJ,1.0,0.5483870967741935,0.7083333333333334,186,"[""ADJ"", ""NOUN"", ""VERB""]","[[102, 74, 10], [0, 0, 0], [0, 0, 0]]"
qwen3-0.6b,metadata_free_prompt_final,pos,lemma-heldout,3,ADJ,NOUN,0.0,0.0,0.0,0,"[""ADJ"", ""NOUN"", ""VERB""]","[[102, 74, 10], [0, 0, 0], [0, 0, 0]]"
qwen3-0.6b,metadata_free_prompt_final,pos,lemma-heldout,3,ADJ,VERB,0.0,0.0,0.0,0,"[""ADJ"", ""NOUN"", ""VERB""]","[[102, 74, 10], [0, 0, 0], [0, 0, 0]]"
qwen3-0.6b,metadata_free_prompt_final,pos,lemma-heldout,3,NOUN,ADJ,0.0,0.0,0.0,0,"[""ADJ"", ""NOUN"", ""VERB""]","[[0, 0, 0], [59, 512, 26], [0, 0, 0]]"
qwen3-0.6b,metadata_free_prompt_final,pos,lemma-heldout,3,NOUN,NOUN,1.0,0.8576214405360134,0.9233543733092876,597,"[""ADJ"", ""NOUN"", ""VERB""]","[[0, 0, 0], [59, 512, 26], [0, 0, 0]]"
qwen3-0.6b,metadata_free_prompt_final,pos,lemma-heldout,3,NOUN,VERB,0.0,0.0,0.0,0,"[""ADJ"", ""NOUN"", ""VERB""]","[[0, 0, 0], [59, 512, 26], [0, 0, 0]]"
qwen3-0.6b,metadata_free_prompt_final,pos,lemma-heldout,3,VERB,ADJ,0.0,0.0,0.0,0,"[""ADJ"", ""NOUN"", ""VERB""]","[[0, 0, 0], [0, 0, 0], [4, 22, 131]]"
qwen3-0.6b,metadata_free_prompt_final,pos,lemma-heldout,3,VERB,NOUN,0.0,0.0,0.0,0,"[""ADJ"", ""NOUN"", ""VERB""]","[[0, 0, 0], [0, 0, 0], [4, 22, 131]]"
qwen3-0.6b,metadata_free_prompt_final,pos,lemma-heldout,3,VERB,VERB,1.0,0.8343949044585988,0.9097222222222222,157,"[""ADJ"", ""NOUN"", ""VERB""]","[[0, 0, 0], [0, 0, 0], [4, 22, 131]]"
qwen3-0.6b,metadata_free_prompt_final,pos,lemma-heldout,3,all,ADJ,0.6181818181818182,0.5483870967741935,0.5811965811965812,186,"[""ADJ"", ""NOUN"", ""VERB""]","[[102, 74, 10], [59, 512, 26], [4, 22, 131]]"
qwen3-0.6b,metadata_free_prompt_final,pos,lemma-heldout,3,all,NOUN,0.8421052631578947,0.8576214405360134,0.8497925311203319,597,"[""ADJ"", ""NOUN"", ""VERB""]","[[102, 74, 10], [59, 512, 26], [4, 22, 131]]"
qwen3-0.6b,metadata_free_prompt_final,pos,lemma-heldout,3,all,VERB,0.7844311377245509,0.8343949044585988,0.808641975308642,157,"[""ADJ"", ""NOUN"", ""VERB""]","[[102, 74, 10], [59, 512, 26], [4, 22, 131]]"
qwen3-0.6b,metadata_free_prompt_final,pos,lemma-heldout,4,ADJ,ADJ,1.0,0.6417910447761194,0.7818181818181819,201,"[""ADJ"", ""NOUN"", ""VERB""]","[[129, 70, 2], [0, 0, 0], [0, 0, 0]]"
qwen3-0.6b,metadata_free_prompt_final,pos,lemma-heldout,4,ADJ,NOUN,0.0,0.0,0.0,0,"[""ADJ"", ""NOUN"", ""VERB""]","[[129, 70, 2], [0, 0, 0], [0, 0, 0]]"
qwen3-0.6b,metadata_free_prompt_final,pos,lemma-heldout,4,ADJ,VERB,0.0,0.0,0.0,0,"[""ADJ"", ""NOUN"", ""VERB""]","[[129, 70, 2], [0, 0, 0], [0, 0, 0]]"
qwen3-0.6b,metadata_free_prompt_final,pos,lemma-heldout,4,NOUN,ADJ,0.0,0.0,0.0,0,"[""ADJ"", ""NOUN"", ""VERB""]","[[0, 0, 0], [67, 465, 17], [0, 0, 0]]"
qwen3-0.6b,metadata_free_prompt_final,pos,lemma-heldout,4,NOUN,NOUN,1.0,0.8469945355191257,0.9171597633136095,549,"[""ADJ"", ""NOUN"", ""VERB""]","[[0, 0, 0], [67, 465, 17], [0, 0, 0]]"
qwen3-0.6b,metadata_free_prompt_final,pos,lemma-heldout,4,NOUN,VERB,0.0,0.0,0.0,0,"[""ADJ"", ""NOUN"", ""VERB""]","[[0, 0, 0], [67, 465, 17], [0, 0, 0]]"
qwen3-0.6b,metadata_free_prompt_final,pos,lemma-heldout,4,VERB,ADJ,0.0,0.0,0.0,0,"[""ADJ"", ""NOUN"", ""VERB""]","[[0, 0, 0], [0, 0, 0], [8, 29, 153]]"
qwen3-0.6b,metadata_free_prompt_final,pos,lemma-heldout,4,VERB,NOUN,0.0,0.0,0.0,0,"[""ADJ"", ""NOUN"", ""VERB""]","[[0, 0, 0], [0, 0, 0], [8, 29, 153]]"
qwen3-0.6b,metadata_free_prompt_final,pos,lemma-heldout,4,VERB,VERB,1.0,0.8052631578947368,0.892128279883382,190,"[""ADJ"", ""NOUN"", ""VERB""]","[[0, 0, 0], [0, 0, 0], [8, 29, 153]]"
qwen3-0.6b,metadata_free_prompt_final,pos,lemma-heldout,4,all,ADJ,0.6323529411764706,0.6417910447761194,0.6370370370370371,201,"[""ADJ"", ""NOUN"", ""VERB""]","[[129, 70, 2], [67, 465, 17], [8, 29, 153]]"
qwen3-0.6b,metadata_free_prompt_final,pos,lemma-heldout,4,all,NOUN,0.824468085106383,0.8469945355191257,0.8355795148247979,549,"[""ADJ"", ""NOUN"", ""VERB""]","[[129, 70, 2], [67, 465, 17], [8, 29, 153]]"
qwen3-0.6b,metadata_free_prompt_final,pos,lemma-heldout,4,all,VERB,0.8895348837209303,0.8052631578947368,0.8453038674033149,190,"[""ADJ"", ""NOUN"", ""VERB""]","[[129, 70, 2], [67, 465, 17], [8, 29, 153]]"
qwen3-0.6b,metadata_free_prompt_final,pos,random,0,ADJ,ADJ,1.0,0.8516483516483516,0.9198813056379822,182,"[""ADJ"", ""NOUN"", ""VERB""]","[[155, 25, 2], [0, 0, 0], [0, 0, 0]]"
qwen3-0.6b,metadata_free_prompt_final,pos,random,0,ADJ,NOUN,0.0,0.0,0.0,0,"[""ADJ"", ""NOUN"", ""VERB""]","[[155, 25, 2], [0, 0, 0], [0, 0, 0]]"
qwen3-0.6b,metadata_free_prompt_final,pos,random,0,ADJ,VERB,0.0,0.0,0.0,0,"[""ADJ"", ""NOUN"", ""VERB""]","[[155, 25, 2], [0, 0, 0], [0, 0, 0]]"
qwen3-0.6b,metadata_free_prompt_final,pos,random,0,NOUN,ADJ,0.0,0.0,0.0,0,"[""ADJ"", ""NOUN"", ""VERB""]","[[0, 0, 0], [25, 558, 9], [0, 0, 0]]"
qwen3-0.6b,metadata_free_prompt_final,pos,random,0,NOUN,NOUN,1.0,0.9425675675675675,0.9704347826086956,592,"[""ADJ"", ""NOUN"", ""VERB""]","[[0, 0, 0], [25, 558, 9], [0, 0, 0]]"
qwen3-0.6b,metadata_free_prompt_final,pos,random,0,NOUN,VERB,0.0,0.0,0.0,0,"[""ADJ"", ""NOUN"", ""VERB""]","[[0, 0, 0], [25, 558, 9], [0, 0, 0]]"
qwen3-0.6b,metadata_free_prompt_final,pos,random,0,VERB,ADJ,0.0,0.0,0.0,0,"[""ADJ"", ""NOUN"", ""VERB""]","[[0, 0, 0], [0, 0, 0], [2, 23, 142]]"
qwen3-0.6b,metadata_free_prompt_final,pos,random,0,VERB,NOUN,0.0,0.0,0.0,0,"[""ADJ"", ""NOUN"", ""VERB""]","[[0, 0, 0], [0, 0, 0], [2, 23, 142]]"
qwen3-0.6b,metadata_free_prompt_final,pos,random,0,VERB,VERB,1.0,0.8502994011976048,0.919093851132686,167,"[""ADJ"", ""NOUN"", ""VERB""]","[[0, 0, 0], [0, 0, 0], [2, 23, 142]]"
qwen3-0.6b,metadata_free_prompt_final,pos,random,0,all,ADJ,0.8516483516483516,0.8516483516483516,0.8516483516483516,182,"[""ADJ"", ""NOUN"", ""VERB""]","[[155, 25, 2], [25, 558, 9], [2, 23, 142]]"
qwen3-0.6b,metadata_free_prompt_final,pos,random,0,all,NOUN,0.9207920792079208,0.9425675675675675,0.9315525876460768,592,"[""ADJ"", ""NOUN"", ""VERB""]","[[155, 25, 2], [25, 558, 9], [2, 23, 142]]"
qwen3-0.6b,metadata_free_prompt_final,pos,random,0,all,VERB,0.9281045751633987,0.8502994011976048,0.8875,167,"[""ADJ"", ""NOUN"", ""VERB""]","[[155, 25, 2], [25, 558, 9], [2, 23, 142]]"
qwen3-0.6b,metadata_free_prompt_final,pos,random,1,ADJ,ADJ,1.0,0.8956043956043956,0.9449275362318841,182,"[""ADJ"", ""NOUN"", ""VERB""]","[[163, 15, 4], [0, 0, 0], [0, 0, 0]]"
qwen3-0.6b,metadata_free_prompt_final,pos,random,1,ADJ,NOUN,0.0,0.0,0.0,0,"[""ADJ"", ""NOUN"", ""VERB""]","[[163, 15, 4], [0, 0, 0], [0, 0, 0]]"
qwen3-0.6b,metadata_free_prompt_final,pos,random,1,ADJ,VERB,0.0,0.0,0.0,0,"[""ADJ"", ""NOUN"", ""VERB""]","[[163, 15, 4], [0, 0, 0], [0, 0, 0]]"
qwen3-0.6b,metadata_free_prompt_final,pos,random,1,NOUN,ADJ,0.0,0.0,0.0,0,"[""ADJ"", ""NOUN"", ""VERB""]","[[0, 0, 0], [18, 562, 12], [0, 0, 0]]"
qwen3-0.6b,metadata_free_prompt_final,pos,random,1,NOUN,NOUN,1.0,0.9493243243243243,0.9740034662045061,592,"[""ADJ"", ""NOUN"", ""VERB""]","[[0, 0, 0], [18, 562, 12], [0, 0, 0]]"
qwen3-0.6b,metadata_free_prompt_final,pos,random,1,NOUN,VERB,0.0,0.0,0.0,0,"[""ADJ"", ""NOUN"", ""VERB""]","[[0, 0, 0], [18, 562, 12], [0, 0, 0]]"
qwen3-0.6b,metadata_free_prompt_final,pos,random,1,VERB,ADJ,0.0,0.0,0.0,0,"[""ADJ"", ""NOUN"", ""VERB""]","[[0, 0, 0], [0, 0, 0], [1, 15, 150]]"
qwen3-0.6b,metadata_free_prompt_final,pos,random,1,VERB,NOUN,0.0,0.0,0.0,0,"[""ADJ"", ""NOUN"", ""VERB""]","[[0, 0, 0], [0, 0, 0], [1, 15, 150]]"
qwen3-0.6b,metadata_free_prompt_final,pos,random,1,VERB,VERB,1.0,0.9036144578313253,0.9493670886075949,166,"[""ADJ"", ""NOUN"", ""VERB""]","[[0, 0, 0], [0, 0, 0], [1, 15, 150]]"
qwen3-0.6b,metadata_free_prompt_final,pos,random,1,all,ADJ,0.8956043956043956,0.8956043956043956,0.8956043956043956,182,"[""ADJ"", ""NOUN"", ""VERB""]","[[163, 15, 4], [18, 562, 12], [1, 15, 150]]"
qwen3-0.6b,metadata_free_prompt_final,pos,random,1,all,NOUN,0.9493243243243243,0.9493243243243243,0.9493243243243243,592,"[""ADJ"", ""NOUN"", ""VERB""]","[[163, 15, 4], [18, 562, 12], [1, 15, 150]]"
qwen3-0.6b,metadata_free_prompt_final,pos,random,1,all,VERB,0.9036144578313253,0.9036144578313253,0.9036144578313253,166,"[""ADJ"", ""NOUN"", ""VERB""]","[[163, 15, 4], [18, 562, 12], [1, 15, 150]]"
qwen3-0.6b,metadata_free_prompt_final,pos,random,2,ADJ,ADJ,1.0,0.8846153846153846,0.9387755102040817,182,"[""ADJ"", ""NOUN""]","[[161, 21], [0, 0]]"
qwen3-0.6b,metadata_free_prompt_final,pos,random,2,ADJ,NOUN,0.0,0.0,0.0,0,"[""ADJ"", ""NOUN""]","[[161, 21], [0, 0]]"
qwen3-0.6b,metadata_free_prompt_final,pos,random,2,NOUN,ADJ,0.0,0.0,0.0,0,"[""ADJ"", ""NOUN"", ""VERB""]","[[0, 0, 0], [22, 563, 6], [0, 0, 0]]"
qwen3-0.6b,metadata_free_prompt_final,pos,random,2,NOUN,NOUN,1.0,0.9526226734348562,0.975736568457539,591,"[""ADJ"", ""NOUN"", ""VERB""]","[[0, 0, 0], [22, 563, 6], [0, 0, 0]]"
qwen3-0.6b,metadata_free_prompt_final,pos,random,2,NOUN,VERB,0.0,0.0,0.0,0,"[""ADJ"", ""NOUN"", ""VERB""]","[[0, 0, 0], [22, 563, 6], [0, 0, 0]]"
qwen3-0.6b,metadata_free_prompt_final,pos,random,2,VERB,NOUN,0.0,0.0,0.0,0,"[""NOUN"", ""VERB""]","[[0, 0], [14, 153]]"
qwen3-0.6b,metadata_free_prompt_final,pos,random,2,VERB,VERB,1.0,0.9161676646706587,0.95625,167,"[""NOUN"", ""VERB""]","[[0, 0], [14, 153]]"
qwen3-0.6b,metadata_free_prompt_final,pos,random,2,all,ADJ,0.8797814207650273,0.8846153846153846,0.8821917808219178,182,"[""ADJ"", ""NOUN"", ""VERB""]","[[161, 21, 0], [22, 563, 6], [0, 14, 153]]"
qwen3-0.6b,metadata_free_prompt_final,pos,random,2,all,NOUN,0.9414715719063546,0.9526226734348562,0.9470142977291842,591,"[""ADJ"", ""NOUN"", ""VERB""]","[[161, 21, 0], [22, 563, 6], [0, 14, 153]]"
qwen3-0.6b,metadata_free_prompt_final,pos,random,2,all,VERB,0.9622641509433962,0.9161676646706587,0.9386503067484663,167,"[""ADJ"", ""NOUN"", ""VERB""]","[[161, 21, 0], [22, 563, 6], [0, 14, 153]]"
qwen3-0.6b,metadata_free_prompt_final,pos,random,3,ADJ,ADJ,1.0,0.9120879120879121,0.9540229885057471,182,"[""ADJ"", ""NOUN""]","[[166, 16], [0, 0]]"
qwen3-0.6b,metadata_free_prompt_final,pos,random,3,ADJ,NOUN,0.0,0.0,0.0,0,"[""ADJ"", ""NOUN""]","[[166, 16], [0, 0]]"
qwen3-0.6b,metadata_free_prompt_final,pos,random,3,NOUN,ADJ,0.0,0.0,0.0,0,"[""ADJ"", ""NOUN"", ""VERB""]","[[0, 0, 0], [22, 565, 4], [0, 0, 0]]"
qwen3-0.6b,metadata_free_prompt_final,pos,random,3,NOUN,NOUN,1.0,0.9560067681895094,0.9775086505190311,591,"[""ADJ"", ""NOUN"", ""VERB""]","[[0, 0, 0], [22, 565, 4], [0, 0, 0]]"
qwen3-0.6b,metadata_free_prompt_final,pos,random,3,NOUN,VERB,0.0,0.0,0.0,0,"[""ADJ"", ""NOUN"", ""VERB""]","[[0, 0, 0], [22, 565, 4], [0, 0, 0]]"
qwen3-0.6b,metadata_free_prompt_final,pos,random,3,VERB,NOUN,0.0,0.0,0.0,0,"[""NOUN"", ""VERB""]","[[0, 0], [12, 155]]"
qwen3-0.6b,metadata_free_prompt_final,pos,random,3,VERB,VERB,1.0,0.9281437125748503,0.9627329192546584,167,"[""NOUN"", ""VERB""]","[[0, 0], [12, 155]]"
qwen3-0.6b,metadata_free_prompt_final,pos,random,3,all,ADJ,0.8829787234042553,0.9120879120879121,0.8972972972972973,182,"[""ADJ"", ""NOUN"", ""VERB""]","[[166, 16, 0], [22, 565, 4], [0, 12, 155]]"
qwen3-0.6b,metadata_free_prompt_final,pos,random,3,all,NOUN,0.9527824620573356,0.9560067681895094,0.9543918918918919,591,"[""ADJ"", ""NOUN"", ""VERB""]","[[166, 16, 0], [22, 565, 4], [0, 12, 155]]"
qwen3-0.6b,metadata_free_prompt_final,pos,random,3,all,VERB,0.9748427672955975,0.9281437125748503,0.950920245398773,167,"[""ADJ"", ""NOUN"", ""VERB""]","[[166, 16, 0], [22, 565, 4], [0, 12, 155]]"
qwen3-0.6b,metadata_free_prompt_final,pos,random,4,ADJ,ADJ,1.0,0.8901098901098901,0.9418604651162791,182,"[""ADJ"", ""NOUN"", ""VERB""]","[[162, 19, 1], [0, 0, 0], [0, 0, 0]]"
qwen3-0.6b,metadata_free_prompt_final,pos,random,4,ADJ,NOUN,0.0,0.0,0.0,0,"[""ADJ"", ""NOUN"", ""VERB""]","[[162, 19, 1], [0, 0, 0], [0, 0, 0]]"
qwen3-0.6b,metadata_free_prompt_final,pos,random,4,ADJ,VERB,0.0,0.0,0.0,0,"[""ADJ"", ""NOUN"", ""VERB""]","[[162, 19, 1], [0, 0, 0], [0, 0, 0]]"
qwen3-0.6b,metadata_free_prompt_final,pos,random,4,NOUN,ADJ,0.0,0.0,0.0,0,"[""ADJ"", ""NOUN"", ""VERB""]","[[0, 0, 0], [10, 570, 11], [0, 0, 0]]"
qwen3-0.6b,metadata_free_prompt_final,pos,random,4,NOUN,NOUN,1.0,0.9644670050761421,0.9819121447028424,591,"[""ADJ"", ""NOUN"", ""VERB""]","[[0, 0, 0], [10, 570, 11], [0, 0, 0]]"
qwen3-0.6b,metadata_free_prompt_final,pos,random,4,NOUN,VERB,0.0,0.0,0.0,0,"[""ADJ"", ""NOUN"", ""VERB""]","[[0, 0, 0], [10, 570, 11], [0, 0, 0]]"
qwen3-0.6b,metadata_free_prompt_final,pos,random,4,VERB,NOUN,0.0,0.0,0.0,0,"[""NOUN"", ""VERB""]","[[0, 0], [10, 157]]"
qwen3-0.6b,metadata_free_prompt_final,pos,random,4,VERB,VERB,1.0,0.9401197604790419,0.9691358024691358,167,"[""NOUN"", ""VERB""]","[[0, 0], [10, 157]]"
qwen3-0.6b,metadata_free_prompt_final,pos,random,4,all,ADJ,0.9418604651162791,0.8901098901098901,0.9152542372881356,182,"[""ADJ"", ""NOUN"", ""VERB""]","[[162, 19, 1], [10, 570, 11], [0, 10, 157]]"
qwen3-0.6b,metadata_free_prompt_final,pos,random,4,all,NOUN,0.9515859766277128,0.9644670050761421,0.957983193277311,591,"[""ADJ"", ""NOUN"", ""VERB""]","[[162, 19, 1], [10, 570, 11], [0, 10, 157]]"
qwen3-0.6b,metadata_free_prompt_final,pos,random,4,all,VERB,0.9289940828402367,0.9401197604790419,0.9345238095238095,167,"[""ADJ"", ""NOUN"", ""VERB""]","[[162, 19, 1], [10, 570, 11], [0, 10, 157]]"
qwen3-0.6b,metadata_free_prompt_final,pos,root-heldout,0,ADJ,ADJ,1.0,0.7644927536231884,0.86652977412731,276,"[""ADJ"", ""NOUN"", ""VERB""]","[[211, 59, 6], [0, 0, 0], [0, 0, 0]]"
qwen3-0.6b,metadata_free_prompt_final,pos,root-heldout,0,ADJ,NOUN,0.0,0.0,0.0,0,"[""ADJ"", ""NOUN"", ""VERB""]","[[211, 59, 6], [0, 0, 0], [0, 0, 0]]"
qwen3-0.6b,metadata_free_prompt_final,pos,root-heldout,0,ADJ,VERB,0.0,0.0,0.0,0,"[""ADJ"", ""NOUN"", ""VERB""]","[[211, 59, 6], [0, 0, 0], [0, 0, 0]]"
qwen3-0.6b,metadata_free_prompt_final,pos,root-heldout,0,NOUN,ADJ,0.0,0.0,0.0,0,"[""ADJ"", ""NOUN"", ""VERB""]","[[0, 0, 0], [69, 438, 23], [0, 0, 0]]"
qwen3-0.6b,metadata_free_prompt_final,pos,root-heldout,0,NOUN,NOUN,1.0,0.8264150943396227,0.9049586776859504,530,"[""ADJ"", ""NOUN"", ""VERB""]","[[0, 0, 0], [69, 438, 23], [0, 0, 0]]"
qwen3-0.6b,metadata_free_prompt_final,pos,root-heldout,0,NOUN,VERB,0.0,0.0,0.0,0,"[""ADJ"", ""NOUN"", ""VERB""]","[[0, 0, 0], [69, 438, 23], [0, 0, 0]]"
qwen3-0.6b,metadata_free_prompt_final,pos,root-heldout,0,VERB,ADJ,0.0,0.0,0.0,0,"[""ADJ"", ""NOUN"", ""VERB""]","[[0, 0, 0], [0, 0, 0], [1, 23, 111]]"
qwen3-0.6b,metadata_free_prompt_final,pos,root-heldout,0,VERB,NOUN,0.0,0.0,0.0,0,"[""ADJ"", ""NOUN"", ""VERB""]","[[0, 0, 0], [0, 0, 0], [1, 23, 111]]"
qwen3-0.6b,metadata_free_prompt_final,pos,root-heldout,0,VERB,VERB,1.0,0.8222222222222222,0.9024390243902439,135,"[""ADJ"", ""NOUN"", ""VERB""]","[[0, 0, 0], [0, 0, 0], [1, 23, 111]]"
qwen3-0.6b,metadata_free_prompt_final,pos,root-heldout,0,all,ADJ,0.7508896797153025,0.7644927536231884,0.7576301615798923,276,"[""ADJ"", ""NOUN"", ""VERB""]","[[211, 59, 6], [69, 438, 23], [1, 23, 111]]"
qwen3-0.6b,metadata_free_prompt_final,pos,root-heldout,0,all,NOUN,0.8423076923076923,0.8264150943396227,0.8342857142857143,530,"[""ADJ"", ""NOUN"", ""VERB""]","[[211, 59, 6], [69, 438, 23], [1, 23, 111]]"
qwen3-0.6b,metadata_free_prompt_final,pos,root-heldout,0,all,VERB,0.7928571428571428,0.8222222222222222,0.8072727272727273,135,"[""ADJ"", ""NOUN"", ""VERB""]","[[211, 59, 6], [69, 438, 23], [1, 23, 111]]"
qwen3-0.6b,metadata_free_prompt_final,pos,root-heldout,1,ADJ,ADJ,1.0,0.8461538461538461,0.9166666666666666,156,"[""ADJ"", ""NOUN"", ""VERB""]","[[132, 21, 3], [0, 0, 0], [0, 0, 0]]"
qwen3-0.6b,metadata_free_prompt_final,pos,root-heldout,1,ADJ,NOUN,0.0,0.0,0.0,0,"[""ADJ"", ""NOUN"", ""VERB""]","[[132, 21, 3], [0, 0, 0], [0, 0, 0]]"
qwen3-0.6b,metadata_free_prompt_final,pos,root-heldout,1,ADJ,VERB,0.0,0.0,0.0,0,"[""ADJ"", ""NOUN"", ""VERB""]","[[132, 21, 3], [0, 0, 0], [0, 0, 0]]"
qwen3-0.6b,metadata_free_prompt_final,pos,root-heldout,1,NOUN,ADJ,0.0,0.0,0.0,0,"[""ADJ"", ""NOUN"", ""VERB""]","[[0, 0, 0], [47, 550, 21], [0, 0, 0]]"
qwen3-0.6b,metadata_free_prompt_final,pos,root-heldout,1,NOUN,NOUN,1.0,0.889967637540453,0.9417808219178082,618,"[""ADJ"", ""NOUN"", ""VERB""]","[[0, 0, 0], [47, 550, 21], [0, 0, 0]]"
qwen3-0.6b,metadata_free_prompt_final,pos,root-heldout,1,NOUN,VERB,0.0,0.0,0.0,0,"[""ADJ"", ""NOUN"", ""VERB""]","[[0, 0, 0], [47, 550, 21], [0, 0, 0]]"
qwen3-0.6b,metadata_free_prompt_final,pos,root-heldout,1,VERB,ADJ,0.0,0.0,0.0,0,"[""ADJ"", ""NOUN"", ""VERB""]","[[0, 0, 0], [0, 0, 0], [7, 26, 133]]"
qwen3-0.6b,metadata_free_prompt_final,pos,root-heldout,1,VERB,NOUN,0.0,0.0,0.0,0,"[""ADJ"", ""NOUN"", ""VERB""]","[[0, 0, 0], [0, 0, 0], [7, 26, 133]]"
qwen3-0.6b,metadata_free_prompt_final,pos,root-heldout,1,VERB,VERB,1.0,0.8012048192771084,0.8896321070234113,166,"[""ADJ"", ""NOUN"", ""VERB""]","[[0, 0, 0], [0, 0, 0], [7, 26, 133]]"
qwen3-0.6b,metadata_free_prompt_final,pos,root-heldout,1,all,ADJ,0.7096774193548387,0.8461538461538461,0.7719298245614035,156,"[""ADJ"", ""NOUN"", ""VERB""]","[[132, 21, 3], [47, 550, 21], [7, 26, 133]]"
qwen3-0.6b,metadata_free_prompt_final,pos,root-heldout,1,all,NOUN,0.9212730318257957,0.889967637540453,0.9053497942386831,618,"[""ADJ"", ""NOUN"", ""VERB""]","[[132, 21, 3], [47, 550, 21], [7, 26, 133]]"
qwen3-0.6b,metadata_free_prompt_final,pos,root-heldout,1,all,VERB,0.8471337579617835,0.8012048192771084,0.8235294117647058,166,"[""ADJ"", ""NOUN"", ""VERB""]","[[132, 21, 3], [47, 550, 21], [7, 26, 133]]"
qwen3-0.6b,metadata_free_prompt_final,pos,root-heldout,2,ADJ,ADJ,1.0,0.7318181818181818,0.8451443569553806,220,"[""ADJ"", ""NOUN"", ""VERB""]","[[161, 54, 5], [0, 0, 0], [0, 0, 0]]"
qwen3-0.6b,metadata_free_prompt_final,pos,root-heldout,2,ADJ,NOUN,0.0,0.0,0.0,0,"[""ADJ"", ""NOUN"", ""VERB""]","[[161, 54, 5], [0, 0, 0], [0, 0, 0]]"
qwen3-0.6b,metadata_free_prompt_final,pos,root-heldout,2,ADJ,VERB,0.0,0.0,0.0,0,"[""ADJ"", ""NOUN"", ""VERB""]","[[161, 54, 5], [0, 0, 0], [0, 0, 0]]"
qwen3-0.6b,metadata_free_prompt_final,pos,root-heldout,2,NOUN,ADJ,0.0,0.0,0.0,0,"[""ADJ"", ""NOUN"", ""VERB""]","[[0, 0, 0], [31, 524, 25], [0, 0, 0]]"
qwen3-0.6b,metadata_free_prompt_final,pos,root-heldout,2,NOUN,NOUN,1.0,0.903448275862069,0.9492753623188406,580,"[""ADJ"", ""NOUN"", ""VERB""]","[[0, 0, 0], [31, 524, 25], [0, 0, 0]]"
qwen3-0.6b,metadata_free_prompt_final,pos,root-heldout,2,NOUN,VERB,0.0,0.0,0.0,0,"[""ADJ"", ""NOUN"", ""VERB""]","[[0, 0, 0], [31, 524, 25], [0, 0, 0]]"
qwen3-0.6b,metadata_free_prompt_final,pos,root-heldout,2,VERB,ADJ,0.0,0.0,0.0,0,"[""ADJ"", ""NOUN"", ""VERB""]","[[0, 0, 0], [0, 0, 0], [1, 25, 114]]"
qwen3-0.6b,metadata_free_prompt_final,pos,root-heldout,2,VERB,NOUN,0.0,0.0,0.0,0,"[""ADJ"", ""NOUN"", ""VERB""]","[[0, 0, 0], [0, 0, 0], [1, 25, 114]]"
qwen3-0.6b,metadata_free_prompt_final,pos,root-heldout,2,VERB,VERB,1.0,0.8142857142857143,0.8976377952755905,140,"[""ADJ"", ""NOUN"", ""VERB""]","[[0, 0, 0], [0, 0, 0], [1, 25, 114]]"
qwen3-0.6b,metadata_free_prompt_final,pos,root-heldout,2,all,ADJ,0.8341968911917098,0.7318181818181818,0.7796610169491526,220,"[""ADJ"", ""NOUN"", ""VERB""]","[[161, 54, 5], [31, 524, 25], [1, 25, 114]]"
qwen3-0.6b,metadata_free_prompt_final,pos,root-heldout,2,all,NOUN,0.8689883913764511,0.903448275862069,0.885883347421809,580,"[""ADJ"", ""NOUN"", ""VERB""]","[[161, 54, 5], [31, 524, 25], [1, 25, 114]]"
qwen3-0.6b,metadata_free_prompt_final,pos,root-heldout,2,all,VERB,0.7916666666666666,0.8142857142857143,0.8028169014084507,140,"[""ADJ"", ""NOUN"", ""VERB""]","[[161, 54, 5], [31, 524, 25], [1, 25, 114]]"
qwen3-0.6b,metadata_free_prompt_final,pos,root-heldout,3,ADJ,ADJ,1.0,0.6612903225806451,0.7961165048543689,124,"[""ADJ"", ""NOUN"", ""VERB""]","[[82, 35, 7], [0, 0, 0], [0, 0, 0]]"
qwen3-0.6b,metadata_free_prompt_final,pos,root-heldout,3,ADJ,NOUN,0.0,0.0,0.0,0,"[""ADJ"", ""NOUN"", ""VERB""]","[[82, 35, 7], [0, 0, 0], [0, 0, 0]]"
qwen3-0.6b,metadata_free_prompt_final,pos,root-heldout,3,ADJ,VERB,0.0,0.0,0.0,0,"[""ADJ"", ""NOUN"", ""VERB""]","[[82, 35, 7], [0, 0, 0], [0, 0, 0]]"
qwen3-0.6b,metadata_free_prompt_final,pos,root-heldout,3,NOUN,ADJ,0.0,0.0,0.0,0,"[""ADJ"", ""NOUN"", ""VERB""]","[[0, 0, 0], [54, 546, 31], [0, 0, 0]]"
qwen3-0.6b,metadata_free_prompt_final,pos,root-heldout,3,NOUN,NOUN,1.0,0.8652931854199684,0.9277824978759558,631,"[""ADJ"", ""NOUN"", ""VERB""]","[[0, 0, 0], [54, 546, 31], [0, 0, 0]]"
qwen3-0.6b,metadata_free_prompt_final,pos,root-heldout,3,NOUN,VERB,0.0,0.0,0.0,0,"[""ADJ"", ""NOUN"", ""VERB""]","[[0, 0, 0], [54, 546, 31], [0, 0, 0]]"
qwen3-0.6b,metadata_free_prompt_final,pos,root-heldout,3,VERB,ADJ,0.0,0.0,0.0,0,"[""ADJ"", ""NOUN"", ""VERB""]","[[0, 0, 0], [0, 0, 0], [7, 28, 150]]"
qwen3-0.6b,metadata_free_prompt_final,pos,root-heldout,3,VERB,NOUN,0.0,0.0,0.0,0,"[""ADJ"", ""NOUN"", ""VERB""]","[[0, 0, 0], [0, 0, 0], [7, 28, 150]]"
qwen3-0.6b,metadata_free_prompt_final,pos,root-heldout,3,VERB,VERB,1.0,0.8108108108108109,0.8955223880597015,185,"[""ADJ"", ""NOUN"", ""VERB""]","[[0, 0, 0], [0, 0, 0], [7, 28, 150]]"
qwen3-0.6b,metadata_free_prompt_final,pos,root-heldout,3,all,ADJ,0.5734265734265734,0.6612903225806451,0.6142322097378277,124,"[""ADJ"", ""NOUN"", ""VERB""]","[[82, 35, 7], [54, 546, 31], [7, 28, 150]]"
qwen3-0.6b,metadata_free_prompt_final,pos,root-heldout,3,all,NOUN,0.896551724137931,0.8652931854199684,0.8806451612903226,631,"[""ADJ"", ""NOUN"", ""VERB""]","[[82, 35, 7], [54, 546, 31], [7, 28, 150]]"
qwen3-0.6b,metadata_free_prompt_final,pos,root-heldout,3,all,VERB,0.7978723404255319,0.8108108108108109,0.8042895442359249,185,"[""ADJ"", ""NOUN"", ""VERB""]","[[82, 35, 7], [54, 546, 31], [7, 28, 150]]"
qwen3-0.6b,metadata_free_prompt_final,pos,root-heldout,4,ADJ,ADJ,1.0,0.746268656716418,0.8547008547008547,134,"[""ADJ"", ""NOUN""]","[[100, 34], [0, 0]]"
qwen3-0.6b,metadata_free_prompt_final,pos,root-heldout,4,ADJ,NOUN,0.0,0.0,0.0,0,"[""ADJ"", ""NOUN""]","[[100, 34], [0, 0]]"
qwen3-0.6b,metadata_free_prompt_final,pos,root-heldout,4,NOUN,ADJ,0.0,0.0,0.0,0,"[""ADJ"", ""NOUN"", ""VERB""]","[[0, 0, 0], [46, 533, 19], [0, 0, 0]]"
qwen3-0.6b,metadata_free_prompt_final,pos,root-heldout,4,NOUN,NOUN,1.0,0.8913043478260869,0.9425287356321839,598,"[""ADJ"", ""NOUN"", ""VERB""]","[[0, 0, 0], [46, 533, 19], [0, 0, 0]]"
qwen3-0.6b,metadata_free_prompt_final,pos,root-heldout,4,NOUN,VERB,0.0,0.0,0.0,0,"[""ADJ"", ""NOUN"", ""VERB""]","[[0, 0, 0], [46, 533, 19], [0, 0, 0]]"
qwen3-0.6b,metadata_free_prompt_final,pos,root-heldout,4,VERB,ADJ,0.0,0.0,0.0,0,"[""ADJ"", ""NOUN"", ""VERB""]","[[0, 0, 0], [0, 0, 0], [1, 14, 193]]"
qwen3-0.6b,metadata_free_prompt_final,pos,root-heldout,4,VERB,NOUN,0.0,0.0,0.0,0,"[""ADJ"", ""NOUN"", ""VERB""]","[[0, 0, 0], [0, 0, 0], [1, 14, 193]]"
qwen3-0.6b,metadata_free_prompt_final,pos,root-heldout,4,VERB,VERB,1.0,0.9278846153846154,0.9625935162094763,208,"[""ADJ"", ""NOUN"", ""VERB""]","[[0, 0, 0], [0, 0, 0], [1, 14, 193]]"
qwen3-0.6b,metadata_free_prompt_final,pos,root-heldout,4,all,ADJ,0.6802721088435374,0.746268656716418,0.7117437722419929,134,"[""ADJ"", ""NOUN"", ""VERB""]","[[100, 34, 0], [46, 533, 19], [1, 14, 193]]"
qwen3-0.6b,metadata_free_prompt_final,pos,root-heldout,4,all,NOUN,0.9173838209982789,0.8913043478260869,0.904156064461408,598,"[""ADJ"", ""NOUN"", ""VERB""]","[[100, 34, 0], [46, 533, 19], [1, 14, 193]]"
qwen3-0.6b,metadata_free_prompt_final,pos,root-heldout,4,all,VERB,0.910377358490566,0.9278846153846154,0.919047619047619,208,"[""ADJ"", ""NOUN"", ""VERB""]","[[100, 34, 0], [46, 533, 19], [1, 14, 193]]"
qwen3-0.6b,target_final_subtoken,gender,lemma-heldout,0,ADJ,fem,0.7014925373134329,0.7833333333333333,0.7401574803149606,60,"[""fem"", ""masc""]","[[47, 13], [20, 71]]"
qwen3-0.6b,target_final_subtoken,gender,lemma-heldout,0,ADJ,masc,0.8452380952380952,0.7802197802197802,0.8114285714285714,91,"[""fem"", ""masc""]","[[47, 13], [20, 71]]"
qwen3-0.6b,target_final_subtoken,gender,lemma-heldout,0,NOUN,fem,0.785,0.7621359223300971,0.7733990147783252,206,"[""fem"", ""masc""]","[[157, 49], [43, 388]]"
qwen3-0.6b,target_final_subtoken,gender,lemma-heldout,0,NOUN,masc,0.8878718535469108,0.9002320185614849,0.8940092165898618,431,"[""fem"", ""masc""]","[[157, 49], [43, 388]]"
qwen3-0.6b,target_final_subtoken,gender,lemma-heldout,0,VERB,fem,0.88,0.7457627118644068,0.8073394495412844,59,"[""fem"", ""masc""]","[[44, 15], [6, 87]]"
qwen3-0.6b,target_final_subtoken,gender,lemma-heldout,0,VERB,masc,0.8529411764705882,0.9354838709677419,0.8923076923076924,93,"[""fem"", ""masc""]","[[44, 15], [6, 87]]"
qwen3-0.6b,target_final_subtoken,gender,lemma-heldout,0,all,fem,0.7823343848580442,0.7630769230769231,0.7725856697819314,325,"[""fem"", ""masc""]","[[248, 77], [69, 546]]"
qwen3-0.6b,target_final_subtoken,gender,lemma-heldout,0,all,masc,0.8764044943820225,0.8878048780487805,0.8820678513731826,615,"[""fem"", ""masc""]","[[248, 77], [69, 546]]"
qwen3-0.6b,target_final_subtoken,gender,lemma-heldout,1,ADJ,fem,0.9411764705882353,0.9411764705882353,0.9411764705882353,68,"[""fem"", ""masc""]","[[64, 4], [4, 112]]"
qwen3-0.6b,target_final_subtoken,gender,lemma-heldout,1,ADJ,masc,0.9655172413793104,0.9655172413793104,0.9655172413793104,116,"[""fem"", ""masc""]","[[64, 4], [4, 112]]"
qwen3-0.6b,target_final_subtoken,gender,lemma-heldout,1,NOUN,fem,0.7222222222222222,0.7831325301204819,0.7514450867052023,166,"[""fem"", ""masc""]","[[130, 36], [50, 366]]"
qwen3-0.6b,target_final_subtoken,gender,lemma-heldout,1,NOUN,masc,0.9104477611940298,0.8798076923076923,0.8948655256723717,416,"[""fem"", ""masc""]","[[130, 36], [50, 366]]"
qwen3-0.6b,target_final_subtoken,gender,lemma-heldout,1,VERB,fem,0.59375,0.8636363636363636,0.7037037037037037,66,"[""fem"", ""masc""]","[[57, 9], [39, 69]]"
qwen3-0.6b,target_final_subtoken,gender,lemma-heldout,1,VERB,masc,0.8846153846153846,0.6388888888888888,0.7419354838709677,108,"[""fem"", ""masc""]","[[57, 9], [39, 69]]"
qwen3-0.6b,target_final_subtoken,gender,lemma-heldout,1,all,fem,0.7296511627906976,0.8366666666666667,0.7795031055900621,300,"[""fem"", ""masc""]","[[251, 49], [93, 547]]"
qwen3-0.6b,target_final_subtoken,gender,lemma-heldout,1,all,masc,0.9177852348993288,0.8546875,0.8851132686084142,640,"[""fem"", ""masc""]","[[251, 49], [93, 547]]"
qwen3-0.6b,target_final_subtoken,gender,lemma-heldout,2,ADJ,fem,0.975,0.8863636363636364,0.9285714285714286,88,"[""fem"", ""masc""]","[[78, 10], [2, 65]]"
qwen3-0.6b,target_final_subtoken,gender,lemma-heldout,2,ADJ,masc,0.8666666666666667,0.9701492537313433,0.9154929577464789,67,"[""fem"", ""masc""]","[[78, 10], [2, 65]]"
qwen3-0.6b,target_final_subtoken,gender,lemma-heldout,2,NOUN,fem,0.7272727272727273,0.7727272727272727,0.7493112947658402,176,"[""fem"", ""masc""]","[[136, 40], [51, 361]]"
qwen3-0.6b,target_final_subtoken,gender,lemma-heldout,2,NOUN,masc,0.9002493765586035,0.8762135922330098,0.8880688806888068,412,"[""fem"", ""masc""]","[[136, 40], [51, 361]]"
qwen3-0.6b,target_final_subtoken,gender,lemma-heldout,2,VERB,fem,0.8142857142857143,0.7916666666666666,0.8028169014084507,72,"[""fem"", ""masc""]","[[57, 15], [13, 112]]"
qwen3-0.6b,target_final_subtoken,gender,lemma-heldout,2,VERB,masc,0.8818897637795275,0.896,0.8888888888888888,125,"[""fem"", ""masc""]","[[57, 15], [13, 112]]"
qwen3-0.6b,target_final_subtoken,gender,lemma-heldout,2,all,fem,0.8041543026706232,0.8065476190476191,0.8053491827637445,336,"[""fem"", ""masc""]","[[271, 65], [66, 538]]"
qwen3-0.6b,target_final_subtoken,gender,lemma-heldout,2,all,masc,0.8922056384742952,0.890728476821192,0.8914664457332229,604,"[""fem"", ""masc""]","[[271, 65], [66, 538]]"
qwen3-0.6b,target_final_subtoken,gender,lemma-heldout,3,ADJ,fem,0.8863636363636364,0.8297872340425532,0.8571428571428571,94,"[""fem"", ""masc""]","[[78, 16], [10, 67]]"
qwen3-0.6b,target_final_subtoken,gender,lemma-heldout,3,ADJ,masc,0.8072289156626506,0.8701298701298701,0.8375,77,"[""fem"", ""masc""]","[[78, 16], [10, 67]]"
qwen3-0.6b,target_final_subtoken,gender,lemma-heldout,3,NOUN,fem,0.7916666666666666,0.76,0.7755102040816326,200,"[""fem"", ""masc""]","[[152, 48], [40, 371]]"
qwen3-0.6b,target_final_subtoken,gender,lemma-heldout,3,NOUN,masc,0.8854415274463007,0.902676399026764,0.8939759036144578,411,"[""fem"", ""masc""]","[[152, 48], [40, 371]]"
qwen3-0.6b,target_final_subtoken,gender,lemma-heldout,3,VERB,fem,0.7580645161290323,0.7230769230769231,0.7401574803149606,65,"[""fem"", ""masc""]","[[47, 18], [15, 78]]"
qwen3-0.6b,target_final_subtoken,gender,lemma-heldout,3,VERB,masc,0.8125,0.8387096774193549,0.8253968253968254,93,"[""fem"", ""masc""]","[[47, 18], [15, 78]]"
qwen3-0.6b,target_final_subtoken,gender,lemma-heldout,3,all,fem,0.8099415204678363,0.7715877437325905,0.7902995720399429,359,"[""fem"", ""masc""]","[[277, 82], [65, 516]]"
qwen3-0.6b,target_final_subtoken,gender,lemma-heldout,3,all,masc,0.862876254180602,0.8881239242685026,0.8753180661577609,581,"[""fem"", ""masc""]","[[277, 82], [65, 516]]"
qwen3-0.6b,target_final_subtoken,gender,lemma-heldout,4,ADJ,fem,0.9161676646706587,0.9216867469879518,0.918918918918919,166,"[""fem"", ""masc""]","[[153, 13], [14, 68]]"
qwen3-0.6b,target_final_subtoken,gender,lemma-heldout,4,ADJ,masc,0.8395061728395061,0.8292682926829268,0.8343558282208589,82,"[""fem"", ""masc""]","[[153, 13], [14, 68]]"
qwen3-0.6b,target_final_subtoken,gender,lemma-heldout,4,NOUN,fem,0.7004405286343612,0.7395348837209302,0.7194570135746606,215,"[""fem"", ""masc""]","[[159, 56], [68, 255]]"
qwen3-0.6b,target_final_subtoken,gender,lemma-heldout,4,NOUN,masc,0.819935691318328,0.7894736842105263,0.804416403785489,323,"[""fem"", ""masc""]","[[159, 56], [68, 255]]"
qwen3-0.6b,target_final_subtoken,gender,lemma-heldout,4,VERB,fem,0.7037037037037037,0.6785714285714286,0.6909090909090909,56,"[""fem"", ""masc""]","[[38, 18], [16, 81]]"
qwen3-0.6b,target_final_subtoken,gender,lemma-heldout,4,VERB,masc,0.8181818181818182,0.8350515463917526,0.826530612244898,97,"[""fem"", ""masc""]","[[38, 18], [16, 81]]"
qwen3-0.6b,target_final_subtoken,gender,lemma-heldout,4,all,fem,0.78125,0.8009153318077803,0.7909604519774012,437,"[""fem"", ""masc""]","[[350, 87], [98, 404]]"
qwen3-0.6b,target_final_subtoken,gender,lemma-heldout,4,all,masc,0.8228105906313645,0.8047808764940239,0.8136958710976838,502,"[""fem"", ""masc""]","[[350, 87], [98, 404]]"
qwen3-0.6b,target_final_subtoken,gender,random,0,ADJ,fem,0.9805825242718447,0.9901960784313726,0.9853658536585366,102,"[""fem"", ""masc""]","[[101, 1], [2, 91]]"
qwen3-0.6b,target_final_subtoken,gender,random,0,ADJ,masc,0.9891304347826086,0.978494623655914,0.9837837837837838,93,"[""fem"", ""masc""]","[[101, 1], [2, 91]]"
qwen3-0.6b,target_final_subtoken,gender,random,0,NOUN,fem,0.914572864321608,0.9629629629629629,0.9381443298969072,189,"[""fem"", ""masc""]","[[182, 7], [17, 373]]"
qwen3-0.6b,target_final_subtoken,gender,random,0,NOUN,masc,0.9815789473684211,0.9564102564102565,0.9688311688311688,390,"[""fem"", ""masc""]","[[182, 7], [17, 373]]"
qwen3-0.6b,target_final_subtoken,gender,random,0,VERB,fem,0.9074074074074074,0.8032786885245902,0.8521739130434782,61,"[""fem"", ""masc""]","[[49, 12], [5, 100]]"
qwen3-0.6b,target_final_subtoken,gender,random,0,VERB,masc,0.8928571428571429,0.9523809523809523,0.9216589861751152,105,"[""fem"", ""masc""]","[[49, 12], [5, 100]]"
qwen3-0.6b,target_final_subtoken,gender,random,0,all,fem,0.9325842696629213,0.9431818181818182,0.9378531073446328,352,"[""fem"", ""masc""]","[[332, 20], [24, 564]]"
qwen3-0.6b,target_final_subtoken,gender,random,0,all,masc,0.9657534246575342,0.9591836734693877,0.962457337883959,588,"[""fem"", ""masc""]","[[332, 20], [24, 564]]"
qwen3-0.6b,target_final_subtoken,gender,random,1,ADJ,fem,0.9873417721518988,0.9873417721518988,0.9873417721518988,79,"[""fem"", ""masc""]","[[78, 1], [1, 87]]"
qwen3-0.6b,target_final_subtoken,gender,random,1,ADJ,masc,0.9886363636363636,0.9886363636363636,0.9886363636363636,88,"[""fem"", ""masc""]","[[78, 1], [1, 87]]"
qwen3-0.6b,target_final_subtoken,gender,random,1,NOUN,fem,0.9326424870466321,0.9375,0.935064935064935,192,"[""fem"", ""masc""]","[[180, 12], [13, 395]]"
qwen3-0.6b,target_final_subtoken,gender,random,1,NOUN,masc,0.9705159705159705,0.9681372549019608,0.9693251533742331,408,"[""fem"", ""masc""]","[[180, 12], [13, 395]]"
qwen3-0.6b,target_final_subtoken,gender,random,1,VERB,fem,0.9375,0.9259259259259259,0.9316770186335404,81,"[""fem"", ""masc""]","[[75, 6], [5, 87]]"
qwen3-0.6b,target_final_subtoken,gender,random,1,VERB,masc,0.9354838709677419,0.9456521739130435,0.9405405405405406,92,"[""fem"", ""masc""]","[[75, 6], [5, 87]]"
qwen3-0.6b,target_final_subtoken,gender,random,1,all,fem,0.9460227272727273,0.9460227272727273,0.9460227272727273,352,"[""fem"", ""masc""]","[[333, 19], [19, 569]]"
qwen3-0.6b,target_final_subtoken,gender,random,1,all,masc,0.967687074829932,0.967687074829932,0.967687074829932,588,"[""fem"", ""masc""]","[[333, 19], [19, 569]]"
qwen3-0.6b,target_final_subtoken,gender,random,2,ADJ,fem,0.9702970297029703,0.9514563106796117,0.9607843137254902,103,"[""fem"", ""masc""]","[[98, 5], [3, 91]]"
qwen3-0.6b,target_final_subtoken,gender,random,2,ADJ,masc,0.9479166666666666,0.9680851063829787,0.9578947368421052,94,"[""fem"", ""masc""]","[[98, 5], [3, 91]]"
qwen3-0.6b,target_final_subtoken,gender,random,2,NOUN,fem,0.93,0.9393939393939394,0.9346733668341709,198,"[""fem"", ""masc""]","[[186, 12], [14, 375]]"
qwen3-0.6b,target_final_subtoken,gender,random,2,NOUN,masc,0.9689922480620154,0.9640102827763496,0.9664948453608248,389,"[""fem"", ""masc""]","[[186, 12], [14, 375]]"
qwen3-0.6b,target_final_subtoken,gender,random,2,VERB,fem,0.9361702127659575,0.88,0.9072164948453608,50,"[""fem"", ""masc""]","[[44, 6], [3, 103]]"
qwen3-0.6b,target_final_subtoken,gender,random,2,VERB,masc,0.944954128440367,0.9716981132075472,0.958139534883721,106,"[""fem"", ""masc""]","[[44, 6], [3, 103]]"
qwen3-0.6b,target_final_subtoken,gender,random,2,all,fem,0.9425287356321839,0.9344729344729344,0.9384835479256081,351,"[""fem"", ""masc""]","[[328, 23], [20, 569]]"
qwen3-0.6b,target_final_subtoken,gender,random,2,all,masc,0.9611486486486487,0.966044142614601,0.9635901778154107,589,"[""fem"", ""masc""]","[[328, 23], [20, 569]]"
qwen3-0.6b,target_final_subtoken,gender,random,3,ADJ,fem,0.9791666666666666,1.0,0.9894736842105263,94,"[""fem"", ""masc""]","[[94, 0], [2, 71]]"
qwen3-0.6b,target_final_subtoken,gender,random,3,ADJ,masc,1.0,0.9726027397260274,0.9861111111111112,73,"[""fem"", ""masc""]","[[94, 0], [2, 71]]"
qwen3-0.6b,target_final_subtoken,gender,random,3,NOUN,fem,0.9214659685863874,0.9214659685863874,0.9214659685863874,191,"[""fem"", ""masc""]","[[176, 15], [15, 397]]"
qwen3-0.6b,target_final_subtoken,gender,random,3,NOUN,masc,0.9635922330097088,0.9635922330097088,0.9635922330097088,412,"[""fem"", ""masc""]","[[176, 15], [15, 397]]"
qwen3-0.6b,target_final_subtoken,gender,random,3,VERB,fem,0.8307692307692308,0.8181818181818182,0.8244274809160306,66,"[""fem"", ""masc""]","[[54, 12], [11, 93]]"
qwen3-0.6b,target_final_subtoken,gender,random,3,VERB,masc,0.8857142857142857,0.8942307692307693,0.8899521531100478,104,"[""fem"", ""masc""]","[[54, 12], [11, 93]]"
qwen3-0.6b,target_final_subtoken,gender,random,3,all,fem,0.9204545454545454,0.9230769230769231,0.9217638691322901,351,"[""fem"", ""masc""]","[[324, 27], [28, 561]]"
qwen3-0.6b,target_final_subtoken,gender,random,3,all,masc,0.9540816326530612,0.9524617996604414,0.9532710280373832,589,"[""fem"", ""masc""]","[[324, 27], [28, 561]]"
qwen3-0.6b,target_final_subtoken,gender,random,4,ADJ,fem,0.9797979797979798,0.9897959183673469,0.9847715736040609,98,"[""fem"", ""masc""]","[[97, 1], [2, 83]]"
qwen3-0.6b,target_final_subtoken,gender,random,4,ADJ,masc,0.9880952380952381,0.9764705882352941,0.9822485207100592,85,"[""fem"", ""masc""]","[[97, 1], [2, 83]]"
qwen3-0.6b,target_final_subtoken,gender,random,4,NOUN,fem,0.8921568627450981,0.9430051813471503,0.9168765743073047,193,"[""fem"", ""masc""]","[[182, 11], [22, 372]]"
qwen3-0.6b,target_final_subtoken,gender,random,4,NOUN,masc,0.9712793733681462,0.9441624365482234,0.9575289575289575,394,"[""fem"", ""masc""]","[[182, 11], [22, 372]]"
qwen3-0.6b,target_final_subtoken,gender,random,4,VERB,fem,0.8805970149253731,0.9833333333333333,0.9291338582677166,60,"[""fem"", ""masc""]","[[59, 1], [8, 101]]"
qwen3-0.6b,target_final_subtoken,gender,random,4,VERB,masc,0.9901960784313726,0.926605504587156,0.957345971563981,109,"[""fem"", ""masc""]","[[59, 1], [8, 101]]"
qwen3-0.6b,target_final_subtoken,gender,random,4,all,fem,0.9135135135135135,0.9629629629629629,0.9375866851595007,351,"[""fem"", ""masc""]","[[338, 13], [32, 556]]"
qwen3-0.6b,target_final_subtoken,gender,random,4,all,masc,0.9771528998242531,0.9455782312925171,0.9611063094209161,588,"[""fem"", ""masc""]","[[338, 13], [32, 556]]"
qwen3-0.6b,target_final_subtoken,gender,root-heldout,0,ADJ,fem,0.8726114649681529,0.9133333333333333,0.8925081433224755,150,"[""fem"", ""masc""]","[[137, 13], [20, 111]]"
qwen3-0.6b,target_final_subtoken,gender,root-heldout,0,ADJ,masc,0.8951612903225806,0.8473282442748091,0.8705882352941177,131,"[""fem"", ""masc""]","[[137, 13], [20, 111]]"
qwen3-0.6b,target_final_subtoken,gender,root-heldout,0,NOUN,fem,0.7653631284916201,0.7696629213483146,0.7675070028011205,178,"[""fem"", ""masc""]","[[137, 41], [42, 309]]"
qwen3-0.6b,target_final_subtoken,gender,root-heldout,0,NOUN,masc,0.8828571428571429,0.8803418803418803,0.8815977175463623,351,"[""fem"", ""masc""]","[[137, 41], [42, 309]]"
qwen3-0.6b,target_final_subtoken,gender,root-heldout,0,VERB,fem,0.75,0.8478260869565217,0.7959183673469388,46,"[""fem"", ""masc""]","[[39, 7], [13, 71]]"
qwen3-0.6b,target_final_subtoken,gender,root-heldout,0,VERB,masc,0.9102564102564102,0.8452380952380952,0.8765432098765432,84,"[""fem"", ""masc""]","[[39, 7], [13, 71]]"
qwen3-0.6b,target_final_subtoken,gender,root-heldout,0,all,fem,0.8067010309278351,0.8368983957219251,0.821522309711286,374,"[""fem"", ""masc""]","[[313, 61], [75, 491]]"
qwen3-0.6b,target_final_subtoken,gender,root-heldout,0,all,masc,0.8894927536231884,0.8674911660777385,0.8783542039355993,566,"[""fem"", ""masc""]","[[313, 61], [75, 491]]"
qwen3-0.6b,target_final_subtoken,gender,root-heldout,1,ADJ,fem,0.9722222222222222,0.9813084112149533,0.9767441860465116,107,"[""fem"", ""masc""]","[[105, 2], [3, 89]]"
qwen3-0.6b,target_final_subtoken,gender,root-heldout,1,ADJ,masc,0.978021978021978,0.967391304347826,0.9726775956284153,92,"[""fem"", ""masc""]","[[105, 2], [3, 89]]"
qwen3-0.6b,target_final_subtoken,gender,root-heldout,1,NOUN,fem,0.6974358974358974,0.8,0.7452054794520548,170,"[""fem"", ""masc""]","[[136, 34], [59, 371]]"
qwen3-0.6b,target_final_subtoken,gender,root-heldout,1,NOUN,masc,0.9160493827160494,0.8627906976744186,0.888622754491018,430,"[""fem"", ""masc""]","[[136, 34], [59, 371]]"
qwen3-0.6b,target_final_subtoken,gender,root-heldout,1,VERB,fem,0.7704918032786885,0.8545454545454545,0.8103448275862069,55,"[""fem"", ""masc""]","[[47, 8], [14, 72]]"
qwen3-0.6b,target_final_subtoken,gender,root-heldout,1,VERB,masc,0.9,0.8372093023255814,0.8674698795180723,86,"[""fem"", ""masc""]","[[47, 8], [14, 72]]"
qwen3-0.6b,target_final_subtoken,gender,root-heldout,1,all,fem,0.7912087912087912,0.8674698795180723,0.8275862068965517,332,"[""fem"", ""masc""]","[[288, 44], [76, 532]]"
qwen3-0.6b,target_final_subtoken,gender,root-heldout,1,all,masc,0.9236111111111112,0.875,0.8986486486486487,608,"[""fem"", ""masc""]","[[288, 44], [76, 532]]"
qwen3-0.6b,target_final_subtoken,gender,root-heldout,2,ADJ,fem,0.7878787878787878,0.78,0.7839195979899497,100,"[""fem"", ""masc""]","[[78, 22], [21, 58]]"
qwen3-0.6b,target_final_subtoken,gender,root-heldout,2,ADJ,masc,0.725,0.7341772151898734,0.7295597484276729,79,"[""fem"", ""masc""]","[[78, 22], [21, 58]]"
qwen3-0.6b,target_final_subtoken,gender,root-heldout,2,NOUN,fem,0.7859922178988327,0.7799227799227799,0.7829457364341085,259,"[""fem"", ""masc""]","[[202, 57], [55, 274]]"
qwen3-0.6b,target_final_subtoken,gender,root-heldout,2,NOUN,masc,0.8277945619335347,0.8328267477203647,0.8303030303030303,329,"[""fem"", ""masc""]","[[202, 57], [55, 274]]"
qwen3-0.6b,target_final_subtoken,gender,root-heldout,2,VERB,fem,0.9375,0.6716417910447762,0.782608695652174,67,"[""fem"", ""masc""]","[[45, 22], [3, 103]]"
qwen3-0.6b,target_final_subtoken,gender,root-heldout,2,VERB,masc,0.824,0.9716981132075472,0.8917748917748918,106,"[""fem"", ""masc""]","[[45, 22], [3, 103]]"
qwen3-0.6b,target_final_subtoken,gender,root-heldout,2,all,fem,0.8044554455445545,0.7629107981220657,0.7831325301204819,426,"[""fem"", ""masc""]","[[325, 101], [79, 435]]"
qwen3-0.6b,target_final_subtoken,gender,root-heldout,2,all,masc,0.8115671641791045,0.8463035019455253,0.8285714285714286,514,"[""fem"", ""masc""]","[[325, 101], [79, 435]]"
qwen3-0.6b,target_final_subtoken,gender,root-heldout,3,ADJ,fem,0.9821428571428571,0.9482758620689655,0.9649122807017544,58,"[""fem"", ""masc""]","[[55, 3], [1, 64]]"
qwen3-0.6b,target_final_subtoken,gender,root-heldout,3,ADJ,masc,0.9552238805970149,0.9846153846153847,0.9696969696969697,65,"[""fem"", ""masc""]","[[55, 3], [1, 64]]"
qwen3-0.6b,target_final_subtoken,gender,root-heldout,3,NOUN,fem,0.5497630331753555,0.7682119205298014,0.6408839779005525,151,"[""fem"", ""masc""]","[[116, 35], [95, 391]]"
qwen3-0.6b,target_final_subtoken,gender,root-heldout,3,NOUN,masc,0.9178403755868545,0.8045267489711934,0.8574561403508771,486,"[""fem"", ""masc""]","[[116, 35], [95, 391]]"
qwen3-0.6b,target_final_subtoken,gender,root-heldout,3,VERB,fem,0.7333333333333333,0.7333333333333333,0.7333333333333333,60,"[""fem"", ""masc""]","[[44, 16], [16, 104]]"
qwen3-0.6b,target_final_subtoken,gender,root-heldout,3,VERB,masc,0.8666666666666667,0.8666666666666667,0.8666666666666667,120,"[""fem"", ""masc""]","[[44, 16], [16, 104]]"
qwen3-0.6b,target_final_subtoken,gender,root-heldout,3,all,fem,0.6574923547400612,0.7992565055762082,0.7214765100671141,269,"[""fem"", ""masc""]","[[215, 54], [112, 559]]"
qwen3-0.6b,target_final_subtoken,gender,root-heldout,3,all,masc,0.9119086460032626,0.8330849478390462,0.8707165109034268,671,"[""fem"", ""masc""]","[[215, 54], [112, 559]]"
qwen3-0.6b,target_final_subtoken,gender,root-heldout,4,ADJ,fem,0.9322033898305084,0.9016393442622951,0.9166666666666666,61,"[""fem"", ""masc""]","[[55, 6], [4, 62]]"
qwen3-0.6b,target_final_subtoken,gender,root-heldout,4,ADJ,masc,0.9117647058823529,0.9393939393939394,0.9253731343283582,66,"[""fem"", ""masc""]","[[55, 6], [4, 62]]"
qwen3-0.6b,target_final_subtoken,gender,root-heldout,4,NOUN,fem,0.6862745098039216,0.8536585365853658,0.7608695652173914,205,"[""fem"", ""masc""]","[[175, 30], [80, 317]]"
qwen3-0.6b,target_final_subtoken,gender,root-heldout,4,NOUN,masc,0.9135446685878963,0.7984886649874056,0.8521505376344086,397,"[""fem"", ""masc""]","[[175, 30], [80, 317]]"
qwen3-0.6b,target_final_subtoken,gender,root-heldout,4,VERB,fem,0.92,0.7666666666666667,0.8363636363636363,90,"[""fem"", ""masc""]","[[69, 21], [6, 114]]"
qwen3-0.6b,target_final_subtoken,gender,root-heldout,4,VERB,masc,0.8444444444444444,0.95,0.8941176470588236,120,"[""fem"", ""masc""]","[[69, 21], [6, 114]]"
qwen3-0.6b,target_final_subtoken,gender,root-heldout,4,all,fem,0.7686375321336761,0.8398876404494382,0.8026845637583893,356,"[""fem"", ""masc""]","[[299, 57], [90, 493]]"
qwen3-0.6b,target_final_subtoken,gender,root-heldout,4,all,masc,0.8963636363636364,0.8456260720411664,0.8702559576345984,583,"[""fem"", ""masc""]","[[299, 57], [90, 493]]"
qwen3-0.6b,target_final_subtoken,number,lemma-heldout,0,ADJ,du,1.0,1.0,1.0,1,"[""du"", ""pl"", ""sg""]","[[1, 0, 0], [0, 2, 2], [0, 0, 146]]"
qwen3-0.6b,target_final_subtoken,number,lemma-heldout,0,ADJ,pl,1.0,0.5,0.6666666666666666,4,"[""du"", ""pl"", ""sg""]","[[1, 0, 0], [0, 2, 2], [0, 0, 146]]"
qwen3-0.6b,target_final_subtoken,number,lemma-heldout,0,ADJ,sg,0.9864864864864865,1.0,0.9931972789115646,146,"[""du"", ""pl"", ""sg""]","[[1, 0, 0], [0, 2, 2], [0, 0, 146]]"
qwen3-0.6b,target_final_subtoken,number,lemma-heldout,0,NOUN,du,1.0,1.0,1.0,4,"[""du"", ""pl"", ""sg""]","[[4, 0, 0], [0, 130, 26], [0, 10, 467]]"
qwen3-0.6b,target_final_subtoken,number,lemma-heldout,0,NOUN,pl,0.9285714285714286,0.8333333333333334,0.8783783783783784,156,"[""du"", ""pl"", ""sg""]","[[4, 0, 0], [0, 130, 26], [0, 10, 467]]"
qwen3-0.6b,target_final_subtoken,number,lemma-heldout,0,NOUN,sg,0.947261663286004,0.9790356394129979,0.9628865979381444,477,"[""du"", ""pl"", ""sg""]","[[4, 0, 0], [0, 130, 26], [0, 10, 467]]"
qwen3-0.6b,target_final_subtoken,number,lemma-heldout,0,VERB,du,0.0,0.0,0.0,1,"[""du"", ""pl"", ""sg""]","[[0, 0, 1], [0, 10, 2], [0, 5, 134]]"
qwen3-0.6b,target_final_subtoken,number,lemma-heldout,0,VERB,pl,0.6666666666666666,0.8333333333333334,0.7407407407407407,12,"[""du"", ""pl"", ""sg""]","[[0, 0, 1], [0, 10, 2], [0, 5, 134]]"
qwen3-0.6b,target_final_subtoken,number,lemma-heldout,0,VERB,sg,0.9781021897810219,0.9640287769784173,0.9710144927536232,139,"[""du"", ""pl"", ""sg""]","[[0, 0, 1], [0, 10, 2], [0, 5, 134]]"
qwen3-0.6b,target_final_subtoken,number,lemma-heldout,0,all,du,1.0,0.8333333333333334,0.9090909090909091,6,"[""du"", ""pl"", ""sg""]","[[5, 0, 1], [0, 142, 30], [0, 15, 747]]"
qwen3-0.6b,target_final_subtoken,number,lemma-heldout,0,all,pl,0.9044585987261147,0.8255813953488372,0.8632218844984803,172,"[""du"", ""pl"", ""sg""]","[[5, 0, 1], [0, 142, 30], [0, 15, 747]]"
qwen3-0.6b,target_final_subtoken,number,lemma-heldout,0,all,sg,0.9601542416452442,0.9803149606299213,0.9701298701298702,762,"[""du"", ""pl"", ""sg""]","[[5, 0, 1], [0, 142, 30], [0, 15, 747]]"
qwen3-0.6b,target_final_subtoken,number,lemma-heldout,1,ADJ,pl,0.7142857142857143,1.0,0.8333333333333334,5,"[""pl"", ""sg""]","[[5, 0], [2, 177]]"
qwen3-0.6b,target_final_subtoken,number,lemma-heldout,1,ADJ,sg,1.0,0.9888268156424581,0.9943820224719101,179,"[""pl"", ""sg""]","[[5, 0], [2, 177]]"
qwen3-0.6b,target_final_subtoken,number,lemma-heldout,1,NOUN,du,0.5,0.1111111111111111,0.18181818181818182,9,"[""du"", ""pl"", ""sg""]","[[1, 8, 0], [1, 90, 26], [0, 5, 451]]"
qwen3-0.6b,target_final_subtoken,number,lemma-heldout,1,NOUN,pl,0.8737864077669902,0.7692307692307693,0.8181818181818182,117,"[""du"", ""pl"", ""sg""]","[[1, 8, 0], [1, 90, 26], [0, 5, 451]]"
qwen3-0.6b,target_final_subtoken,number,lemma-heldout,1,NOUN,sg,0.9454926624737946,0.9890350877192983,0.9667738478027867,456,"[""du"", ""pl"", ""sg""]","[[1, 8, 0], [1, 90, 26], [0, 5, 451]]"
qwen3-0.6b,target_final_subtoken,number,lemma-heldout,1,VERB,du,0.0,0.0,0.0,1,"[""du"", ""pl"", ""sg""]","[[0, 0, 1], [0, 13, 2], [0, 2, 156]]"
qwen3-0.6b,target_final_subtoken,number,lemma-heldout,1,VERB,pl,0.8666666666666667,0.8666666666666667,0.8666666666666667,15,"[""du"", ""pl"", ""sg""]","[[0, 0, 1], [0, 13, 2], [0, 2, 156]]"
qwen3-0.6b,target_final_subtoken,number,lemma-heldout,1,VERB,sg,0.9811320754716981,0.9873417721518988,0.9842271293375394,158,"[""du"", ""pl"", ""sg""]","[[0, 0, 1], [0, 13, 2], [0, 2, 156]]"
qwen3-0.6b,target_final_subtoken,number,lemma-heldout,1,all,du,0.5,0.1,0.16666666666666666,10,"[""du"", ""pl"", ""sg""]","[[1, 8, 1], [1, 108, 28], [0, 9, 784]]"
qwen3-0.6b,target_final_subtoken,number,lemma-heldout,1,all,pl,0.864,0.7883211678832117,0.8244274809160306,137,"[""du"", ""pl"", ""sg""]","[[1, 8, 1], [1, 108, 28], [0, 9, 784]]"
qwen3-0.6b,target_final_subtoken,number,lemma-heldout,1,all,sg,0.964329643296433,0.9886506935687264,0.9763387297633873,793,"[""du"", ""pl"", ""sg""]","[[1, 8, 1], [1, 108, 28], [0, 9, 784]]"
qwen3-0.6b,target_final_subtoken,number,lemma-heldout,2,ADJ,pl,0.2631578947368421,1.0,0.4166666666666667,5,"[""pl"", ""sg""]","[[5, 0], [14, 136]]"
qwen3-0.6b,target_final_subtoken,number,lemma-heldout,2,ADJ,sg,1.0,0.9066666666666666,0.951048951048951,150,"[""pl"", ""sg""]","[[5, 0], [14, 136]]"
qwen3-0.6b,target_final_subtoken,number,lemma-heldout,2,NOUN,du,0.6666666666666666,0.2222222222222222,0.3333333333333333,9,"[""du"", ""pl"", ""sg""]","[[2, 3, 4], [1, 109, 23], [0, 9, 437]]"
qwen3-0.6b,target_final_subtoken,number,lemma-heldout,2,NOUN,pl,0.9008264462809917,0.8195488721804511,0.8582677165354331,133,"[""du"", ""pl"", ""sg""]","[[2, 3, 4], [1, 109, 23], [0, 9, 437]]"
qwen3-0.6b,target_final_subtoken,number,lemma-heldout,2,NOUN,sg,0.9418103448275862,0.9798206278026906,0.9604395604395605,446,"[""du"", ""pl"", ""sg""]","[[2, 3, 4], [1, 109, 23], [0, 9, 437]]"
qwen3-0.6b,target_final_subtoken,number,lemma-heldout,2,VERB,du,1.0,0.5,0.6666666666666666,2,"[""du"", ""pl"", ""sg""]","[[1, 0, 1], [0, 9, 3], [0, 6, 177]]"
qwen3-0.6b,target_final_subtoken,number,lemma-heldout,2,VERB,pl,0.6,0.75,0.6666666666666666,12,"[""du"", ""pl"", ""sg""]","[[1, 0, 1], [0, 9, 3], [0, 6, 177]]"
qwen3-0.6b,target_final_subtoken,number,lemma-heldout,2,VERB,sg,0.9779005524861878,0.9672131147540983,0.9725274725274725,183,"[""du"", ""pl"", ""sg""]","[[1, 0, 1], [0, 9, 3], [0, 6, 177]]"
qwen3-0.6b,target_final_subtoken,number,lemma-heldout,2,all,du,0.75,0.2727272727272727,0.4,11,"[""du"", ""pl"", ""sg""]","[[3, 3, 5], [1, 123, 26], [0, 29, 750]]"
qwen3-0.6b,target_final_subtoken,number,lemma-heldout,2,all,pl,0.7935483870967742,0.82,0.8065573770491803,150,"[""du"", ""pl"", ""sg""]","[[3, 3, 5], [1, 123, 26], [0, 29, 750]]"
qwen3-0.6b,target_final_subtoken,number,lemma-heldout,2,all,sg,0.9603072983354674,0.962772785622593,0.9615384615384616,779,"[""du"", ""pl"", ""sg""]","[[3, 3, 5], [1, 123, 26], [0, 29, 750]]"
qwen3-0.6b,target_final_subtoken,number,lemma-heldout,3,ADJ,du,0.6666666666666666,1.0,0.8,2,"[""du"", ""pl"", ""sg""]","[[2, 0, 0], [0, 2, 0], [1, 7, 159]]"
qwen3-0.6b,target_final_subtoken,number,lemma-heldout,3,ADJ,pl,0.2222222222222222,1.0,0.36363636363636365,2,"[""du"", ""pl"", ""sg""]","[[2, 0, 0], [0, 2, 0], [1, 7, 159]]"
qwen3-0.6b,target_final_subtoken,number,lemma-heldout,3,ADJ,sg,1.0,0.9520958083832335,0.9754601226993865,167,"[""du"", ""pl"", ""sg""]","[[2, 0, 0], [0, 2, 0], [1, 7, 159]]"
qwen3-0.6b,target_final_subtoken,number,lemma-heldout,3,NOUN,du,1.0,0.7777777777777778,0.875,9,"[""du"", ""pl"", ""sg""]","[[7, 2, 0], [0, 94, 18], [0, 27, 463]]"
qwen3-0.6b,target_final_subtoken,number,lemma-heldout,3,NOUN,pl,0.7642276422764228,0.8392857142857143,0.8,112,"[""du"", ""pl"", ""sg""]","[[7, 2, 0], [0, 94, 18], [0, 27, 463]]"
qwen3-0.6b,target_final_subtoken,number,lemma-heldout,3,NOUN,sg,0.9625779625779626,0.9448979591836735,0.9536560247167868,490,"[""du"", ""pl"", ""sg""]","[[7, 2, 0], [0, 94, 18], [0, 27, 463]]"
qwen3-0.6b,target_final_subtoken,number,lemma-heldout,3,VERB,du,1.0,1.0,1.0,1,"[""du"", ""pl"", ""sg""]","[[1, 0, 0], [0, 7, 1], [0, 6, 143]]"
qwen3-0.6b,target_final_subtoken,number,lemma-heldout,3,VERB,pl,0.5384615384615384,0.875,0.6666666666666666,8,"[""du"", ""pl"", ""sg""]","[[1, 0, 0], [0, 7, 1], [0, 6, 143]]"
qwen3-0.6b,target_final_subtoken,number,lemma-heldout,3,VERB,sg,0.9930555555555556,0.959731543624161,0.9761092150170648,149,"[""du"", ""pl"", ""sg""]","[[1, 0, 0], [0, 7, 1], [0, 6, 143]]"
qwen3-0.6b,target_final_subtoken,number,lemma-heldout,3,all,du,0.9090909090909091,0.8333333333333334,0.8695652173913043,12,"[""du"", ""pl"", ""sg""]","[[10, 2, 0], [0, 103, 19], [1, 40, 765]]"
qwen3-0.6b,target_final_subtoken,number,lemma-heldout,3,all,pl,0.7103448275862069,0.8442622950819673,0.7715355805243446,122,"[""du"", ""pl"", ""sg""]","[[10, 2, 0], [0, 103, 19], [1, 40, 765]]"
qwen3-0.6b,target_final_subtoken,number,lemma-heldout,3,all,sg,0.9757653061224489,0.9491315136476427,0.9622641509433962,806,"[""du"", ""pl"", ""sg""]","[[10, 2, 0], [0, 103, 19], [1, 40, 765]]"
qwen3-0.6b,target_final_subtoken,number,lemma-heldout,4,ADJ,du,1.0,0.5,0.6666666666666666,2,"[""du"", ""pl"", ""sg""]","[[1, 0, 1], [0, 2, 0], [0, 12, 232]]"
qwen3-0.6b,target_final_subtoken,number,lemma-heldout,4,ADJ,pl,0.14285714285714285,1.0,0.25,2,"[""du"", ""pl"", ""sg""]","[[1, 0, 1], [0, 2, 0], [0, 12, 232]]"
qwen3-0.6b,target_final_subtoken,number,lemma-heldout,4,ADJ,sg,0.9957081545064378,0.9508196721311475,0.9727463312368972,244,"[""du"", ""pl"", ""sg""]","[[1, 0, 1], [0, 2, 0], [0, 12, 232]]"
qwen3-0.6b,target_final_subtoken,number,lemma-heldout,4,NOUN,du,1.0,0.5,0.6666666666666666,2,"[""du"", ""pl"", ""sg""]","[[1, 1, 0], [0, 98, 15], [0, 3, 420]]"
qwen3-0.6b,target_final_subtoken,number,lemma-heldout,4,NOUN,pl,0.9607843137254902,0.8672566371681416,0.9116279069767442,113,"[""du"", ""pl"", ""sg""]","[[1, 1, 0], [0, 98, 15], [0, 3, 420]]"
qwen3-0.6b,target_final_subtoken,number,lemma-heldout,4,NOUN,sg,0.9655172413793104,0.9929078014184397,0.9790209790209791,423,"[""du"", ""pl"", ""sg""]","[[1, 1, 0], [0, 98, 15], [0, 3, 420]]"
qwen3-0.6b,target_final_subtoken,number,lemma-heldout,4,VERB,du,1.0,0.5,0.6666666666666666,2,"[""du"", ""pl"", ""sg""]","[[1, 0, 1], [0, 4, 0], [0, 3, 144]]"
qwen3-0.6b,target_final_subtoken,number,lemma-heldout,4,VERB,pl,0.5714285714285714,1.0,0.7272727272727273,4,"[""du"", ""pl"", ""sg""]","[[1, 0, 1], [0, 4, 0], [0, 3, 144]]"
qwen3-0.6b,target_final_subtoken,number,lemma-heldout,4,VERB,sg,0.993103448275862,0.9795918367346939,0.9863013698630136,147,"[""du"", ""pl"", ""sg""]","[[1, 0, 1], [0, 4, 0], [0, 3, 144]]"
qwen3-0.6b,target_final_subtoken,number,lemma-heldout,4,all,du,1.0,0.5,0.6666666666666666,6,"[""du"", ""pl"", ""sg""]","[[3, 1, 2], [0, 104, 15], [0, 18, 796]]"
qwen3-0.6b,target_final_subtoken,number,lemma-heldout,4,all,pl,0.8455284552845529,0.8739495798319328,0.859504132231405,119,"[""du"", ""pl"", ""sg""]","[[3, 1, 2], [0, 104, 15], [0, 18, 796]]"
qwen3-0.6b,target_final_subtoken,number,lemma-heldout,4,all,sg,0.9790897908979089,0.9778869778869779,0.9784880147510756,814,"[""du"", ""pl"", ""sg""]","[[3, 1, 2], [0, 104, 15], [0, 18, 796]]"
qwen3-0.6b,target_final_subtoken,number,random,0,ADJ,pl,0.5,1.0,0.6666666666666666,1,"[""pl"", ""sg""]","[[1, 0], [1, 177]]"
qwen3-0.6b,target_final_subtoken,number,random,0,ADJ,sg,1.0,0.9943820224719101,0.9971830985915493,178,"[""pl"", ""sg""]","[[1, 0], [1, 177]]"
qwen3-0.6b,target_final_subtoken,number,random,0,NOUN,du,1.0,0.375,0.5454545454545454,8,"[""du"", ""pl"", ""sg""]","[[3, 5, 0], [0, 122, 8], [0, 10, 456]]"
qwen3-0.6b,target_final_subtoken,number,random,0,NOUN,pl,0.8905109489051095,0.9384615384615385,0.9138576779026217,130,"[""du"", ""pl"", ""sg""]","[[3, 5, 0], [0, 122, 8], [0, 10, 456]]"
qwen3-0.6b,target_final_subtoken,number,random,0,NOUN,sg,0.9827586206896551,0.9785407725321889,0.9806451612903225,466,"[""du"", ""pl"", ""sg""]","[[3, 5, 0], [0, 122, 8], [0, 10, 456]]"
qwen3-0.6b,target_final_subtoken,number,random,0,VERB,du,0.0,0.0,0.0,1,"[""du"", ""pl"", ""sg""]","[[0, 0, 1], [0, 7, 2], [0, 1, 146]]"
qwen3-0.6b,target_final_subtoken,number,random,0,VERB,pl,0.875,0.7777777777777778,0.8235294117647058,9,"[""du"", ""pl"", ""sg""]","[[0, 0, 1], [0, 7, 2], [0, 1, 146]]"
qwen3-0.6b,target_final_subtoken,number,random,0,VERB,sg,0.9798657718120806,0.9931972789115646,0.9864864864864865,147,"[""du"", ""pl"", ""sg""]","[[0, 0, 1], [0, 7, 2], [0, 1, 146]]"
qwen3-0.6b,target_final_subtoken,number,random,0,all,du,1.0,0.3333333333333333,0.5,9,"[""du"", ""pl"", ""sg""]","[[3, 5, 1], [0, 130, 10], [0, 12, 779]]"
qwen3-0.6b,target_final_subtoken,number,random,0,all,pl,0.8843537414965986,0.9285714285714286,0.9059233449477352,140,"[""du"", ""pl"", ""sg""]","[[3, 5, 1], [0, 130, 10], [0, 12, 779]]"
qwen3-0.6b,target_final_subtoken,number,random,0,all,sg,0.9860759493670886,0.9848293299620733,0.9854522454142948,791,"[""du"", ""pl"", ""sg""]","[[3, 5, 1], [0, 130, 10], [0, 12, 779]]"
qwen3-0.6b,target_final_subtoken,number,random,1,ADJ,du,1.0,0.5,0.6666666666666666,2,"[""du"", ""pl"", ""sg""]","[[1, 0, 1], [0, 5, 1], [0, 1, 185]]"
qwen3-0.6b,target_final_subtoken,number,random,1,ADJ,pl,0.8333333333333334,0.8333333333333334,0.8333333333333334,6,"[""du"", ""pl"", ""sg""]","[[1, 0, 1], [0, 5, 1], [0, 1, 185]]"
qwen3-0.6b,target_final_subtoken,number,random,1,ADJ,sg,0.9893048128342246,0.9946236559139785,0.9919571045576407,186,"[""du"", ""pl"", ""sg""]","[[1, 0, 1], [0, 5, 1], [0, 1, 185]]"
qwen3-0.6b,target_final_subtoken,number,random,1,NOUN,du,1.0,0.5,0.6666666666666666,6,"[""du"", ""pl"", ""sg""]","[[3, 2, 1], [0, 111, 14], [0, 5, 444]]"
qwen3-0.6b,target_final_subtoken,number,random,1,NOUN,pl,0.940677966101695,0.888,0.9135802469135802,125,"[""du"", ""pl"", ""sg""]","[[3, 2, 1], [0, 111, 14], [0, 5, 444]]"
qwen3-0.6b,target_final_subtoken,number,random,1,NOUN,sg,0.9673202614379085,0.9888641425389755,0.9779735682819384,449,"[""du"", ""pl"", ""sg""]","[[3, 2, 1], [0, 111, 14], [0, 5, 444]]"
qwen3-0.6b,target_final_subtoken,number,random,1,VERB,du,0.0,0.0,0.0,1,"[""du"", ""pl"", ""sg""]","[[0, 1, 0], [0, 7, 2], [0, 1, 155]]"
qwen3-0.6b,target_final_subtoken,number,random,1,VERB,pl,0.7777777777777778,0.7777777777777778,0.7777777777777778,9,"[""du"", ""pl"", ""sg""]","[[0, 1, 0], [0, 7, 2], [0, 1, 155]]"
qwen3-0.6b,target_final_subtoken,number,random,1,VERB,sg,0.9872611464968153,0.9935897435897436,0.9904153354632588,156,"[""du"", ""pl"", ""sg""]","[[0, 1, 0], [0, 7, 2], [0, 1, 155]]"
qwen3-0.6b,target_final_subtoken,number,random,1,all,du,1.0,0.4444444444444444,0.6153846153846154,9,"[""du"", ""pl"", ""sg""]","[[4, 3, 2], [0, 123, 17], [0, 7, 784]]"
qwen3-0.6b,target_final_subtoken,number,random,1,all,pl,0.924812030075188,0.8785714285714286,0.9010989010989011,140,"[""du"", ""pl"", ""sg""]","[[4, 3, 2], [0, 123, 17], [0, 7, 784]]"
qwen3-0.6b,target_final_subtoken,number,random,1,all,sg,0.9763387297633873,0.9911504424778761,0.9836888331242158,791,"[""du"", ""pl"", ""sg""]","[[4, 3, 2], [0, 123, 17], [0, 7, 784]]"
qwen3-0.6b,target_final_subtoken,number,random,2,ADJ,pl,1.0,1.0,1.0,3,"[""pl"", ""sg""]","[[3, 0], [0, 166]]"
qwen3-0.6b,target_final_subtoken,number,random,2,ADJ,sg,1.0,1.0,1.0,166,"[""pl"", ""sg""]","[[3, 0], [0, 166]]"
qwen3-0.6b,target_final_subtoken,number,random,2,NOUN,du,1.0,0.5,0.6666666666666666,6,"[""du"", ""pl"", ""sg""]","[[3, 1, 2], [0, 115, 11], [0, 6, 456]]"
qwen3-0.6b,target_final_subtoken,number,random,2,NOUN,pl,0.9426229508196722,0.9126984126984127,0.9274193548387096,126,"[""du"", ""pl"", ""sg""]","[[3, 1, 2], [0, 115, 11], [0, 6, 456]]"
qwen3-0.6b,target_final_subtoken,number,random,2,NOUN,sg,0.9722814498933902,0.987012987012987,0.9795918367346939,462,"[""du"", ""pl"", ""sg""]","[[3, 1, 2], [0, 115, 11], [0, 6, 456]]"
qwen3-0.6b,target_final_subtoken,number,random,2,VERB,du,1.0,0.3333333333333333,0.5,3,"[""du"", ""pl"", ""sg""]","[[1, 0, 2], [0, 11, 0], [0, 2, 161]]"
qwen3-0.6b,target_final_subtoken,number,random,2,VERB,pl,0.8461538461538461,1.0,0.9166666666666666,11,"[""du"", ""pl"", ""sg""]","[[1, 0, 2], [0, 11, 0], [0, 2, 161]]"
qwen3-0.6b,target_final_subtoken,number,random,2,VERB,sg,0.9877300613496932,0.9877300613496932,0.9877300613496932,163,"[""du"", ""pl"", ""sg""]","[[1, 0, 2], [0, 11, 0], [0, 2, 161]]"
qwen3-0.6b,target_final_subtoken,number,random,2,all,du,1.0,0.4444444444444444,0.6153846153846154,9,"[""du"", ""pl"", ""sg""]","[[4, 1, 4], [0, 129, 11], [0, 8, 783]]"
qwen3-0.6b,target_final_subtoken,number,random,2,all,pl,0.9347826086956522,0.9214285714285714,0.9280575539568345,140,"[""du"", ""pl"", ""sg""]","[[4, 1, 4], [0, 129, 11], [0, 8, 783]]"
qwen3-0.6b,target_final_subtoken,number,random,2,all,sg,0.981203007518797,0.9898862199747156,0.9855254877281309,791,"[""du"", ""pl"", ""sg""]","[[4, 1, 4], [0, 129, 11], [0, 8, 783]]"
qwen3-0.6b,target_final_subtoken,number,random,3,ADJ,du,1.0,1.0,1.0,3,"[""du"", ""pl"", ""sg""]","[[3, 0, 0], [0, 4, 0], [0, 0, 187]]"
qwen3-0.6b,target_final_subtoken,number,random,3,ADJ,pl,1.0,1.0,1.0,4,"[""du"", ""pl"", ""sg""]","[[3, 0, 0], [0, 4, 0], [0, 0, 187]]"
qwen3-0.6b,target_final_subtoken,number,random,3,ADJ,sg,1.0,1.0,1.0,187,"[""du"", ""pl"", ""sg""]","[[3, 0, 0], [0, 4, 0], [0, 0, 187]]"
qwen3-0.6b,target_final_subtoken,number,random,3,NOUN,du,1.0,0.6666666666666666,0.8,6,"[""du"", ""pl"", ""sg""]","[[4, 1, 1], [0, 114, 9], [0, 5, 427]]"
qwen3-0.6b,target_final_subtoken,number,random,3,NOUN,pl,0.95,0.926829268292683,0.9382716049382716,123,"[""du"", ""pl"", ""sg""]","[[4, 1, 1], [0, 114, 9], [0, 5, 427]]"
qwen3-0.6b,target_final_subtoken,number,random,3,NOUN,sg,0.977116704805492,0.9884259259259259,0.9827387802071347,432,"[""du"", ""pl"", ""sg""]","[[4, 1, 1], [0, 114, 9], [0, 5, 427]]"
qwen3-0.6b,target_final_subtoken,number,random,3,VERB,pl,0.9230769230769231,0.9230769230769231,0.9230769230769231,13,"[""pl"", ""sg""]","[[12, 1], [1, 171]]"
qwen3-0.6b,target_final_subtoken,number,random,3,VERB,sg,0.9941860465116279,0.9941860465116279,0.9941860465116279,172,"[""pl"", ""sg""]","[[12, 1], [1, 171]]"
qwen3-0.6b,target_final_subtoken,number,random,3,all,du,1.0,0.7777777777777778,0.875,9,"[""du"", ""pl"", ""sg""]","[[7, 1, 1], [0, 130, 10], [0, 6, 785]]"
qwen3-0.6b,target_final_subtoken,number,random,3,all,pl,0.948905109489051,0.9285714285714286,0.9386281588447654,140,"[""du"", ""pl"", ""sg""]","[[7, 1, 1], [0, 130, 10], [0, 6, 785]]"
qwen3-0.6b,target_final_subtoken,number,random,3,all,sg,0.9861809045226131,0.9924146649810367,0.9892879647132955,791,"[""du"", ""pl"", ""sg""]","[[7, 1, 1], [0, 130, 10], [0, 6, 785]]"
qwen3-0.6b,target_final_subtoken,number,random,4,ADJ,pl,0.8,1.0,0.8888888888888888,4,"[""pl"", ""sg""]","[[4, 0], [1, 168]]"
qwen3-0.6b,target_final_subtoken,number,random,4,ADJ,sg,1.0,0.9940828402366864,0.9970326409495549,169,"[""pl"", ""sg""]","[[4, 0], [1, 168]]"
qwen3-0.6b,target_final_subtoken,number,random,4,NOUN,du,1.0,0.8571428571428571,0.9230769230769231,7,"[""du"", ""pl"", ""sg""]","[[6, 1, 0], [0, 117, 10], [0, 4, 479]]"
qwen3-0.6b,target_final_subtoken,number,random,4,NOUN,pl,0.9590163934426229,0.9212598425196851,0.9397590361445783,127,"[""du"", ""pl"", ""sg""]","[[6, 1, 0], [0, 117, 10], [0, 4, 479]]"
qwen3-0.6b,target_final_subtoken,number,random,4,NOUN,sg,0.9795501022494888,0.9917184265010351,0.98559670781893,483,"[""du"", ""pl"", ""sg""]","[[6, 1, 0], [0, 117, 10], [0, 4, 479]]"
qwen3-0.6b,target_final_subtoken,number,random,4,VERB,du,1.0,0.5,0.6666666666666666,2,"[""du"", ""pl"", ""sg""]","[[1, 0, 1], [0, 5, 4], [0, 4, 134]]"
qwen3-0.6b,target_final_subtoken,number,random,4,VERB,pl,0.5555555555555556,0.5555555555555556,0.5555555555555556,9,"[""du"", ""pl"", ""sg""]","[[1, 0, 1], [0, 5, 4], [0, 4, 134]]"
qwen3-0.6b,target_final_subtoken,number,random,4,VERB,sg,0.9640287769784173,0.9710144927536232,0.9675090252707581,138,"[""du"", ""pl"", ""sg""]","[[1, 0, 1], [0, 5, 4], [0, 4, 134]]"
qwen3-0.6b,target_final_subtoken,number,random,4,all,du,1.0,0.7777777777777778,0.875,9,"[""du"", ""pl"", ""sg""]","[[7, 1, 1], [0, 126, 14], [0, 9, 781]]"
qwen3-0.6b,target_final_subtoken,number,random,4,all,pl,0.9264705882352942,0.9,0.9130434782608695,140,"[""du"", ""pl"", ""sg""]","[[7, 1, 1], [0, 126, 14], [0, 9, 781]]"
qwen3-0.6b,target_final_subtoken,number,random,4,all,sg,0.9811557788944724,0.9886075949367089,0.9848675914249685,790,"[""du"", ""pl"", ""sg""]","[[7, 1, 1], [0, 126, 14], [0, 9, 781]]"
qwen3-0.6b,target_final_subtoken,number,root-heldout,0,ADJ,du,1.0,1.0,1.0,1,"[""du"", ""pl"", ""sg""]","[[1, 0, 0], [0, 3, 0], [0, 6, 271]]"
qwen3-0.6b,target_final_subtoken,number,root-heldout,0,ADJ,pl,0.3333333333333333,1.0,0.5,3,"[""du"", ""pl"", ""sg""]","[[1, 0, 0], [0, 3, 0], [0, 6, 271]]"
qwen3-0.6b,target_final_subtoken,number,root-heldout,0,ADJ,sg,1.0,0.9783393501805054,0.9890510948905109,277,"[""du"", ""pl"", ""sg""]","[[1, 0, 0], [0, 3, 0], [0, 6, 271]]"
qwen3-0.6b,target_final_subtoken,number,root-heldout,0,NOUN,du,1.0,0.4,0.5714285714285714,5,"[""du"", ""pl"", ""sg""]","[[2, 3, 0], [0, 64, 40], [0, 12, 408]]"
qwen3-0.6b,target_final_subtoken,number,root-heldout,0,NOUN,pl,0.810126582278481,0.6153846153846154,0.6994535519125683,104,"[""du"", ""pl"", ""sg""]","[[2, 3, 0], [0, 64, 40], [0, 12, 408]]"
qwen3-0.6b,target_final_subtoken,number,root-heldout,0,NOUN,sg,0.9107142857142857,0.9714285714285714,0.9400921658986175,420,"[""du"", ""pl"", ""sg""]","[[2, 3, 0], [0, 64, 40], [0, 12, 408]]"
qwen3-0.6b,target_final_subtoken,number,root-heldout,0,VERB,du,0.0,0.0,0.0,1,"[""du"", ""pl"", ""sg""]","[[0, 0, 1], [0, 12, 2], [0, 7, 108]]"
qwen3-0.6b,target_final_subtoken,number,root-heldout,0,VERB,pl,0.631578947368421,0.8571428571428571,0.7272727272727273,14,"[""du"", ""pl"", ""sg""]","[[0, 0, 1], [0, 12, 2], [0, 7, 108]]"
qwen3-0.6b,target_final_subtoken,number,root-heldout,0,VERB,sg,0.972972972972973,0.9391304347826087,0.9557522123893806,115,"[""du"", ""pl"", ""sg""]","[[0, 0, 1], [0, 12, 2], [0, 7, 108]]"
qwen3-0.6b,target_final_subtoken,number,root-heldout,0,all,du,1.0,0.42857142857142855,0.6,7,"[""du"", ""pl"", ""sg""]","[[3, 3, 1], [0, 79, 42], [0, 25, 787]]"
qwen3-0.6b,target_final_subtoken,number,root-heldout,0,all,pl,0.7383177570093458,0.6528925619834711,0.6929824561403509,121,"[""du"", ""pl"", ""sg""]","[[3, 3, 1], [0, 79, 42], [0, 25, 787]]"
qwen3-0.6b,target_final_subtoken,number,root-heldout,0,all,sg,0.9481927710843373,0.9692118226600985,0.9585870889159561,812,"[""du"", ""pl"", ""sg""]","[[3, 3, 1], [0, 79, 42], [0, 25, 787]]"
qwen3-0.6b,target_final_subtoken,number,root-heldout,1,ADJ,du,1.0,1.0,1.0,2,"[""du"", ""pl"", ""sg""]","[[2, 0, 0], [0, 0, 1], [0, 1, 195]]"
qwen3-0.6b,target_final_subtoken,number,root-heldout,1,ADJ,pl,0.0,0.0,0.0,1,"[""du"", ""pl"", ""sg""]","[[2, 0, 0], [0, 0, 1], [0, 1, 195]]"
qwen3-0.6b,target_final_subtoken,number,root-heldout,1,ADJ,sg,0.9948979591836735,0.9948979591836735,0.9948979591836735,196,"[""du"", ""pl"", ""sg""]","[[2, 0, 0], [0, 0, 1], [0, 1, 195]]"
qwen3-0.6b,target_final_subtoken,number,root-heldout,1,NOUN,du,0.25,0.14285714285714285,0.18181818181818182,7,"[""du"", ""pl"", ""sg""]","[[1, 2, 4], [0, 60, 26], [3, 8, 496]]"
qwen3-0.6b,target_final_subtoken,number,root-heldout,1,NOUN,pl,0.8571428571428571,0.6976744186046512,0.7692307692307693,86,"[""du"", ""pl"", ""sg""]","[[1, 2, 4], [0, 60, 26], [3, 8, 496]]"
qwen3-0.6b,target_final_subtoken,number,root-heldout,1,NOUN,sg,0.9429657794676806,0.9783037475345168,0.9603097773475314,507,"[""du"", ""pl"", ""sg""]","[[1, 2, 4], [0, 60, 26], [3, 8, 496]]"
qwen3-0.6b,target_final_subtoken,number,root-heldout,1,VERB,du,0.0,0.0,0.0,2,"[""du"", ""pl"", ""sg""]","[[0, 1, 1], [0, 6, 2], [0, 2, 129]]"
qwen3-0.6b,target_final_subtoken,number,root-heldout,1,VERB,pl,0.6666666666666666,0.75,0.7058823529411765,8,"[""du"", ""pl"", ""sg""]","[[0, 1, 1], [0, 6, 2], [0, 2, 129]]"
qwen3-0.6b,target_final_subtoken,number,root-heldout,1,VERB,sg,0.9772727272727273,0.9847328244274809,0.9809885931558935,131,"[""du"", ""pl"", ""sg""]","[[0, 1, 1], [0, 6, 2], [0, 2, 129]]"
qwen3-0.6b,target_final_subtoken,number,root-heldout,1,all,du,0.5,0.2727272727272727,0.35294117647058826,11,"[""du"", ""pl"", ""sg""]","[[3, 3, 5], [0, 66, 29], [3, 11, 820]]"
qwen3-0.6b,target_final_subtoken,number,root-heldout,1,all,pl,0.825,0.6947368421052632,0.7542857142857143,95,"[""du"", ""pl"", ""sg""]","[[3, 3, 5], [0, 66, 29], [3, 11, 820]]"
qwen3-0.6b,target_final_subtoken,number,root-heldout,1,all,sg,0.9601873536299765,0.9832134292565947,0.9715639810426541,834,"[""du"", ""pl"", ""sg""]","[[3, 3, 5], [0, 66, 29], [3, 11, 820]]"
qwen3-0.6b,target_final_subtoken,number,root-heldout,2,ADJ,pl,1.0,0.8333333333333334,0.9090909090909091,6,"[""pl"", ""sg""]","[[5, 1], [0, 173]]"
qwen3-0.6b,target_final_subtoken,number,root-heldout,2,ADJ,sg,0.9942528735632183,1.0,0.9971181556195965,173,"[""pl"", ""sg""]","[[5, 1], [0, 173]]"
qwen3-0.6b,target_final_subtoken,number,root-heldout,2,NOUN,du,1.0,1.0,1.0,2,"[""du"", ""pl"", ""sg""]","[[2, 0, 0], [0, 117, 27], [0, 4, 438]]"
qwen3-0.6b,target_final_subtoken,number,root-heldout,2,NOUN,pl,0.9669421487603306,0.8125,0.8830188679245283,144,"[""du"", ""pl"", ""sg""]","[[2, 0, 0], [0, 117, 27], [0, 4, 438]]"
qwen3-0.6b,target_final_subtoken,number,root-heldout,2,NOUN,sg,0.9419354838709677,0.9909502262443439,0.9658213891951488,442,"[""du"", ""pl"", ""sg""]","[[2, 0, 0], [0, 117, 27], [0, 4, 438]]"
qwen3-0.6b,target_final_subtoken,number,root-heldout,2,VERB,du,1.0,0.5,0.6666666666666666,2,"[""du"", ""pl"", ""sg""]","[[1, 0, 1], [0, 8, 3], [0, 10, 150]]"
qwen3-0.6b,target_final_subtoken,number,root-heldout,2,VERB,pl,0.4444444444444444,0.7272727272727273,0.5517241379310345,11,"[""du"", ""pl"", ""sg""]","[[1, 0, 1], [0, 8, 3], [0, 10, 150]]"
qwen3-0.6b,target_final_subtoken,number,root-heldout,2,VERB,sg,0.974025974025974,0.9375,0.9554140127388535,160,"[""du"", ""pl"", ""sg""]","[[1, 0, 1], [0, 8, 3], [0, 10, 150]]"
qwen3-0.6b,target_final_subtoken,number,root-heldout,2,all,du,1.0,0.75,0.8571428571428571,4,"[""du"", ""pl"", ""sg""]","[[3, 0, 1], [0, 130, 31], [0, 14, 761]]"
qwen3-0.6b,target_final_subtoken,number,root-heldout,2,all,pl,0.9027777777777778,0.8074534161490683,0.8524590163934426,161,"[""du"", ""pl"", ""sg""]","[[3, 0, 1], [0, 130, 31], [0, 14, 761]]"
qwen3-0.6b,target_final_subtoken,number,root-heldout,2,all,sg,0.9596469104665826,0.9819354838709677,0.9706632653061225,775,"[""du"", ""pl"", ""sg""]","[[3, 0, 1], [0, 130, 31], [0, 14, 761]]"
qwen3-0.6b,target_final_subtoken,number,root-heldout,3,ADJ,du,1.0,0.5,0.6666666666666666,2,"[""du"", ""pl"", ""sg""]","[[1, 0, 1], [0, 6, 0], [0, 4, 111]]"
qwen3-0.6b,target_final_subtoken,number,root-heldout,3,ADJ,pl,0.6,1.0,0.75,6,"[""du"", ""pl"", ""sg""]","[[1, 0, 1], [0, 6, 0], [0, 4, 111]]"
qwen3-0.6b,target_final_subtoken,number,root-heldout,3,ADJ,sg,0.9910714285714286,0.9652173913043478,0.9779735682819384,115,"[""du"", ""pl"", ""sg""]","[[1, 0, 1], [0, 6, 0], [0, 4, 111]]"
qwen3-0.6b,target_final_subtoken,number,root-heldout,3,NOUN,du,1.0,0.5454545454545454,0.7058823529411765,11,"[""du"", ""pl"", ""sg""]","[[6, 2, 3], [0, 102, 35], [0, 21, 468]]"
qwen3-0.6b,target_final_subtoken,number,root-heldout,3,NOUN,pl,0.816,0.7445255474452555,0.7786259541984732,137,"[""du"", ""pl"", ""sg""]","[[6, 2, 3], [0, 102, 35], [0, 21, 468]]"
qwen3-0.6b,target_final_subtoken,number,root-heldout,3,NOUN,sg,0.924901185770751,0.9570552147239264,0.9407035175879397,489,"[""du"", ""pl"", ""sg""]","[[6, 2, 3], [0, 102, 35], [0, 21, 468]]"
qwen3-0.6b,target_final_subtoken,number,root-heldout,3,VERB,du,0.0,0.0,0.0,1,"[""du"", ""pl"", ""sg""]","[[0, 1, 0], [0, 6, 2], [0, 6, 165]]"
qwen3-0.6b,target_final_subtoken,number,root-heldout,3,VERB,pl,0.46153846153846156,0.75,0.5714285714285714,8,"[""du"", ""pl"", ""sg""]","[[0, 1, 0], [0, 6, 2], [0, 6, 165]]"
qwen3-0.6b,target_final_subtoken,number,root-heldout,3,VERB,sg,0.9880239520958084,0.9649122807017544,0.9763313609467456,171,"[""du"", ""pl"", ""sg""]","[[0, 1, 0], [0, 6, 2], [0, 6, 165]]"
qwen3-0.6b,target_final_subtoken,number,root-heldout,3,all,du,1.0,0.5,0.6666666666666666,14,"[""du"", ""pl"", ""sg""]","[[7, 3, 4], [0, 114, 37], [0, 31, 744]]"
qwen3-0.6b,target_final_subtoken,number,root-heldout,3,all,pl,0.7702702702702703,0.7549668874172185,0.7625418060200669,151,"[""du"", ""pl"", ""sg""]","[[7, 3, 4], [0, 114, 37], [0, 31, 744]]"
qwen3-0.6b,target_final_subtoken,number,root-heldout,3,all,sg,0.9477707006369427,0.96,0.9538461538461539,775,"[""du"", ""pl"", ""sg""]","[[7, 3, 4], [0, 114, 37], [0, 31, 744]]"
qwen3-0.6b,target_final_subtoken,number,root-heldout,4,ADJ,pl,1.0,1.0,1.0,2,"[""pl"", ""sg""]","[[2, 0], [0, 125]]"
qwen3-0.6b,target_final_subtoken,number,root-heldout,4,ADJ,sg,1.0,1.0,1.0,125,"[""pl"", ""sg""]","[[2, 0], [0, 125]]"
qwen3-0.6b,target_final_subtoken,number,root-heldout,4,NOUN,du,1.0,0.625,0.7692307692307693,8,"[""du"", ""pl"", ""sg""]","[[5, 2, 1], [0, 146, 14], [0, 12, 422]]"
qwen3-0.6b,target_final_subtoken,number,root-heldout,4,NOUN,pl,0.9125,0.9125,0.9125,160,"[""du"", ""pl"", ""sg""]","[[5, 2, 1], [0, 146, 14], [0, 12, 422]]"
qwen3-0.6b,target_final_subtoken,number,root-heldout,4,NOUN,sg,0.965675057208238,0.9723502304147466,0.9690011481056258,434,"[""du"", ""pl"", ""sg""]","[[5, 2, 1], [0, 146, 14], [0, 12, 422]]"
qwen3-0.6b,target_final_subtoken,number,root-heldout,4,VERB,du,1.0,1.0,1.0,1,"[""du"", ""pl"", ""sg""]","[[1, 0, 0], [0, 9, 1], [0, 2, 197]]"
qwen3-0.6b,target_final_subtoken,number,root-heldout,4,VERB,pl,0.8181818181818182,0.9,0.8571428571428571,10,"[""du"", ""pl"", ""sg""]","[[1, 0, 0], [0, 9, 1], [0, 2, 197]]"
qwen3-0.6b,target_final_subtoken,number,root-heldout,4,VERB,sg,0.9949494949494949,0.9899497487437185,0.9924433249370277,199,"[""du"", ""pl"", ""sg""]","[[1, 0, 0], [0, 9, 1], [0, 2, 197]]"
qwen3-0.6b,target_final_subtoken,number,root-heldout,4,all,du,1.0,0.6666666666666666,0.8,9,"[""du"", ""pl"", ""sg""]","[[6, 2, 1], [0, 157, 15], [0, 14, 744]]"
qwen3-0.6b,target_final_subtoken,number,root-heldout,4,all,pl,0.9075144508670521,0.9127906976744186,0.9101449275362319,172,"[""du"", ""pl"", ""sg""]","[[6, 2, 1], [0, 157, 15], [0, 14, 744]]"
qwen3-0.6b,target_final_subtoken,number,root-heldout,4,all,sg,0.9789473684210527,0.9815303430079155,0.9802371541501976,758,"[""du"", ""pl"", ""sg""]","[[6, 2, 1], [0, 157, 15], [0, 14, 744]]"
qwen3-0.6b,target_final_subtoken,pos,lemma-heldout,0,ADJ,ADJ,1.0,0.7413793103448276,0.8514851485148515,174,"[""ADJ"", ""NOUN"", ""VERB""]","[[129, 42, 3], [0, 0, 0], [0, 0, 0]]"
qwen3-0.6b,target_final_subtoken,pos,lemma-heldout,0,ADJ,NOUN,0.0,0.0,0.0,0,"[""ADJ"", ""NOUN"", ""VERB""]","[[129, 42, 3], [0, 0, 0], [0, 0, 0]]"
qwen3-0.6b,target_final_subtoken,pos,lemma-heldout,0,ADJ,VERB,0.0,0.0,0.0,0,"[""ADJ"", ""NOUN"", ""VERB""]","[[129, 42, 3], [0, 0, 0], [0, 0, 0]]"
qwen3-0.6b,target_final_subtoken,pos,lemma-heldout,0,NOUN,ADJ,0.0,0.0,0.0,0,"[""ADJ"", ""NOUN"", ""VERB""]","[[0, 0, 0], [54, 584, 10], [0, 0, 0]]"
qwen3-0.6b,target_final_subtoken,pos,lemma-heldout,0,NOUN,NOUN,1.0,0.9012345679012346,0.948051948051948,648,"[""ADJ"", ""NOUN"", ""VERB""]","[[0, 0, 0], [54, 584, 10], [0, 0, 0]]"
qwen3-0.6b,target_final_subtoken,pos,lemma-heldout,0,NOUN,VERB,0.0,0.0,0.0,0,"[""ADJ"", ""NOUN"", ""VERB""]","[[0, 0, 0], [54, 584, 10], [0, 0, 0]]"
qwen3-0.6b,target_final_subtoken,pos,lemma-heldout,0,VERB,ADJ,0.0,0.0,0.0,0,"[""ADJ"", ""NOUN"", ""VERB""]","[[0, 0, 0], [0, 0, 0], [3, 15, 101]]"
qwen3-0.6b,target_final_subtoken,pos,lemma-heldout,0,VERB,NOUN,0.0,0.0,0.0,0,"[""ADJ"", ""NOUN"", ""VERB""]","[[0, 0, 0], [0, 0, 0], [3, 15, 101]]"
qwen3-0.6b,target_final_subtoken,pos,lemma-heldout,0,VERB,VERB,1.0,0.8487394957983193,0.9181818181818182,119,"[""ADJ"", ""NOUN"", ""VERB""]","[[0, 0, 0], [0, 0, 0], [3, 15, 101]]"
qwen3-0.6b,target_final_subtoken,pos,lemma-heldout,0,all,ADJ,0.6935483870967742,0.7413793103448276,0.7166666666666667,174,"[""ADJ"", ""NOUN"", ""VERB""]","[[129, 42, 3], [54, 584, 10], [3, 15, 101]]"
qwen3-0.6b,target_final_subtoken,pos,lemma-heldout,0,all,NOUN,0.9110764430577223,0.9012345679012346,0.9061287820015516,648,"[""ADJ"", ""NOUN"", ""VERB""]","[[129, 42, 3], [54, 584, 10], [3, 15, 101]]"
qwen3-0.6b,target_final_subtoken,pos,lemma-heldout,0,all,VERB,0.8859649122807017,0.8487394957983193,0.8669527896995708,119,"[""ADJ"", ""NOUN"", ""VERB""]","[[129, 42, 3], [54, 584, 10], [3, 15, 101]]"
qwen3-0.6b,target_final_subtoken,pos,lemma-heldout,1,ADJ,ADJ,1.0,0.7391304347826086,0.85,207,"[""ADJ"", ""NOUN"", ""VERB""]","[[153, 41, 13], [0, 0, 0], [0, 0, 0]]"
qwen3-0.6b,target_final_subtoken,pos,lemma-heldout,1,ADJ,NOUN,0.0,0.0,0.0,0,"[""ADJ"", ""NOUN"", ""VERB""]","[[153, 41, 13], [0, 0, 0], [0, 0, 0]]"
qwen3-0.6b,target_final_subtoken,pos,lemma-heldout,1,ADJ,VERB,0.0,0.0,0.0,0,"[""ADJ"", ""NOUN"", ""VERB""]","[[153, 41, 13], [0, 0, 0], [0, 0, 0]]"
qwen3-0.6b,target_final_subtoken,pos,lemma-heldout,1,NOUN,ADJ,0.0,0.0,0.0,0,"[""ADJ"", ""NOUN"", ""VERB""]","[[0, 0, 0], [44, 499, 20], [0, 0, 0]]"
qwen3-0.6b,target_final_subtoken,pos,lemma-heldout,1,NOUN,NOUN,1.0,0.8863232682060391,0.9397363465160076,563,"[""ADJ"", ""NOUN"", ""VERB""]","[[0, 0, 0], [44, 499, 20], [0, 0, 0]]"
qwen3-0.6b,target_final_subtoken,pos,lemma-heldout,1,NOUN,VERB,0.0,0.0,0.0,0,"[""ADJ"", ""NOUN"", ""VERB""]","[[0, 0, 0], [44, 499, 20], [0, 0, 0]]"
qwen3-0.6b,target_final_subtoken,pos,lemma-heldout,1,VERB,ADJ,0.0,0.0,0.0,0,"[""ADJ"", ""NOUN"", ""VERB""]","[[0, 0, 0], [0, 0, 0], [7, 11, 152]]"
qwen3-0.6b,target_final_subtoken,pos,lemma-heldout,1,VERB,NOUN,0.0,0.0,0.0,0,"[""ADJ"", ""NOUN"", ""VERB""]","[[0, 0, 0], [0, 0, 0], [7, 11, 152]]"
qwen3-0.6b,target_final_subtoken,pos,lemma-heldout,1,VERB,VERB,1.0,0.8941176470588236,0.9440993788819876,170,"[""ADJ"", ""NOUN"", ""VERB""]","[[0, 0, 0], [0, 0, 0], [7, 11, 152]]"
qwen3-0.6b,target_final_subtoken,pos,lemma-heldout,1,all,ADJ,0.75,0.7391304347826086,0.7445255474452555,207,"[""ADJ"", ""NOUN"", ""VERB""]","[[153, 41, 13], [44, 499, 20], [7, 11, 152]]"
qwen3-0.6b,target_final_subtoken,pos,lemma-heldout,1,all,NOUN,0.9056261343012704,0.8863232682060391,0.895870736086176,563,"[""ADJ"", ""NOUN"", ""VERB""]","[[153, 41, 13], [44, 499, 20], [7, 11, 152]]"
qwen3-0.6b,target_final_subtoken,pos,lemma-heldout,1,all,VERB,0.8216216216216217,0.8941176470588236,0.856338028169014,170,"[""ADJ"", ""NOUN"", ""VERB""]","[[153, 41, 13], [44, 499, 20], [7, 11, 152]]"
qwen3-0.6b,target_final_subtoken,pos,lemma-heldout,2,ADJ,ADJ,1.0,0.6338028169014085,0.7758620689655172,142,"[""ADJ"", ""NOUN"", ""VERB""]","[[90, 50, 2], [0, 0, 0], [0, 0, 0]]"
qwen3-0.6b,target_final_subtoken,pos,lemma-heldout,2,ADJ,NOUN,0.0,0.0,0.0,0,"[""ADJ"", ""NOUN"", ""VERB""]","[[90, 50, 2], [0, 0, 0], [0, 0, 0]]"
qwen3-0.6b,target_final_subtoken,pos,lemma-heldout,2,ADJ,VERB,0.0,0.0,0.0,0,"[""ADJ"", ""NOUN"", ""VERB""]","[[90, 50, 2], [0, 0, 0], [0, 0, 0]]"
qwen3-0.6b,target_final_subtoken,pos,lemma-heldout,2,NOUN,ADJ,0.0,0.0,0.0,0,"[""ADJ"", ""NOUN"", ""VERB""]","[[0, 0, 0], [58, 531, 11], [0, 0, 0]]"
qwen3-0.6b,target_final_subtoken,pos,lemma-heldout,2,NOUN,NOUN,1.0,0.885,0.9389920424403183,600,"[""ADJ"", ""NOUN"", ""VERB""]","[[0, 0, 0], [58, 531, 11], [0, 0, 0]]"
qwen3-0.6b,target_final_subtoken,pos,lemma-heldout,2,NOUN,VERB,0.0,0.0,0.0,0,"[""ADJ"", ""NOUN"", ""VERB""]","[[0, 0, 0], [58, 531, 11], [0, 0, 0]]"
qwen3-0.6b,target_final_subtoken,pos,lemma-heldout,2,VERB,ADJ,0.0,0.0,0.0,0,"[""ADJ"", ""NOUN"", ""VERB""]","[[0, 0, 0], [0, 0, 0], [3, 20, 175]]"
qwen3-0.6b,target_final_subtoken,pos,lemma-heldout,2,VERB,NOUN,0.0,0.0,0.0,0,"[""ADJ"", ""NOUN"", ""VERB""]","[[0, 0, 0], [0, 0, 0], [3, 20, 175]]"
qwen3-0.6b,target_final_subtoken,pos,lemma-heldout,2,VERB,VERB,1.0,0.8838383838383839,0.938337801608579,198,"[""ADJ"", ""NOUN"", ""VERB""]","[[0, 0, 0], [0, 0, 0], [3, 20, 175]]"
qwen3-0.6b,target_final_subtoken,pos,lemma-heldout,2,all,ADJ,0.5960264900662252,0.6338028169014085,0.6143344709897611,142,"[""ADJ"", ""NOUN"", ""VERB""]","[[90, 50, 2], [58, 531, 11], [3, 20, 175]]"
qwen3-0.6b,target_final_subtoken,pos,lemma-heldout,2,all,NOUN,0.8835274542429284,0.885,0.884263114071607,600,"[""ADJ"", ""NOUN"", ""VERB""]","[[90, 50, 2], [58, 531, 11], [3, 20, 175]]"
qwen3-0.6b,target_final_subtoken,pos,lemma-heldout,2,all,VERB,0.9308510638297872,0.8838383838383839,0.9067357512953368,198,"[""ADJ"", ""NOUN"", ""VERB""]","[[90, 50, 2], [58, 531, 11], [3, 20, 175]]"
qwen3-0.6b,target_final_subtoken,pos,lemma-heldout,3,ADJ,ADJ,1.0,0.8655913978494624,0.9279538904899135,186,"[""ADJ"", ""NOUN"", ""VERB""]","[[161, 23, 2], [0, 0, 0], [0, 0, 0]]"
qwen3-0.6b,target_final_subtoken,pos,lemma-heldout,3,ADJ,NOUN,0.0,0.0,0.0,0,"[""ADJ"", ""NOUN"", ""VERB""]","[[161, 23, 2], [0, 0, 0], [0, 0, 0]]"
qwen3-0.6b,target_final_subtoken,pos,lemma-heldout,3,ADJ,VERB,0.0,0.0,0.0,0,"[""ADJ"", ""NOUN"", ""VERB""]","[[161, 23, 2], [0, 0, 0], [0, 0, 0]]"
qwen3-0.6b,target_final_subtoken,pos,lemma-heldout,3,NOUN,ADJ,0.0,0.0,0.0,0,"[""ADJ"", ""NOUN"", ""VERB""]","[[0, 0, 0], [62, 527, 8], [0, 0, 0]]"
qwen3-0.6b,target_final_subtoken,pos,lemma-heldout,3,NOUN,NOUN,1.0,0.8827470686767169,0.9377224199288257,597,"[""ADJ"", ""NOUN"", ""VERB""]","[[0, 0, 0], [62, 527, 8], [0, 0, 0]]"
qwen3-0.6b,target_final_subtoken,pos,lemma-heldout,3,NOUN,VERB,0.0,0.0,0.0,0,"[""ADJ"", ""NOUN"", ""VERB""]","[[0, 0, 0], [62, 527, 8], [0, 0, 0]]"
qwen3-0.6b,target_final_subtoken,pos,lemma-heldout,3,VERB,ADJ,0.0,0.0,0.0,0,"[""ADJ"", ""NOUN"", ""VERB""]","[[0, 0, 0], [0, 0, 0], [5, 21, 131]]"
qwen3-0.6b,target_final_subtoken,pos,lemma-heldout,3,VERB,NOUN,0.0,0.0,0.0,0,"[""ADJ"", ""NOUN"", ""VERB""]","[[0, 0, 0], [0, 0, 0], [5, 21, 131]]"
qwen3-0.6b,target_final_subtoken,pos,lemma-heldout,3,VERB,VERB,1.0,0.8343949044585988,0.9097222222222222,157,"[""ADJ"", ""NOUN"", ""VERB""]","[[0, 0, 0], [0, 0, 0], [5, 21, 131]]"
qwen3-0.6b,target_final_subtoken,pos,lemma-heldout,3,all,ADJ,0.706140350877193,0.8655913978494624,0.7777777777777778,186,"[""ADJ"", ""NOUN"", ""VERB""]","[[161, 23, 2], [62, 527, 8], [5, 21, 131]]"
qwen3-0.6b,target_final_subtoken,pos,lemma-heldout,3,all,NOUN,0.9229422066549913,0.8827470686767169,0.9023972602739726,597,"[""ADJ"", ""NOUN"", ""VERB""]","[[161, 23, 2], [62, 527, 8], [5, 21, 131]]"
qwen3-0.6b,target_final_subtoken,pos,lemma-heldout,3,all,VERB,0.9290780141843972,0.8343949044585988,0.8791946308724832,157,"[""ADJ"", ""NOUN"", ""VERB""]","[[161, 23, 2], [62, 527, 8], [5, 21, 131]]"
qwen3-0.6b,target_final_subtoken,pos,lemma-heldout,4,ADJ,ADJ,1.0,0.6368159203980099,0.7781155015197568,201,"[""ADJ"", ""NOUN"", ""VERB""]","[[128, 61, 12], [0, 0, 0], [0, 0, 0]]"
qwen3-0.6b,target_final_subtoken,pos,lemma-heldout,4,ADJ,NOUN,0.0,0.0,0.0,0,"[""ADJ"", ""NOUN"", ""VERB""]","[[128, 61, 12], [0, 0, 0], [0, 0, 0]]"
qwen3-0.6b,target_final_subtoken,pos,lemma-heldout,4,ADJ,VERB,0.0,0.0,0.0,0,"[""ADJ"", ""NOUN"", ""VERB""]","[[128, 61, 12], [0, 0, 0], [0, 0, 0]]"
qwen3-0.6b,target_final_subtoken,pos,lemma-heldout,4,NOUN,ADJ,0.0,0.0,0.0,0,"[""ADJ"", ""NOUN"", ""VERB""]","[[0, 0, 0], [59, 476, 14], [0, 0, 0]]"
qwen3-0.6b,target_final_subtoken,pos,lemma-heldout,4,NOUN,NOUN,1.0,0.8670309653916212,0.9287804878048781,549,"[""ADJ"", ""NOUN"", ""VERB""]","[[0, 0, 0], [59, 476, 14], [0, 0, 0]]"
qwen3-0.6b,target_final_subtoken,pos,lemma-heldout,4,NOUN,VERB,0.0,0.0,0.0,0,"[""ADJ"", ""NOUN"", ""VERB""]","[[0, 0, 0], [59, 476, 14], [0, 0, 0]]"
qwen3-0.6b,target_final_subtoken,pos,lemma-heldout,4,VERB,ADJ,0.0,0.0,0.0,0,"[""ADJ"", ""NOUN"", ""VERB""]","[[0, 0, 0], [0, 0, 0], [3, 25, 162]]"
qwen3-0.6b,target_final_subtoken,pos,lemma-heldout,4,VERB,NOUN,0.0,0.0,0.0,0,"[""ADJ"", ""NOUN"", ""VERB""]","[[0, 0, 0], [0, 0, 0], [3, 25, 162]]"
qwen3-0.6b,target_final_subtoken,pos,lemma-heldout,4,VERB,VERB,1.0,0.8526315789473684,0.9204545454545454,190,"[""ADJ"", ""NOUN"", ""VERB""]","[[0, 0, 0], [0, 0, 0], [3, 25, 162]]"
qwen3-0.6b,target_final_subtoken,pos,lemma-heldout,4,all,ADJ,0.6736842105263158,0.6368159203980099,0.6547314578005116,201,"[""ADJ"", ""NOUN"", ""VERB""]","[[128, 61, 12], [59, 476, 14], [3, 25, 162]]"
qwen3-0.6b,target_final_subtoken,pos,lemma-heldout,4,all,NOUN,0.8469750889679716,0.8670309653916212,0.8568856885688569,549,"[""ADJ"", ""NOUN"", ""VERB""]","[[128, 61, 12], [59, 476, 14], [3, 25, 162]]"
qwen3-0.6b,target_final_subtoken,pos,lemma-heldout,4,all,VERB,0.8617021276595744,0.8526315789473684,0.8571428571428571,190,"[""ADJ"", ""NOUN"", ""VERB""]","[[128, 61, 12], [59, 476, 14], [3, 25, 162]]"
qwen3-0.6b,target_final_subtoken,pos,random,0,ADJ,ADJ,1.0,0.8681318681318682,0.9294117647058824,182,"[""ADJ"", ""NOUN""]","[[158, 24], [0, 0]]"
qwen3-0.6b,target_final_subtoken,pos,random,0,ADJ,NOUN,0.0,0.0,0.0,0,"[""ADJ"", ""NOUN""]","[[158, 24], [0, 0]]"
qwen3-0.6b,target_final_subtoken,pos,random,0,NOUN,ADJ,0.0,0.0,0.0,0,"[""ADJ"", ""NOUN"", ""VERB""]","[[0, 0, 0], [14, 567, 11], [0, 0, 0]]"
qwen3-0.6b,target_final_subtoken,pos,random,0,NOUN,NOUN,1.0,0.9577702702702703,0.9784296807592753,592,"[""ADJ"", ""NOUN"", ""VERB""]","[[0, 0, 0], [14, 567, 11], [0, 0, 0]]"
qwen3-0.6b,target_final_subtoken,pos,random,0,NOUN,VERB,0.0,0.0,0.0,0,"[""ADJ"", ""NOUN"", ""VERB""]","[[0, 0, 0], [14, 567, 11], [0, 0, 0]]"
qwen3-0.6b,target_final_subtoken,pos,random,0,VERB,ADJ,0.0,0.0,0.0,0,"[""ADJ"", ""NOUN"", ""VERB""]","[[0, 0, 0], [0, 0, 0], [1, 16, 150]]"
qwen3-0.6b,target_final_subtoken,pos,random,0,VERB,NOUN,0.0,0.0,0.0,0,"[""ADJ"", ""NOUN"", ""VERB""]","[[0, 0, 0], [0, 0, 0], [1, 16, 150]]"
qwen3-0.6b,target_final_subtoken,pos,random,0,VERB,VERB,1.0,0.8982035928143712,0.9463722397476341,167,"[""ADJ"", ""NOUN"", ""VERB""]","[[0, 0, 0], [0, 0, 0], [1, 16, 150]]"
qwen3-0.6b,target_final_subtoken,pos,random,0,all,ADJ,0.9132947976878613,0.8681318681318682,0.8901408450704226,182,"[""ADJ"", ""NOUN"", ""VERB""]","[[158, 24, 0], [14, 567, 11], [1, 16, 150]]"
qwen3-0.6b,target_final_subtoken,pos,random,0,all,NOUN,0.9341021416803954,0.9577702702702703,0.9457881567973311,592,"[""ADJ"", ""NOUN"", ""VERB""]","[[158, 24, 0], [14, 567, 11], [1, 16, 150]]"
qwen3-0.6b,target_final_subtoken,pos,random,0,all,VERB,0.9316770186335404,0.8982035928143712,0.9146341463414634,167,"[""ADJ"", ""NOUN"", ""VERB""]","[[158, 24, 0], [14, 567, 11], [1, 16, 150]]"
qwen3-0.6b,target_final_subtoken,pos,random,1,ADJ,ADJ,1.0,0.8956043956043956,0.9449275362318841,182,"[""ADJ"", ""NOUN""]","[[163, 19], [0, 0]]"
qwen3-0.6b,target_final_subtoken,pos,random,1,ADJ,NOUN,0.0,0.0,0.0,0,"[""ADJ"", ""NOUN""]","[[163, 19], [0, 0]]"
qwen3-0.6b,target_final_subtoken,pos,random,1,NOUN,ADJ,0.0,0.0,0.0,0,"[""ADJ"", ""NOUN"", ""VERB""]","[[0, 0, 0], [27, 560, 5], [0, 0, 0]]"
qwen3-0.6b,target_final_subtoken,pos,random,1,NOUN,NOUN,1.0,0.9459459459459459,0.9722222222222222,592,"[""ADJ"", ""NOUN"", ""VERB""]","[[0, 0, 0], [27, 560, 5], [0, 0, 0]]"
qwen3-0.6b,target_final_subtoken,pos,random,1,NOUN,VERB,0.0,0.0,0.0,0,"[""ADJ"", ""NOUN"", ""VERB""]","[[0, 0, 0], [27, 560, 5], [0, 0, 0]]"
qwen3-0.6b,target_final_subtoken,pos,random,1,VERB,ADJ,0.0,0.0,0.0,0,"[""ADJ"", ""NOUN"", ""VERB""]","[[0, 0, 0], [0, 0, 0], [2, 13, 151]]"
qwen3-0.6b,target_final_subtoken,pos,random,1,VERB,NOUN,0.0,0.0,0.0,0,"[""ADJ"", ""NOUN"", ""VERB""]","[[0, 0, 0], [0, 0, 0], [2, 13, 151]]"
qwen3-0.6b,target_final_subtoken,pos,random,1,VERB,VERB,1.0,0.9096385542168675,0.9526813880126183,166,"[""ADJ"", ""NOUN"", ""VERB""]","[[0, 0, 0], [0, 0, 0], [2, 13, 151]]"
qwen3-0.6b,target_final_subtoken,pos,random,1,all,ADJ,0.8489583333333334,0.8956043956043956,0.8716577540106952,182,"[""ADJ"", ""NOUN"", ""VERB""]","[[163, 19, 0], [27, 560, 5], [2, 13, 151]]"
qwen3-0.6b,target_final_subtoken,pos,random,1,all,NOUN,0.9459459459459459,0.9459459459459459,0.9459459459459459,592,"[""ADJ"", ""NOUN"", ""VERB""]","[[163, 19, 0], [27, 560, 5], [2, 13, 151]]"
qwen3-0.6b,target_final_subtoken,pos,random,1,all,VERB,0.967948717948718,0.9096385542168675,0.937888198757764,166,"[""ADJ"", ""NOUN"", ""VERB""]","[[163, 19, 0], [27, 560, 5], [2, 13, 151]]"
qwen3-0.6b,target_final_subtoken,pos,random,2,ADJ,ADJ,1.0,0.8901098901098901,0.9418604651162791,182,"[""ADJ"", ""NOUN""]","[[162, 20], [0, 0]]"
qwen3-0.6b,target_final_subtoken,pos,random,2,ADJ,NOUN,0.0,0.0,0.0,0,"[""ADJ"", ""NOUN""]","[[162, 20], [0, 0]]"
qwen3-0.6b,target_final_subtoken,pos,random,2,NOUN,ADJ,0.0,0.0,0.0,0,"[""ADJ"", ""NOUN"", ""VERB""]","[[0, 0, 0], [21, 568, 2], [0, 0, 0]]"
qwen3-0.6b,target_final_subtoken,pos,random,2,NOUN,NOUN,1.0,0.961082910321489,0.9801553062985332,591,"[""ADJ"", ""NOUN"", ""VERB""]","[[0, 0, 0], [21, 568, 2], [0, 0, 0]]"
qwen3-0.6b,target_final_subtoken,pos,random,2,NOUN,VERB,0.0,0.0,0.0,0,"[""ADJ"", ""NOUN"", ""VERB""]","[[0, 0, 0], [21, 568, 2], [0, 0, 0]]"
qwen3-0.6b,target_final_subtoken,pos,random,2,VERB,ADJ,0.0,0.0,0.0,0,"[""ADJ"", ""NOUN"", ""VERB""]","[[0, 0, 0], [0, 0, 0], [1, 8, 158]]"
qwen3-0.6b,target_final_subtoken,pos,random,2,VERB,NOUN,0.0,0.0,0.0,0,"[""ADJ"", ""NOUN"", ""VERB""]","[[0, 0, 0], [0, 0, 0], [1, 8, 158]]"
qwen3-0.6b,target_final_subtoken,pos,random,2,VERB,VERB,1.0,0.9461077844311377,0.9723076923076923,167,"[""ADJ"", ""NOUN"", ""VERB""]","[[0, 0, 0], [0, 0, 0], [1, 8, 158]]"
qwen3-0.6b,target_final_subtoken,pos,random,2,all,ADJ,0.8804347826086957,0.8901098901098901,0.8852459016393442,182,"[""ADJ"", ""NOUN"", ""VERB""]","[[162, 20, 0], [21, 568, 2], [1, 8, 158]]"
qwen3-0.6b,target_final_subtoken,pos,random,2,all,NOUN,0.9530201342281879,0.961082910321489,0.9570345408593092,591,"[""ADJ"", ""NOUN"", ""VERB""]","[[162, 20, 0], [21, 568, 2], [1, 8, 158]]"
qwen3-0.6b,target_final_subtoken,pos,random,2,all,VERB,0.9875,0.9461077844311377,0.9663608562691132,167,"[""ADJ"", ""NOUN"", ""VERB""]","[[162, 20, 0], [21, 568, 2], [1, 8, 158]]"
qwen3-0.6b,target_final_subtoken,pos,random,3,ADJ,ADJ,1.0,0.9560439560439561,0.9775280898876404,182,"[""ADJ"", ""NOUN""]","[[174, 8], [0, 0]]"
qwen3-0.6b,target_final_subtoken,pos,random,3,ADJ,NOUN,0.0,0.0,0.0,0,"[""ADJ"", ""NOUN""]","[[174, 8], [0, 0]]"
qwen3-0.6b,target_final_subtoken,pos,random,3,NOUN,ADJ,0.0,0.0,0.0,0,"[""ADJ"", ""NOUN"", ""VERB""]","[[0, 0, 0], [28, 558, 5], [0, 0, 0]]"
qwen3-0.6b,target_final_subtoken,pos,random,3,NOUN,NOUN,1.0,0.9441624365482234,0.9712793733681462,591,"[""ADJ"", ""NOUN"", ""VERB""]","[[0, 0, 0], [28, 558, 5], [0, 0, 0]]"
qwen3-0.6b,target_final_subtoken,pos,random,3,NOUN,VERB,0.0,0.0,0.0,0,"[""ADJ"", ""NOUN"", ""VERB""]","[[0, 0, 0], [28, 558, 5], [0, 0, 0]]"
qwen3-0.6b,target_final_subtoken,pos,random,3,VERB,ADJ,0.0,0.0,0.0,0,"[""ADJ"", ""NOUN"", ""VERB""]","[[0, 0, 0], [0, 0, 0], [1, 4, 162]]"
qwen3-0.6b,target_final_subtoken,pos,random,3,VERB,NOUN,0.0,0.0,0.0,0,"[""ADJ"", ""NOUN"", ""VERB""]","[[0, 0, 0], [0, 0, 0], [1, 4, 162]]"
qwen3-0.6b,target_final_subtoken,pos,random,3,VERB,VERB,1.0,0.9700598802395209,0.9848024316109423,167,"[""ADJ"", ""NOUN"", ""VERB""]","[[0, 0, 0], [0, 0, 0], [1, 4, 162]]"
qwen3-0.6b,target_final_subtoken,pos,random,3,all,ADJ,0.8571428571428571,0.9560439560439561,0.9038961038961039,182,"[""ADJ"", ""NOUN"", ""VERB""]","[[174, 8, 0], [28, 558, 5], [1, 4, 162]]"
qwen3-0.6b,target_final_subtoken,pos,random,3,all,NOUN,0.9789473684210527,0.9441624365482234,0.9612403100775194,591,"[""ADJ"", ""NOUN"", ""VERB""]","[[174, 8, 0], [28, 558, 5], [1, 4, 162]]"
qwen3-0.6b,target_final_subtoken,pos,random,3,all,VERB,0.9700598802395209,0.9700598802395209,0.9700598802395209,167,"[""ADJ"", ""NOUN"", ""VERB""]","[[174, 8, 0], [28, 558, 5], [1, 4, 162]]"
qwen3-0.6b,target_final_subtoken,pos,random,4,ADJ,ADJ,1.0,0.9120879120879121,0.9540229885057471,182,"[""ADJ"", ""NOUN""]","[[166, 16], [0, 0]]"
qwen3-0.6b,target_final_subtoken,pos,random,4,ADJ,NOUN,0.0,0.0,0.0,0,"[""ADJ"", ""NOUN""]","[[166, 16], [0, 0]]"
qwen3-0.6b,target_final_subtoken,pos,random,4,NOUN,ADJ,0.0,0.0,0.0,0,"[""ADJ"", ""NOUN"", ""VERB""]","[[0, 0, 0], [15, 569, 7], [0, 0, 0]]"
qwen3-0.6b,target_final_subtoken,pos,random,4,NOUN,NOUN,1.0,0.9627749576988156,0.9810344827586207,591,"[""ADJ"", ""NOUN"", ""VERB""]","[[0, 0, 0], [15, 569, 7], [0, 0, 0]]"
qwen3-0.6b,target_final_subtoken,pos,random,4,NOUN,VERB,0.0,0.0,0.0,0,"[""ADJ"", ""NOUN"", ""VERB""]","[[0, 0, 0], [15, 569, 7], [0, 0, 0]]"
qwen3-0.6b,target_final_subtoken,pos,random,4,VERB,NOUN,0.0,0.0,0.0,0,"[""NOUN"", ""VERB""]","[[0, 0], [6, 161]]"
qwen3-0.6b,target_final_subtoken,pos,random,4,VERB,VERB,1.0,0.9640718562874252,0.9817073170731707,167,"[""NOUN"", ""VERB""]","[[0, 0], [6, 161]]"
qwen3-0.6b,target_final_subtoken,pos,random,4,all,ADJ,0.9171270718232044,0.9120879120879121,0.9146005509641874,182,"[""ADJ"", ""NOUN"", ""VERB""]","[[166, 16, 0], [15, 569, 7], [0, 6, 161]]"
qwen3-0.6b,target_final_subtoken,pos,random,4,all,NOUN,0.9627749576988156,0.9627749576988156,0.9627749576988156,591,"[""ADJ"", ""NOUN"", ""VERB""]","[[166, 16, 0], [15, 569, 7], [0, 6, 161]]"
qwen3-0.6b,target_final_subtoken,pos,random,4,all,VERB,0.9583333333333334,0.9640718562874252,0.9611940298507463,167,"[""ADJ"", ""NOUN"", ""VERB""]","[[166, 16, 0], [15, 569, 7], [0, 6, 161]]"
qwen3-0.6b,target_final_subtoken,pos,root-heldout,0,ADJ,ADJ,1.0,0.782608695652174,0.8780487804878049,276,"[""ADJ"", ""NOUN"", ""VERB""]","[[216, 52, 8], [0, 0, 0], [0, 0, 0]]"
qwen3-0.6b,target_final_subtoken,pos,root-heldout,0,ADJ,NOUN,0.0,0.0,0.0,0,"[""ADJ"", ""NOUN"", ""VERB""]","[[216, 52, 8], [0, 0, 0], [0, 0, 0]]"
qwen3-0.6b,target_final_subtoken,pos,root-heldout,0,ADJ,VERB,0.0,0.0,0.0,0,"[""ADJ"", ""NOUN"", ""VERB""]","[[216, 52, 8], [0, 0, 0], [0, 0, 0]]"
qwen3-0.6b,target_final_subtoken,pos,root-heldout,0,NOUN,ADJ,0.0,0.0,0.0,0,"[""ADJ"", ""NOUN"", ""VERB""]","[[0, 0, 0], [69, 454, 7], [0, 0, 0]]"
qwen3-0.6b,target_final_subtoken,pos,root-heldout,0,NOUN,NOUN,1.0,0.8566037735849057,0.9227642276422764,530,"[""ADJ"", ""NOUN"", ""VERB""]","[[0, 0, 0], [69, 454, 7], [0, 0, 0]]"
qwen3-0.6b,target_final_subtoken,pos,root-heldout,0,NOUN,VERB,0.0,0.0,0.0,0,"[""ADJ"", ""NOUN"", ""VERB""]","[[0, 0, 0], [69, 454, 7], [0, 0, 0]]"
qwen3-0.6b,target_final_subtoken,pos,root-heldout,0,VERB,ADJ,0.0,0.0,0.0,0,"[""ADJ"", ""NOUN"", ""VERB""]","[[0, 0, 0], [0, 0, 0], [4, 13, 118]]"
qwen3-0.6b,target_final_subtoken,pos,root-heldout,0,VERB,NOUN,0.0,0.0,0.0,0,"[""ADJ"", ""NOUN"", ""VERB""]","[[0, 0, 0], [0, 0, 0], [4, 13, 118]]"
qwen3-0.6b,target_final_subtoken,pos,root-heldout,0,VERB,VERB,1.0,0.8740740740740741,0.932806324110672,135,"[""ADJ"", ""NOUN"", ""VERB""]","[[0, 0, 0], [0, 0, 0], [4, 13, 118]]"
qwen3-0.6b,target_final_subtoken,pos,root-heldout,0,all,ADJ,0.7474048442906575,0.782608695652174,0.7646017699115044,276,"[""ADJ"", ""NOUN"", ""VERB""]","[[216, 52, 8], [69, 454, 7], [4, 13, 118]]"
qwen3-0.6b,target_final_subtoken,pos,root-heldout,0,all,NOUN,0.8747591522157996,0.8566037735849057,0.86558627264061,530,"[""ADJ"", ""NOUN"", ""VERB""]","[[216, 52, 8], [69, 454, 7], [4, 13, 118]]"
qwen3-0.6b,target_final_subtoken,pos,root-heldout,0,all,VERB,0.8872180451127819,0.8740740740740741,0.8805970149253731,135,"[""ADJ"", ""NOUN"", ""VERB""]","[[216, 52, 8], [69, 454, 7], [4, 13, 118]]"
qwen3-0.6b,target_final_subtoken,pos,root-heldout,1,ADJ,ADJ,1.0,0.6730769230769231,0.8045977011494253,156,"[""ADJ"", ""NOUN"", ""VERB""]","[[105, 49, 2], [0, 0, 0], [0, 0, 0]]"
qwen3-0.6b,target_final_subtoken,pos,root-heldout,1,ADJ,NOUN,0.0,0.0,0.0,0,"[""ADJ"", ""NOUN"", ""VERB""]","[[105, 49, 2], [0, 0, 0], [0, 0, 0]]"
qwen3-0.6b,target_final_subtoken,pos,root-heldout,1,ADJ,VERB,0.0,0.0,0.0,0,"[""ADJ"", ""NOUN"", ""VERB""]","[[105, 49, 2], [0, 0, 0], [0, 0, 0]]"
qwen3-0.6b,target_final_subtoken,pos,root-heldout,1,NOUN,ADJ,0.0,0.0,0.0,0,"[""ADJ"", ""NOUN"", ""VERB""]","[[0, 0, 0], [52, 547, 19], [0, 0, 0]]"
qwen3-0.6b,target_final_subtoken,pos,root-heldout,1,NOUN,NOUN,1.0,0.8851132686084142,0.9390557939914163,618,"[""ADJ"", ""NOUN"", ""VERB""]","[[0, 0, 0], [52, 547, 19], [0, 0, 0]]"
qwen3-0.6b,target_final_subtoken,pos,root-heldout,1,NOUN,VERB,0.0,0.0,0.0,0,"[""ADJ"", ""NOUN"", ""VERB""]","[[0, 0, 0], [52, 547, 19], [0, 0, 0]]"
qwen3-0.6b,target_final_subtoken,pos,root-heldout,1,VERB,ADJ,0.0,0.0,0.0,0,"[""ADJ"", ""NOUN"", ""VERB""]","[[0, 0, 0], [0, 0, 0], [7, 24, 135]]"
qwen3-0.6b,target_final_subtoken,pos,root-heldout,1,VERB,NOUN,0.0,0.0,0.0,0,"[""ADJ"", ""NOUN"", ""VERB""]","[[0, 0, 0], [0, 0, 0], [7, 24, 135]]"
qwen3-0.6b,target_final_subtoken,pos,root-heldout,1,VERB,VERB,1.0,0.8132530120481928,0.8970099667774086,166,"[""ADJ"", ""NOUN"", ""VERB""]","[[0, 0, 0], [0, 0, 0], [7, 24, 135]]"
qwen3-0.6b,target_final_subtoken,pos,root-heldout,1,all,ADJ,0.6402439024390244,0.6730769230769231,0.65625,156,"[""ADJ"", ""NOUN"", ""VERB""]","[[105, 49, 2], [52, 547, 19], [7, 24, 135]]"
qwen3-0.6b,target_final_subtoken,pos,root-heldout,1,all,NOUN,0.882258064516129,0.8851132686084142,0.8836833602584814,618,"[""ADJ"", ""NOUN"", ""VERB""]","[[105, 49, 2], [52, 547, 19], [7, 24, 135]]"
qwen3-0.6b,target_final_subtoken,pos,root-heldout,1,all,VERB,0.8653846153846154,0.8132530120481928,0.8385093167701864,166,"[""ADJ"", ""NOUN"", ""VERB""]","[[105, 49, 2], [52, 547, 19], [7, 24, 135]]"
qwen3-0.6b,target_final_subtoken,pos,root-heldout,2,ADJ,ADJ,1.0,0.5363636363636364,0.6982248520710059,220,"[""ADJ"", ""NOUN"", ""VERB""]","[[118, 92, 10], [0, 0, 0], [0, 0, 0]]"
qwen3-0.6b,target_final_subtoken,pos,root-heldout,2,ADJ,NOUN,0.0,0.0,0.0,0,"[""ADJ"", ""NOUN"", ""VERB""]","[[118, 92, 10], [0, 0, 0], [0, 0, 0]]"
qwen3-0.6b,target_final_subtoken,pos,root-heldout,2,ADJ,VERB,0.0,0.0,0.0,0,"[""ADJ"", ""NOUN"", ""VERB""]","[[118, 92, 10], [0, 0, 0], [0, 0, 0]]"
qwen3-0.6b,target_final_subtoken,pos,root-heldout,2,NOUN,ADJ,0.0,0.0,0.0,0,"[""ADJ"", ""NOUN"", ""VERB""]","[[0, 0, 0], [39, 517, 24], [0, 0, 0]]"
qwen3-0.6b,target_final_subtoken,pos,root-heldout,2,NOUN,NOUN,1.0,0.8913793103448275,0.9425706472196901,580,"[""ADJ"", ""NOUN"", ""VERB""]","[[0, 0, 0], [39, 517, 24], [0, 0, 0]]"
qwen3-0.6b,target_final_subtoken,pos,root-heldout,2,NOUN,VERB,0.0,0.0,0.0,0,"[""ADJ"", ""NOUN"", ""VERB""]","[[0, 0, 0], [39, 517, 24], [0, 0, 0]]"
qwen3-0.6b,target_final_subtoken,pos,root-heldout,2,VERB,ADJ,0.0,0.0,0.0,0,"[""ADJ"", ""NOUN"", ""VERB""]","[[0, 0, 0], [0, 0, 0], [5, 16, 119]]"
qwen3-0.6b,target_final_subtoken,pos,root-heldout,2,VERB,NOUN,0.0,0.0,0.0,0,"[""ADJ"", ""NOUN"", ""VERB""]","[[0, 0, 0], [0, 0, 0], [5, 16, 119]]"
qwen3-0.6b,target_final_subtoken,pos,root-heldout,2,VERB,VERB,1.0,0.85,0.918918918918919,140,"[""ADJ"", ""NOUN"", ""VERB""]","[[0, 0, 0], [0, 0, 0], [5, 16, 119]]"
qwen3-0.6b,target_final_subtoken,pos,root-heldout,2,all,ADJ,0.7283950617283951,0.5363636363636364,0.6178010471204188,220,"[""ADJ"", ""NOUN"", ""VERB""]","[[118, 92, 10], [39, 517, 24], [5, 16, 119]]"
qwen3-0.6b,target_final_subtoken,pos,root-heldout,2,all,NOUN,0.8272,0.8913793103448275,0.8580912863070539,580,"[""ADJ"", ""NOUN"", ""VERB""]","[[118, 92, 10], [39, 517, 24], [5, 16, 119]]"
qwen3-0.6b,target_final_subtoken,pos,root-heldout,2,all,VERB,0.7777777777777778,0.85,0.8122866894197952,140,"[""ADJ"", ""NOUN"", ""VERB""]","[[118, 92, 10], [39, 517, 24], [5, 16, 119]]"
qwen3-0.6b,target_final_subtoken,pos,root-heldout,3,ADJ,ADJ,1.0,0.6612903225806451,0.7961165048543689,124,"[""ADJ"", ""NOUN"", ""VERB""]","[[82, 39, 3], [0, 0, 0], [0, 0, 0]]"
qwen3-0.6b,target_final_subtoken,pos,root-heldout,3,ADJ,NOUN,0.0,0.0,0.0,0,"[""ADJ"", ""NOUN"", ""VERB""]","[[82, 39, 3], [0, 0, 0], [0, 0, 0]]"
qwen3-0.6b,target_final_subtoken,pos,root-heldout,3,ADJ,VERB,0.0,0.0,0.0,0,"[""ADJ"", ""NOUN"", ""VERB""]","[[82, 39, 3], [0, 0, 0], [0, 0, 0]]"
qwen3-0.6b,target_final_subtoken,pos,root-heldout,3,NOUN,ADJ,0.0,0.0,0.0,0,"[""ADJ"", ""NOUN"", ""VERB""]","[[0, 0, 0], [49, 539, 43], [0, 0, 0]]"
qwen3-0.6b,target_final_subtoken,pos,root-heldout,3,NOUN,NOUN,1.0,0.8541996830427893,0.9213675213675213,631,"[""ADJ"", ""NOUN"", ""VERB""]","[[0, 0, 0], [49, 539, 43], [0, 0, 0]]"
qwen3-0.6b,target_final_subtoken,pos,root-heldout,3,NOUN,VERB,0.0,0.0,0.0,0,"[""ADJ"", ""NOUN"", ""VERB""]","[[0, 0, 0], [49, 539, 43], [0, 0, 0]]"
qwen3-0.6b,target_final_subtoken,pos,root-heldout,3,VERB,ADJ,0.0,0.0,0.0,0,"[""ADJ"", ""NOUN"", ""VERB""]","[[0, 0, 0], [0, 0, 0], [2, 28, 155]]"
qwen3-0.6b,target_final_subtoken,pos,root-heldout,3,VERB,NOUN,0.0,0.0,0.0,0,"[""ADJ"", ""NOUN"", ""VERB""]","[[0, 0, 0], [0, 0, 0], [2, 28, 155]]"
qwen3-0.6b,target_final_subtoken,pos,root-heldout,3,VERB,VERB,1.0,0.8378378378378378,0.9117647058823529,185,"[""ADJ"", ""NOUN"", ""VERB""]","[[0, 0, 0], [0, 0, 0], [2, 28, 155]]"
qwen3-0.6b,target_final_subtoken,pos,root-heldout,3,all,ADJ,0.6165413533834586,0.6612903225806451,0.6381322957198443,124,"[""ADJ"", ""NOUN"", ""VERB""]","[[82, 39, 3], [49, 539, 43], [2, 28, 155]]"
qwen3-0.6b,target_final_subtoken,pos,root-heldout,3,all,NOUN,0.8894389438943895,0.8541996830427893,0.8714632174616006,631,"[""ADJ"", ""NOUN"", ""VERB""]","[[82, 39, 3], [49, 539, 43], [2, 28, 155]]"
qwen3-0.6b,target_final_subtoken,pos,root-heldout,3,all,VERB,0.7711442786069652,0.8378378378378378,0.8031088082901554,185,"[""ADJ"", ""NOUN"", ""VERB""]","[[82, 39, 3], [49, 539, 43], [2, 28, 155]]"
qwen3-0.6b,target_final_subtoken,pos,root-heldout,4,ADJ,ADJ,1.0,0.5597014925373134,0.7177033492822966,134,"[""ADJ"", ""NOUN"", ""VERB""]","[[75, 48, 11], [0, 0, 0], [0, 0, 0]]"
qwen3-0.6b,target_final_subtoken,pos,root-heldout,4,ADJ,NOUN,0.0,0.0,0.0,0,"[""ADJ"", ""NOUN"", ""VERB""]","[[75, 48, 11], [0, 0, 0], [0, 0, 0]]"
qwen3-0.6b,target_final_subtoken,pos,root-heldout,4,ADJ,VERB,0.0,0.0,0.0,0,"[""ADJ"", ""NOUN"", ""VERB""]","[[75, 48, 11], [0, 0, 0], [0, 0, 0]]"
qwen3-0.6b,target_final_subtoken,pos,root-heldout,4,NOUN,ADJ,0.0,0.0,0.0,0,"[""ADJ"", ""NOUN"", ""VERB""]","[[0, 0, 0], [55, 518, 25], [0, 0, 0]]"
qwen3-0.6b,target_final_subtoken,pos,root-heldout,4,NOUN,NOUN,1.0,0.8662207357859532,0.9283154121863799,598,"[""ADJ"", ""NOUN"", ""VERB""]","[[0, 0, 0], [55, 518, 25], [0, 0, 0]]"
qwen3-0.6b,target_final_subtoken,pos,root-heldout,4,NOUN,VERB,0.0,0.0,0.0,0,"[""ADJ"", ""NOUN"", ""VERB""]","[[0, 0, 0], [55, 518, 25], [0, 0, 0]]"
qwen3-0.6b,target_final_subtoken,pos,root-heldout,4,VERB,ADJ,0.0,0.0,0.0,0,"[""ADJ"", ""NOUN"", ""VERB""]","[[0, 0, 0], [0, 0, 0], [7, 15, 186]]"
qwen3-0.6b,target_final_subtoken,pos,root-heldout,4,VERB,NOUN,0.0,0.0,0.0,0,"[""ADJ"", ""NOUN"", ""VERB""]","[[0, 0, 0], [0, 0, 0], [7, 15, 186]]"
qwen3-0.6b,target_final_subtoken,pos,root-heldout,4,VERB,VERB,1.0,0.8942307692307693,0.9441624365482234,208,"[""ADJ"", ""NOUN"", ""VERB""]","[[0, 0, 0], [0, 0, 0], [7, 15, 186]]"
qwen3-0.6b,target_final_subtoken,pos,root-heldout,4,all,ADJ,0.5474452554744526,0.5597014925373134,0.5535055350553506,134,"[""ADJ"", ""NOUN"", ""VERB""]","[[75, 48, 11], [55, 518, 25], [7, 15, 186]]"
qwen3-0.6b,target_final_subtoken,pos,root-heldout,4,all,NOUN,0.891566265060241,0.8662207357859532,0.8787107718405428,598,"[""ADJ"", ""NOUN"", ""VERB""]","[[75, 48, 11], [55, 518, 25], [7, 15, 186]]"
qwen3-0.6b,target_final_subtoken,pos,root-heldout,4,all,VERB,0.8378378378378378,0.8942307692307693,0.8651162790697674,208,"[""ADJ"", ""NOUN"", ""VERB""]","[[75, 48, 11], [55, 518, 25], [7, 15, 186]]"
qwen3-0.6b,target_mean_span,gender,lemma-heldout,0,ADJ,fem,0.75,0.9,0.8181818181818182,60,"[""fem"", ""masc""]","[[54, 6], [18, 73]]"
qwen3-0.6b,target_mean_span,gender,lemma-heldout,0,ADJ,masc,0.9240506329113924,0.8021978021978022,0.8588235294117647,91,"[""fem"", ""masc""]","[[54, 6], [18, 73]]"
qwen3-0.6b,target_mean_span,gender,lemma-heldout,0,NOUN,fem,0.8272251308900523,0.7669902912621359,0.7959697732997482,206,"[""fem"", ""masc""]","[[158, 48], [33, 398]]"
qwen3-0.6b,target_mean_span,gender,lemma-heldout,0,NOUN,masc,0.8923766816143498,0.9234338747099768,0.9076396807297605,431,"[""fem"", ""masc""]","[[158, 48], [33, 398]]"
qwen3-0.6b,target_mean_span,gender,lemma-heldout,0,VERB,fem,0.8679245283018868,0.7796610169491526,0.8214285714285714,59,"[""fem"", ""masc""]","[[46, 13], [7, 86]]"
qwen3-0.6b,target_mean_span,gender,lemma-heldout,0,VERB,masc,0.8686868686868687,0.9247311827956989,0.8958333333333334,93,"[""fem"", ""masc""]","[[46, 13], [7, 86]]"
qwen3-0.6b,target_mean_span,gender,lemma-heldout,0,all,fem,0.8164556962025317,0.7938461538461539,0.8049921996879875,325,"[""fem"", ""masc""]","[[258, 67], [58, 557]]"
qwen3-0.6b,target_mean_span,gender,lemma-heldout,0,all,masc,0.8926282051282052,0.9056910569105691,0.8991121872477804,615,"[""fem"", ""masc""]","[[258, 67], [58, 557]]"
qwen3-0.6b,target_mean_span,gender,lemma-heldout,1,ADJ,fem,0.6020408163265306,0.8676470588235294,0.7108433734939759,68,"[""fem"", ""masc""]","[[59, 9], [39, 77]]"
qwen3-0.6b,target_mean_span,gender,lemma-heldout,1,ADJ,masc,0.8953488372093024,0.6637931034482759,0.7623762376237624,116,"[""fem"", ""masc""]","[[59, 9], [39, 77]]"
qwen3-0.6b,target_mean_span,gender,lemma-heldout,1,NOUN,fem,0.6492890995260664,0.8253012048192772,0.726790450928382,166,"[""fem"", ""masc""]","[[137, 29], [74, 342]]"
qwen3-0.6b,target_mean_span,gender,lemma-heldout,1,NOUN,masc,0.921832884097035,0.8221153846153846,0.8691232528589581,416,"[""fem"", ""masc""]","[[137, 29], [74, 342]]"
qwen3-0.6b,target_mean_span,gender,lemma-heldout,1,VERB,fem,0.8309859154929577,0.8939393939393939,0.8613138686131386,66,"[""fem"", ""masc""]","[[59, 7], [12, 96]]"
qwen3-0.6b,target_mean_span,gender,lemma-heldout,1,VERB,masc,0.9320388349514563,0.8888888888888888,0.909952606635071,108,"[""fem"", ""masc""]","[[59, 7], [12, 96]]"
qwen3-0.6b,target_mean_span,gender,lemma-heldout,1,all,fem,0.6710526315789473,0.85,0.75,300,"[""fem"", ""masc""]","[[255, 45], [125, 515]]"
qwen3-0.6b,target_mean_span,gender,lemma-heldout,1,all,masc,0.9196428571428571,0.8046875,0.8583333333333333,640,"[""fem"", ""masc""]","[[255, 45], [125, 515]]"
qwen3-0.6b,target_mean_span,gender,lemma-heldout,2,ADJ,fem,0.926829268292683,0.8636363636363636,0.8941176470588236,88,"[""fem"", ""masc""]","[[76, 12], [6, 61]]"
qwen3-0.6b,target_mean_span,gender,lemma-heldout,2,ADJ,masc,0.8356164383561644,0.9104477611940298,0.8714285714285714,67,"[""fem"", ""masc""]","[[76, 12], [6, 61]]"
qwen3-0.6b,target_mean_span,gender,lemma-heldout,2,NOUN,fem,0.772972972972973,0.8125,0.7922437673130194,176,"[""fem"", ""masc""]","[[143, 33], [42, 370]]"
qwen3-0.6b,target_mean_span,gender,lemma-heldout,2,NOUN,masc,0.9181141439205955,0.8980582524271845,0.9079754601226994,412,"[""fem"", ""masc""]","[[143, 33], [42, 370]]"
qwen3-0.6b,target_mean_span,gender,lemma-heldout,2,VERB,fem,0.9130434782608695,0.875,0.8936170212765957,72,"[""fem"", ""masc""]","[[63, 9], [6, 119]]"
qwen3-0.6b,target_mean_span,gender,lemma-heldout,2,VERB,masc,0.9296875,0.952,0.9407114624505929,125,"[""fem"", ""masc""]","[[63, 9], [6, 119]]"
qwen3-0.6b,target_mean_span,gender,lemma-heldout,2,all,fem,0.8392857142857143,0.8392857142857143,0.8392857142857143,336,"[""fem"", ""masc""]","[[282, 54], [54, 550]]"
qwen3-0.6b,target_mean_span,gender,lemma-heldout,2,all,masc,0.9105960264900662,0.9105960264900662,0.9105960264900662,604,"[""fem"", ""masc""]","[[282, 54], [54, 550]]"
qwen3-0.6b,target_mean_span,gender,lemma-heldout,3,ADJ,fem,0.9743589743589743,0.8085106382978723,0.8837209302325582,94,"[""fem"", ""masc""]","[[76, 18], [2, 75]]"
qwen3-0.6b,target_mean_span,gender,lemma-heldout,3,ADJ,masc,0.8064516129032258,0.974025974025974,0.8823529411764706,77,"[""fem"", ""masc""]","[[76, 18], [2, 75]]"
qwen3-0.6b,target_mean_span,gender,lemma-heldout,3,NOUN,fem,0.75,0.81,0.7788461538461539,200,"[""fem"", ""masc""]","[[162, 38], [54, 357]]"
qwen3-0.6b,target_mean_span,gender,lemma-heldout,3,NOUN,masc,0.9037974683544304,0.8686131386861314,0.8858560794044665,411,"[""fem"", ""masc""]","[[162, 38], [54, 357]]"
qwen3-0.6b,target_mean_span,gender,lemma-heldout,3,VERB,fem,0.8115942028985508,0.8615384615384616,0.835820895522388,65,"[""fem"", ""masc""]","[[56, 9], [13, 80]]"
qwen3-0.6b,target_mean_span,gender,lemma-heldout,3,VERB,masc,0.898876404494382,0.8602150537634409,0.8791208791208791,93,"[""fem"", ""masc""]","[[56, 9], [13, 80]]"
qwen3-0.6b,target_mean_span,gender,lemma-heldout,3,all,fem,0.8099173553719008,0.8189415041782729,0.814404432132964,359,"[""fem"", ""masc""]","[[294, 65], [69, 512]]"
qwen3-0.6b,target_mean_span,gender,lemma-heldout,3,all,masc,0.8873483535528596,0.8812392426850258,0.8842832469775475,581,"[""fem"", ""masc""]","[[294, 65], [69, 512]]"
qwen3-0.6b,target_mean_span,gender,lemma-heldout,4,ADJ,fem,0.8395061728395061,0.8192771084337349,0.8292682926829268,166,"[""fem"", ""masc""]","[[136, 30], [26, 56]]"
qwen3-0.6b,target_mean_span,gender,lemma-heldout,4,ADJ,masc,0.6511627906976745,0.6829268292682927,0.6666666666666666,82,"[""fem"", ""masc""]","[[136, 30], [26, 56]]"
qwen3-0.6b,target_mean_span,gender,lemma-heldout,4,NOUN,fem,0.673728813559322,0.7395348837209302,0.70509977827051,215,"[""fem"", ""masc""]","[[159, 56], [77, 246]]"
qwen3-0.6b,target_mean_span,gender,lemma-heldout,4,NOUN,masc,0.8145695364238411,0.7616099071207431,0.7872,323,"[""fem"", ""masc""]","[[159, 56], [77, 246]]"
qwen3-0.6b,target_mean_span,gender,lemma-heldout,4,VERB,fem,0.7959183673469388,0.6964285714285714,0.7428571428571429,56,"[""fem"", ""masc""]","[[39, 17], [10, 87]]"
qwen3-0.6b,target_mean_span,gender,lemma-heldout,4,VERB,masc,0.8365384615384616,0.8969072164948454,0.8656716417910447,97,"[""fem"", ""masc""]","[[39, 17], [10, 87]]"
qwen3-0.6b,target_mean_span,gender,lemma-heldout,4,all,fem,0.7472035794183445,0.7643020594965675,0.755656108597285,437,"[""fem"", ""masc""]","[[334, 103], [113, 389]]"
qwen3-0.6b,target_mean_span,gender,lemma-heldout,4,all,masc,0.790650406504065,0.7749003984063745,0.7826961770623743,502,"[""fem"", ""masc""]","[[334, 103], [113, 389]]"
qwen3-0.6b,target_mean_span,gender,random,0,ADJ,fem,0.9439252336448598,0.9901960784313726,0.9665071770334929,102,"[""fem"", ""masc""]","[[101, 1], [6, 87]]"
qwen3-0.6b,target_mean_span,gender,random,0,ADJ,masc,0.9886363636363636,0.9354838709677419,0.9613259668508287,93,"[""fem"", ""masc""]","[[101, 1], [6, 87]]"
qwen3-0.6b,target_mean_span,gender,random,0,NOUN,fem,0.9375,0.9523809523809523,0.9448818897637795,189,"[""fem"", ""masc""]","[[180, 9], [12, 378]]"
qwen3-0.6b,target_mean_span,gender,random,0,NOUN,masc,0.9767441860465116,0.9692307692307692,0.972972972972973,390,"[""fem"", ""masc""]","[[180, 9], [12, 378]]"
qwen3-0.6b,target_mean_span,gender,random,0,VERB,fem,0.9795918367346939,0.7868852459016393,0.8727272727272727,61,"[""fem"", ""masc""]","[[48, 13], [1, 104]]"
qwen3-0.6b,target_mean_span,gender,random,0,VERB,masc,0.8888888888888888,0.9904761904761905,0.9369369369369369,105,"[""fem"", ""masc""]","[[48, 13], [1, 104]]"
qwen3-0.6b,target_mean_span,gender,random,0,all,fem,0.9454022988505747,0.9346590909090909,0.94,352,"[""fem"", ""masc""]","[[329, 23], [19, 569]]"
qwen3-0.6b,target_mean_span,gender,random,0,all,masc,0.9611486486486487,0.967687074829932,0.964406779661017,588,"[""fem"", ""masc""]","[[329, 23], [19, 569]]"
qwen3-0.6b,target_mean_span,gender,random,1,ADJ,fem,1.0,0.9746835443037974,0.9871794871794872,79,"[""fem"", ""masc""]","[[77, 2], [0, 88]]"
qwen3-0.6b,target_mean_span,gender,random,1,ADJ,masc,0.9777777777777777,1.0,0.9887640449438202,88,"[""fem"", ""masc""]","[[77, 2], [0, 88]]"
qwen3-0.6b,target_mean_span,gender,random,1,NOUN,fem,0.9123711340206185,0.921875,0.917098445595855,192,"[""fem"", ""masc""]","[[177, 15], [17, 391]]"
qwen3-0.6b,target_mean_span,gender,random,1,NOUN,masc,0.9630541871921182,0.9583333333333334,0.9606879606879607,408,"[""fem"", ""masc""]","[[177, 15], [17, 391]]"
qwen3-0.6b,target_mean_span,gender,random,1,VERB,fem,0.9493670886075949,0.9259259259259259,0.9375,81,"[""fem"", ""masc""]","[[75, 6], [4, 88]]"
qwen3-0.6b,target_mean_span,gender,random,1,VERB,masc,0.9361702127659575,0.9565217391304348,0.946236559139785,92,"[""fem"", ""masc""]","[[75, 6], [4, 88]]"
qwen3-0.6b,target_mean_span,gender,random,1,all,fem,0.94,0.9346590909090909,0.9373219373219374,352,"[""fem"", ""masc""]","[[329, 23], [21, 567]]"
qwen3-0.6b,target_mean_span,gender,random,1,all,masc,0.9610169491525423,0.9642857142857143,0.9626485568760611,588,"[""fem"", ""masc""]","[[329, 23], [21, 567]]"
qwen3-0.6b,target_mean_span,gender,random,2,ADJ,fem,0.9801980198019802,0.9611650485436893,0.9705882352941176,103,"[""fem"", ""masc""]","[[99, 4], [2, 92]]"
qwen3-0.6b,target_mean_span,gender,random,2,ADJ,masc,0.9583333333333334,0.9787234042553191,0.968421052631579,94,"[""fem"", ""masc""]","[[99, 4], [2, 92]]"
qwen3-0.6b,target_mean_span,gender,random,2,NOUN,fem,0.92,0.9292929292929293,0.9246231155778895,198,"[""fem"", ""masc""]","[[184, 14], [16, 373]]"
qwen3-0.6b,target_mean_span,gender,random,2,NOUN,masc,0.9638242894056848,0.9588688946015425,0.961340206185567,389,"[""fem"", ""masc""]","[[184, 14], [16, 373]]"
qwen3-0.6b,target_mean_span,gender,random,2,VERB,fem,0.9090909090909091,0.8,0.851063829787234,50,"[""fem"", ""masc""]","[[40, 10], [4, 102]]"
qwen3-0.6b,target_mean_span,gender,random,2,VERB,masc,0.9107142857142857,0.9622641509433962,0.9357798165137615,106,"[""fem"", ""masc""]","[[40, 10], [4, 102]]"
qwen3-0.6b,target_mean_span,gender,random,2,all,fem,0.936231884057971,0.9202279202279202,0.9281609195402298,351,"[""fem"", ""masc""]","[[323, 28], [22, 567]]"
qwen3-0.6b,target_mean_span,gender,random,2,all,masc,0.9529411764705882,0.9626485568760611,0.9577702702702703,589,"[""fem"", ""masc""]","[[323, 28], [22, 567]]"
qwen3-0.6b,target_mean_span,gender,random,3,ADJ,fem,0.9574468085106383,0.9574468085106383,0.9574468085106383,94,"[""fem"", ""masc""]","[[90, 4], [4, 69]]"
qwen3-0.6b,target_mean_span,gender,random,3,ADJ,masc,0.9452054794520548,0.9452054794520548,0.9452054794520548,73,"[""fem"", ""masc""]","[[90, 4], [4, 69]]"
qwen3-0.6b,target_mean_span,gender,random,3,NOUN,fem,0.9222797927461139,0.9319371727748691,0.9270833333333334,191,"[""fem"", ""masc""]","[[178, 13], [15, 397]]"
qwen3-0.6b,target_mean_span,gender,random,3,NOUN,masc,0.9682926829268292,0.9635922330097088,0.9659367396593674,412,"[""fem"", ""masc""]","[[178, 13], [15, 397]]"
qwen3-0.6b,target_mean_span,gender,random,3,VERB,fem,0.8615384615384616,0.8484848484848485,0.8549618320610687,66,"[""fem"", ""masc""]","[[56, 10], [9, 95]]"
qwen3-0.6b,target_mean_span,gender,random,3,VERB,masc,0.9047619047619048,0.9134615384615384,0.9090909090909091,104,"[""fem"", ""masc""]","[[56, 10], [9, 95]]"
qwen3-0.6b,target_mean_span,gender,random,3,all,fem,0.9204545454545454,0.9230769230769231,0.9217638691322901,351,"[""fem"", ""masc""]","[[324, 27], [28, 561]]"
qwen3-0.6b,target_mean_span,gender,random,3,all,masc,0.9540816326530612,0.9524617996604414,0.9532710280373832,589,"[""fem"", ""masc""]","[[324, 27], [28, 561]]"
qwen3-0.6b,target_mean_span,gender,random,4,ADJ,fem,0.9693877551020408,0.9693877551020408,0.9693877551020408,98,"[""fem"", ""masc""]","[[95, 3], [3, 82]]"
qwen3-0.6b,target_mean_span,gender,random,4,ADJ,masc,0.9647058823529412,0.9647058823529412,0.9647058823529412,85,"[""fem"", ""masc""]","[[95, 3], [3, 82]]"
qwen3-0.6b,target_mean_span,gender,random,4,NOUN,fem,0.905,0.9378238341968912,0.9211195928753181,193,"[""fem"", ""masc""]","[[181, 12], [19, 375]]"
qwen3-0.6b,target_mean_span,gender,random,4,NOUN,masc,0.9689922480620154,0.9517766497461929,0.9603072983354674,394,"[""fem"", ""masc""]","[[181, 12], [19, 375]]"
qwen3-0.6b,target_mean_span,gender,random,4,VERB,fem,0.8688524590163934,0.8833333333333333,0.8760330578512396,60,"[""fem"", ""masc""]","[[53, 7], [8, 101]]"
qwen3-0.6b,target_mean_span,gender,random,4,VERB,masc,0.9351851851851852,0.926605504587156,0.9308755760368663,109,"[""fem"", ""masc""]","[[53, 7], [8, 101]]"
qwen3-0.6b,target_mean_span,gender,random,4,all,fem,0.9164345403899722,0.9373219373219374,0.9267605633802817,351,"[""fem"", ""masc""]","[[329, 22], [30, 558]]"
qwen3-0.6b,target_mean_span,gender,random,4,all,masc,0.9620689655172414,0.9489795918367347,0.9554794520547946,588,"[""fem"", ""masc""]","[[329, 22], [30, 558]]"
qwen3-0.6b,target_mean_span,gender,root-heldout,0,ADJ,fem,0.7931034482758621,0.7666666666666667,0.7796610169491526,150,"[""fem"", ""masc""]","[[115, 35], [30, 101]]"
qwen3-0.6b,target_mean_span,gender,root-heldout,0,ADJ,masc,0.7426470588235294,0.7709923664122137,0.7565543071161048,131,"[""fem"", ""masc""]","[[115, 35], [30, 101]]"
qwen3-0.6b,target_mean_span,gender,root-heldout,0,NOUN,fem,0.6515151515151515,0.7247191011235955,0.6861702127659575,178,"[""fem"", ""masc""]","[[129, 49], [69, 282]]"
qwen3-0.6b,target_mean_span,gender,root-heldout,0,NOUN,masc,0.851963746223565,0.8034188034188035,0.8269794721407625,351,"[""fem"", ""masc""]","[[129, 49], [69, 282]]"
qwen3-0.6b,target_mean_span,gender,root-heldout,0,VERB,fem,0.68,0.7391304347826086,0.7083333333333334,46,"[""fem"", ""masc""]","[[34, 12], [16, 68]]"
qwen3-0.6b,target_mean_span,gender,root-heldout,0,VERB,masc,0.85,0.8095238095238095,0.8292682926829268,84,"[""fem"", ""masc""]","[[34, 12], [16, 68]]"
qwen3-0.6b,target_mean_span,gender,root-heldout,0,all,fem,0.7073791348600509,0.7433155080213903,0.7249022164276402,374,"[""fem"", ""masc""]","[[278, 96], [115, 451]]"
qwen3-0.6b,target_mean_span,gender,root-heldout,0,all,masc,0.8244972577696527,0.7968197879858657,0.8104222821203954,566,"[""fem"", ""masc""]","[[278, 96], [115, 451]]"
qwen3-0.6b,target_mean_span,gender,root-heldout,1,ADJ,fem,0.9705882352941176,0.9252336448598131,0.9473684210526315,107,"[""fem"", ""masc""]","[[99, 8], [3, 89]]"
qwen3-0.6b,target_mean_span,gender,root-heldout,1,ADJ,masc,0.9175257731958762,0.967391304347826,0.9417989417989417,92,"[""fem"", ""masc""]","[[99, 8], [3, 89]]"
qwen3-0.6b,target_mean_span,gender,root-heldout,1,NOUN,fem,0.6053811659192825,0.7941176470588235,0.6870229007633588,170,"[""fem"", ""masc""]","[[135, 35], [88, 342]]"
qwen3-0.6b,target_mean_span,gender,root-heldout,1,NOUN,masc,0.9071618037135278,0.7953488372093023,0.8475836431226765,430,"[""fem"", ""masc""]","[[135, 35], [88, 342]]"
qwen3-0.6b,target_mean_span,gender,root-heldout,1,VERB,fem,0.8,0.8,0.8,55,"[""fem"", ""masc""]","[[44, 11], [11, 75]]"
qwen3-0.6b,target_mean_span,gender,root-heldout,1,VERB,masc,0.872093023255814,0.872093023255814,0.872093023255814,86,"[""fem"", ""masc""]","[[44, 11], [11, 75]]"
qwen3-0.6b,target_mean_span,gender,root-heldout,1,all,fem,0.7315789473684211,0.8373493975903614,0.7808988764044944,332,"[""fem"", ""masc""]","[[278, 54], [102, 506]]"
qwen3-0.6b,target_mean_span,gender,root-heldout,1,all,masc,0.9035714285714286,0.8322368421052632,0.8664383561643836,608,"[""fem"", ""masc""]","[[278, 54], [102, 506]]"
qwen3-0.6b,target_mean_span,gender,root-heldout,2,ADJ,fem,0.9540229885057471,0.83,0.8877005347593583,100,"[""fem"", ""masc""]","[[83, 17], [4, 75]]"
qwen3-0.6b,target_mean_span,gender,root-heldout,2,ADJ,masc,0.8152173913043478,0.9493670886075949,0.8771929824561403,79,"[""fem"", ""masc""]","[[83, 17], [4, 75]]"
qwen3-0.6b,target_mean_span,gender,root-heldout,2,NOUN,fem,0.7381974248927039,0.6640926640926641,0.6991869918699187,259,"[""fem"", ""masc""]","[[172, 87], [61, 268]]"
qwen3-0.6b,target_mean_span,gender,root-heldout,2,NOUN,masc,0.7549295774647887,0.8145896656534954,0.783625730994152,329,"[""fem"", ""masc""]","[[172, 87], [61, 268]]"
qwen3-0.6b,target_mean_span,gender,root-heldout,2,VERB,fem,0.8947368421052632,0.7611940298507462,0.8225806451612904,67,"[""fem"", ""masc""]","[[51, 16], [6, 100]]"
qwen3-0.6b,target_mean_span,gender,root-heldout,2,VERB,masc,0.8620689655172413,0.9433962264150944,0.9009009009009009,106,"[""fem"", ""masc""]","[[51, 16], [6, 100]]"
qwen3-0.6b,target_mean_span,gender,root-heldout,2,all,fem,0.8116710875331565,0.7183098591549296,0.7621419676214197,426,"[""fem"", ""masc""]","[[306, 120], [71, 443]]"
qwen3-0.6b,target_mean_span,gender,root-heldout,2,all,masc,0.7868561278863233,0.8618677042801557,0.8226555246053854,514,"[""fem"", ""masc""]","[[306, 120], [71, 443]]"
qwen3-0.6b,target_mean_span,gender,root-heldout,3,ADJ,fem,0.9629629629629629,0.896551724137931,0.9285714285714286,58,"[""fem"", ""masc""]","[[52, 6], [2, 63]]"
qwen3-0.6b,target_mean_span,gender,root-heldout,3,ADJ,masc,0.9130434782608695,0.9692307692307692,0.9402985074626866,65,"[""fem"", ""masc""]","[[52, 6], [2, 63]]"
qwen3-0.6b,target_mean_span,gender,root-heldout,3,NOUN,fem,0.7085427135678392,0.9337748344370861,0.8057142857142857,151,"[""fem"", ""masc""]","[[141, 10], [58, 428]]"
qwen3-0.6b,target_mean_span,gender,root-heldout,3,NOUN,masc,0.9771689497716894,0.8806584362139918,0.9264069264069265,486,"[""fem"", ""masc""]","[[141, 10], [58, 428]]"
qwen3-0.6b,target_mean_span,gender,root-heldout,3,VERB,fem,0.7076923076923077,0.7666666666666667,0.736,60,"[""fem"", ""masc""]","[[46, 14], [19, 101]]"
qwen3-0.6b,target_mean_span,gender,root-heldout,3,VERB,masc,0.8782608695652174,0.8416666666666667,0.8595744680851064,120,"[""fem"", ""masc""]","[[46, 14], [19, 101]]"
qwen3-0.6b,target_mean_span,gender,root-heldout,3,all,fem,0.7515723270440252,0.8884758364312267,0.8143100511073254,269,"[""fem"", ""masc""]","[[239, 30], [79, 592]]"
qwen3-0.6b,target_mean_span,gender,root-heldout,3,all,masc,0.9517684887459807,0.8822652757078987,0.9156999226604795,671,"[""fem"", ""masc""]","[[239, 30], [79, 592]]"
qwen3-0.6b,target_mean_span,gender,root-heldout,4,ADJ,fem,0.9272727272727272,0.8360655737704918,0.8793103448275862,61,"[""fem"", ""masc""]","[[51, 10], [4, 62]]"
qwen3-0.6b,target_mean_span,gender,root-heldout,4,ADJ,masc,0.8611111111111112,0.9393939393939394,0.8985507246376812,66,"[""fem"", ""masc""]","[[51, 10], [4, 62]]"
qwen3-0.6b,target_mean_span,gender,root-heldout,4,NOUN,fem,0.7319148936170212,0.8390243902439024,0.7818181818181819,205,"[""fem"", ""masc""]","[[172, 33], [63, 334]]"
qwen3-0.6b,target_mean_span,gender,root-heldout,4,NOUN,masc,0.9100817438692098,0.8413098236775819,0.8743455497382199,397,"[""fem"", ""masc""]","[[172, 33], [63, 334]]"
qwen3-0.6b,target_mean_span,gender,root-heldout,4,VERB,fem,0.8117647058823529,0.7666666666666667,0.7885714285714286,90,"[""fem"", ""masc""]","[[69, 21], [16, 104]]"
qwen3-0.6b,target_mean_span,gender,root-heldout,4,VERB,masc,0.832,0.8666666666666667,0.8489795918367347,120,"[""fem"", ""masc""]","[[69, 21], [16, 104]]"
qwen3-0.6b,target_mean_span,gender,root-heldout,4,all,fem,0.7786666666666666,0.8202247191011236,0.79890560875513,356,"[""fem"", ""masc""]","[[292, 64], [83, 500]]"
qwen3-0.6b,target_mean_span,gender,root-heldout,4,all,masc,0.8865248226950354,0.8576329331046312,0.8718395815170009,583,"[""fem"", ""masc""]","[[292, 64], [83, 500]]"
qwen3-0.6b,target_mean_span,number,lemma-heldout,0,ADJ,du,0.5,1.0,0.6666666666666666,1,"[""du"", ""pl"", ""sg""]","[[1, 0, 0], [1, 2, 1], [0, 10, 136]]"
qwen3-0.6b,target_mean_span,number,lemma-heldout,0,ADJ,pl,0.16666666666666666,0.5,0.25,4,"[""du"", ""pl"", ""sg""]","[[1, 0, 0], [1, 2, 1], [0, 10, 136]]"
qwen3-0.6b,target_mean_span,number,lemma-heldout,0,ADJ,sg,0.9927007299270073,0.9315068493150684,0.9611307420494699,146,"[""du"", ""pl"", ""sg""]","[[1, 0, 0], [1, 2, 1], [0, 10, 136]]"
qwen3-0.6b,target_mean_span,number,lemma-heldout,0,NOUN,du,1.0,0.75,0.8571428571428571,4,"[""du"", ""pl"", ""sg""]","[[3, 0, 1], [0, 120, 36], [0, 8, 469]]"
qwen3-0.6b,target_mean_span,number,lemma-heldout,0,NOUN,pl,0.9375,0.7692307692307693,0.8450704225352113,156,"[""du"", ""pl"", ""sg""]","[[3, 0, 1], [0, 120, 36], [0, 8, 469]]"
qwen3-0.6b,target_mean_span,number,lemma-heldout,0,NOUN,sg,0.9268774703557312,0.9832285115303984,0.9542217700915565,477,"[""du"", ""pl"", ""sg""]","[[3, 0, 1], [0, 120, 36], [0, 8, 469]]"
qwen3-0.6b,target_mean_span,number,lemma-heldout,0,VERB,du,1.0,1.0,1.0,1,"[""du"", ""pl"", ""sg""]","[[1, 0, 0], [0, 11, 1], [0, 7, 132]]"
qwen3-0.6b,target_mean_span,number,lemma-heldout,0,VERB,pl,0.6111111111111112,0.9166666666666666,0.7333333333333333,12,"[""du"", ""pl"", ""sg""]","[[1, 0, 0], [0, 11, 1], [0, 7, 132]]"
qwen3-0.6b,target_mean_span,number,lemma-heldout,0,VERB,sg,0.9924812030075187,0.9496402877697842,0.9705882352941176,139,"[""du"", ""pl"", ""sg""]","[[1, 0, 0], [0, 11, 1], [0, 7, 132]]"
qwen3-0.6b,target_mean_span,number,lemma-heldout,0,all,du,0.8333333333333334,0.8333333333333334,0.8333333333333334,6,"[""du"", ""pl"", ""sg""]","[[5, 0, 1], [1, 133, 38], [0, 25, 737]]"
qwen3-0.6b,target_mean_span,number,lemma-heldout,0,all,pl,0.8417721518987342,0.7732558139534884,0.806060606060606,172,"[""du"", ""pl"", ""sg""]","[[5, 0, 1], [1, 133, 38], [0, 25, 737]]"
qwen3-0.6b,target_mean_span,number,lemma-heldout,0,all,sg,0.9497422680412371,0.9671916010498688,0.9583875162548765,762,"[""du"", ""pl"", ""sg""]","[[5, 0, 1], [1, 133, 38], [0, 25, 737]]"
qwen3-0.6b,target_mean_span,number,lemma-heldout,1,ADJ,pl,0.7142857142857143,1.0,0.8333333333333334,5,"[""pl"", ""sg""]","[[5, 0], [2, 177]]"
qwen3-0.6b,target_mean_span,number,lemma-heldout,1,ADJ,sg,1.0,0.9888268156424581,0.9943820224719101,179,"[""pl"", ""sg""]","[[5, 0], [2, 177]]"
qwen3-0.6b,target_mean_span,number,lemma-heldout,1,NOUN,du,1.0,0.1111111111111111,0.2,9,"[""du"", ""pl"", ""sg""]","[[1, 7, 1], [0, 88, 29], [0, 14, 442]]"
qwen3-0.6b,target_mean_span,number,lemma-heldout,1,NOUN,pl,0.8073394495412844,0.7521367521367521,0.7787610619469026,117,"[""du"", ""pl"", ""sg""]","[[1, 7, 1], [0, 88, 29], [0, 14, 442]]"
qwen3-0.6b,target_mean_span,number,lemma-heldout,1,NOUN,sg,0.9364406779661016,0.9692982456140351,0.9525862068965517,456,"[""du"", ""pl"", ""sg""]","[[1, 7, 1], [0, 88, 29], [0, 14, 442]]"
qwen3-0.6b,target_mean_span,number,lemma-heldout,1,VERB,du,0.0,0.0,0.0,1,"[""du"", ""pl"", ""sg""]","[[0, 0, 1], [0, 12, 3], [0, 5, 153]]"
qwen3-0.6b,target_mean_span,number,lemma-heldout,1,VERB,pl,0.7058823529411765,0.8,0.75,15,"[""du"", ""pl"", ""sg""]","[[0, 0, 1], [0, 12, 3], [0, 5, 153]]"
qwen3-0.6b,target_mean_span,number,lemma-heldout,1,VERB,sg,0.9745222929936306,0.9683544303797469,0.9714285714285714,158,"[""du"", ""pl"", ""sg""]","[[0, 0, 1], [0, 12, 3], [0, 5, 153]]"
qwen3-0.6b,target_mean_span,number,lemma-heldout,1,all,du,1.0,0.1,0.18181818181818182,10,"[""du"", ""pl"", ""sg""]","[[1, 7, 2], [0, 105, 32], [0, 21, 772]]"
qwen3-0.6b,target_mean_span,number,lemma-heldout,1,all,pl,0.7894736842105263,0.7664233576642335,0.7777777777777778,137,"[""du"", ""pl"", ""sg""]","[[1, 7, 2], [0, 105, 32], [0, 21, 772]]"
qwen3-0.6b,target_mean_span,number,lemma-heldout,1,all,sg,0.9578163771712159,0.9735182849936949,0.965603502188868,793,"[""du"", ""pl"", ""sg""]","[[1, 7, 2], [0, 105, 32], [0, 21, 772]]"
qwen3-0.6b,target_mean_span,number,lemma-heldout,2,ADJ,pl,0.8,0.8,0.8,5,"[""pl"", ""sg""]","[[4, 1], [1, 149]]"
qwen3-0.6b,target_mean_span,number,lemma-heldout,2,ADJ,sg,0.9933333333333333,0.9933333333333333,0.9933333333333333,150,"[""pl"", ""sg""]","[[4, 1], [1, 149]]"
qwen3-0.6b,target_mean_span,number,lemma-heldout,2,NOUN,du,1.0,0.2222222222222222,0.36363636363636365,9,"[""du"", ""pl"", ""sg""]","[[2, 6, 1], [0, 105, 28], [0, 19, 427]]"
qwen3-0.6b,target_mean_span,number,lemma-heldout,2,NOUN,pl,0.8076923076923077,0.7894736842105263,0.7984790874524715,133,"[""du"", ""pl"", ""sg""]","[[2, 6, 1], [0, 105, 28], [0, 19, 427]]"
qwen3-0.6b,target_mean_span,number,lemma-heldout,2,NOUN,sg,0.9364035087719298,0.9573991031390134,0.9467849223946785,446,"[""du"", ""pl"", ""sg""]","[[2, 6, 1], [0, 105, 28], [0, 19, 427]]"
qwen3-0.6b,target_mean_span,number,lemma-heldout,2,VERB,du,1.0,0.5,0.6666666666666666,2,"[""du"", ""pl"", ""sg""]","[[1, 0, 1], [0, 8, 4], [0, 7, 176]]"
qwen3-0.6b,target_mean_span,number,lemma-heldout,2,VERB,pl,0.5333333333333333,0.6666666666666666,0.5925925925925926,12,"[""du"", ""pl"", ""sg""]","[[1, 0, 1], [0, 8, 4], [0, 7, 176]]"
qwen3-0.6b,target_mean_span,number,lemma-heldout,2,VERB,sg,0.9723756906077348,0.9617486338797814,0.967032967032967,183,"[""du"", ""pl"", ""sg""]","[[1, 0, 1], [0, 8, 4], [0, 7, 176]]"
qwen3-0.6b,target_mean_span,number,lemma-heldout,2,all,du,1.0,0.2727272727272727,0.42857142857142855,11,"[""du"", ""pl"", ""sg""]","[[3, 6, 2], [0, 117, 33], [0, 27, 752]]"
qwen3-0.6b,target_mean_span,number,lemma-heldout,2,all,pl,0.78,0.78,0.78,150,"[""du"", ""pl"", ""sg""]","[[3, 6, 2], [0, 117, 33], [0, 27, 752]]"
qwen3-0.6b,target_mean_span,number,lemma-heldout,2,all,sg,0.9555273189326556,0.9653401797175867,0.9604086845466155,779,"[""du"", ""pl"", ""sg""]","[[3, 6, 2], [0, 117, 33], [0, 27, 752]]"
qwen3-0.6b,target_mean_span,number,lemma-heldout,3,ADJ,du,1.0,0.5,0.6666666666666666,2,"[""du"", ""pl"", ""sg""]","[[1, 1, 0], [0, 2, 0], [0, 6, 161]]"
qwen3-0.6b,target_mean_span,number,lemma-heldout,3,ADJ,pl,0.2222222222222222,1.0,0.36363636363636365,2,"[""du"", ""pl"", ""sg""]","[[1, 1, 0], [0, 2, 0], [0, 6, 161]]"
qwen3-0.6b,target_mean_span,number,lemma-heldout,3,ADJ,sg,1.0,0.9640718562874252,0.9817073170731707,167,"[""du"", ""pl"", ""sg""]","[[1, 1, 0], [0, 2, 0], [0, 6, 161]]"
qwen3-0.6b,target_mean_span,number,lemma-heldout,3,NOUN,du,1.0,0.6666666666666666,0.8,9,"[""du"", ""pl"", ""sg""]","[[6, 3, 0], [0, 90, 22], [0, 26, 464]]"
qwen3-0.6b,target_mean_span,number,lemma-heldout,3,NOUN,pl,0.7563025210084033,0.8035714285714286,0.7792207792207793,112,"[""du"", ""pl"", ""sg""]","[[6, 3, 0], [0, 90, 22], [0, 26, 464]]"
qwen3-0.6b,target_mean_span,number,lemma-heldout,3,NOUN,sg,0.9547325102880658,0.9469387755102041,0.9508196721311475,490,"[""du"", ""pl"", ""sg""]","[[6, 3, 0], [0, 90, 22], [0, 26, 464]]"
qwen3-0.6b,target_mean_span,number,lemma-heldout,3,VERB,du,0.0,0.0,0.0,1,"[""du"", ""pl"", ""sg""]","[[0, 1, 0], [0, 6, 2], [0, 4, 145]]"
qwen3-0.6b,target_mean_span,number,lemma-heldout,3,VERB,pl,0.5454545454545454,0.75,0.631578947368421,8,"[""du"", ""pl"", ""sg""]","[[0, 1, 0], [0, 6, 2], [0, 4, 145]]"
qwen3-0.6b,target_mean_span,number,lemma-heldout,3,VERB,sg,0.9863945578231292,0.9731543624161074,0.9797297297297297,149,"[""du"", ""pl"", ""sg""]","[[0, 1, 0], [0, 6, 2], [0, 4, 145]]"
qwen3-0.6b,target_mean_span,number,lemma-heldout,3,all,du,1.0,0.5833333333333334,0.7368421052631579,12,"[""du"", ""pl"", ""sg""]","[[7, 5, 0], [0, 98, 24], [0, 36, 770]]"
qwen3-0.6b,target_mean_span,number,lemma-heldout,3,all,pl,0.7050359712230215,0.8032786885245902,0.7509578544061303,122,"[""du"", ""pl"", ""sg""]","[[7, 5, 0], [0, 98, 24], [0, 36, 770]]"
qwen3-0.6b,target_mean_span,number,lemma-heldout,3,all,sg,0.9697732997481109,0.9553349875930521,0.9625,806,"[""du"", ""pl"", ""sg""]","[[7, 5, 0], [0, 98, 24], [0, 36, 770]]"
qwen3-0.6b,target_mean_span,number,lemma-heldout,4,ADJ,du,1.0,0.5,0.6666666666666666,2,"[""du"", ""pl"", ""sg""]","[[1, 0, 1], [0, 1, 1], [0, 4, 240]]"
qwen3-0.6b,target_mean_span,number,lemma-heldout,4,ADJ,pl,0.2,0.5,0.2857142857142857,2,"[""du"", ""pl"", ""sg""]","[[1, 0, 1], [0, 1, 1], [0, 4, 240]]"
qwen3-0.6b,target_mean_span,number,lemma-heldout,4,ADJ,sg,0.9917355371900827,0.9836065573770492,0.9876543209876543,244,"[""du"", ""pl"", ""sg""]","[[1, 0, 1], [0, 1, 1], [0, 4, 240]]"
qwen3-0.6b,target_mean_span,number,lemma-heldout,4,NOUN,du,1.0,0.5,0.6666666666666666,2,"[""du"", ""pl"", ""sg""]","[[1, 1, 0], [0, 100, 13], [0, 8, 415]]"
qwen3-0.6b,target_mean_span,number,lemma-heldout,4,NOUN,pl,0.9174311926605505,0.8849557522123894,0.9009009009009009,113,"[""du"", ""pl"", ""sg""]","[[1, 1, 0], [0, 100, 13], [0, 8, 415]]"
qwen3-0.6b,target_mean_span,number,lemma-heldout,4,NOUN,sg,0.969626168224299,0.9810874704491725,0.9753231492361927,423,"[""du"", ""pl"", ""sg""]","[[1, 1, 0], [0, 100, 13], [0, 8, 415]]"
qwen3-0.6b,target_mean_span,number,lemma-heldout,4,VERB,du,0.0,0.0,0.0,2,"[""du"", ""pl"", ""sg""]","[[0, 1, 1], [0, 3, 1], [0, 1, 146]]"
qwen3-0.6b,target_mean_span,number,lemma-heldout,4,VERB,pl,0.6,0.75,0.6666666666666666,4,"[""du"", ""pl"", ""sg""]","[[0, 1, 1], [0, 3, 1], [0, 1, 146]]"
qwen3-0.6b,target_mean_span,number,lemma-heldout,4,VERB,sg,0.9864864864864865,0.9931972789115646,0.9898305084745763,147,"[""du"", ""pl"", ""sg""]","[[0, 1, 1], [0, 3, 1], [0, 1, 146]]"
qwen3-0.6b,target_mean_span,number,lemma-heldout,4,all,du,1.0,0.3333333333333333,0.5,6,"[""du"", ""pl"", ""sg""]","[[2, 2, 2], [0, 104, 15], [0, 13, 801]]"
qwen3-0.6b,target_mean_span,number,lemma-heldout,4,all,pl,0.8739495798319328,0.8739495798319328,0.8739495798319328,119,"[""du"", ""pl"", ""sg""]","[[2, 2, 2], [0, 104, 15], [0, 13, 801]]"
qwen3-0.6b,target_mean_span,number,lemma-heldout,4,all,sg,0.9792176039119804,0.984029484029484,0.9816176470588235,814,"[""du"", ""pl"", ""sg""]","[[2, 2, 2], [0, 104, 15], [0, 13, 801]]"
qwen3-0.6b,target_mean_span,number,random,0,ADJ,pl,0.25,1.0,0.4,1,"[""pl"", ""sg""]","[[1, 0], [3, 175]]"
qwen3-0.6b,target_mean_span,number,random,0,ADJ,sg,1.0,0.9831460674157303,0.9915014164305949,178,"[""pl"", ""sg""]","[[1, 0], [3, 175]]"
qwen3-0.6b,target_mean_span,number,random,0,NOUN,du,1.0,0.625,0.7692307692307693,8,"[""du"", ""pl"", ""sg""]","[[5, 3, 0], [0, 122, 8], [0, 8, 458]]"
qwen3-0.6b,target_mean_span,number,random,0,NOUN,pl,0.9172932330827067,0.9384615384615385,0.9277566539923955,130,"[""du"", ""pl"", ""sg""]","[[5, 3, 0], [0, 122, 8], [0, 8, 458]]"
qwen3-0.6b,target_mean_span,number,random,0,NOUN,sg,0.9828326180257511,0.9828326180257511,0.9828326180257511,466,"[""du"", ""pl"", ""sg""]","[[5, 3, 0], [0, 122, 8], [0, 8, 458]]"
qwen3-0.6b,target_mean_span,number,random,0,VERB,du,0.0,0.0,0.0,1,"[""du"", ""pl"", ""sg""]","[[0, 0, 1], [0, 8, 1], [0, 0, 147]]"
qwen3-0.6b,target_mean_span,number,random,0,VERB,pl,1.0,0.8888888888888888,0.9411764705882353,9,"[""du"", ""pl"", ""sg""]","[[0, 0, 1], [0, 8, 1], [0, 0, 147]]"
qwen3-0.6b,target_mean_span,number,random,0,VERB,sg,0.9865771812080537,1.0,0.9932432432432432,147,"[""du"", ""pl"", ""sg""]","[[0, 0, 1], [0, 8, 1], [0, 0, 147]]"
qwen3-0.6b,target_mean_span,number,random,0,all,du,1.0,0.5555555555555556,0.7142857142857143,9,"[""du"", ""pl"", ""sg""]","[[5, 3, 1], [0, 131, 9], [0, 11, 780]]"
qwen3-0.6b,target_mean_span,number,random,0,all,pl,0.903448275862069,0.9357142857142857,0.9192982456140351,140,"[""du"", ""pl"", ""sg""]","[[5, 3, 1], [0, 131, 9], [0, 11, 780]]"
qwen3-0.6b,target_mean_span,number,random,0,all,sg,0.9873417721518988,0.9860935524652339,0.9867172675521821,791,"[""du"", ""pl"", ""sg""]","[[5, 3, 1], [0, 131, 9], [0, 11, 780]]"
qwen3-0.6b,target_mean_span,number,random,1,ADJ,du,0.5,0.5,0.5,2,"[""du"", ""pl"", ""sg""]","[[1, 0, 1], [1, 4, 1], [0, 2, 184]]"
qwen3-0.6b,target_mean_span,number,random,1,ADJ,pl,0.6666666666666666,0.6666666666666666,0.6666666666666666,6,"[""du"", ""pl"", ""sg""]","[[1, 0, 1], [1, 4, 1], [0, 2, 184]]"
qwen3-0.6b,target_mean_span,number,random,1,ADJ,sg,0.989247311827957,0.989247311827957,0.989247311827957,186,"[""du"", ""pl"", ""sg""]","[[1, 0, 1], [1, 4, 1], [0, 2, 184]]"
qwen3-0.6b,target_mean_span,number,random,1,NOUN,du,1.0,0.3333333333333333,0.5,6,"[""du"", ""pl"", ""sg""]","[[2, 3, 1], [0, 109, 16], [0, 5, 444]]"
qwen3-0.6b,target_mean_span,number,random,1,NOUN,pl,0.9316239316239316,0.872,0.9008264462809917,125,"[""du"", ""pl"", ""sg""]","[[2, 3, 1], [0, 109, 16], [0, 5, 444]]"
qwen3-0.6b,target_mean_span,number,random,1,NOUN,sg,0.9631236442516269,0.9888641425389755,0.9758241758241758,449,"[""du"", ""pl"", ""sg""]","[[2, 3, 1], [0, 109, 16], [0, 5, 444]]"
qwen3-0.6b,target_mean_span,number,random,1,VERB,du,0.0,0.0,0.0,1,"[""du"", ""pl"", ""sg""]","[[0, 1, 0], [0, 7, 2], [0, 4, 152]]"
qwen3-0.6b,target_mean_span,number,random,1,VERB,pl,0.5833333333333334,0.7777777777777778,0.6666666666666666,9,"[""du"", ""pl"", ""sg""]","[[0, 1, 0], [0, 7, 2], [0, 4, 152]]"
qwen3-0.6b,target_mean_span,number,random,1,VERB,sg,0.987012987012987,0.9743589743589743,0.9806451612903225,156,"[""du"", ""pl"", ""sg""]","[[0, 1, 0], [0, 7, 2], [0, 4, 152]]"
qwen3-0.6b,target_mean_span,number,random,1,all,du,0.75,0.3333333333333333,0.46153846153846156,9,"[""du"", ""pl"", ""sg""]","[[3, 4, 2], [1, 120, 19], [0, 11, 780]]"
qwen3-0.6b,target_mean_span,number,random,1,all,pl,0.8888888888888888,0.8571428571428571,0.8727272727272727,140,"[""du"", ""pl"", ""sg""]","[[3, 4, 2], [1, 120, 19], [0, 11, 780]]"
qwen3-0.6b,target_mean_span,number,random,1,all,sg,0.9737827715355806,0.9860935524652339,0.9798994974874372,791,"[""du"", ""pl"", ""sg""]","[[3, 4, 2], [1, 120, 19], [0, 11, 780]]"
qwen3-0.6b,target_mean_span,number,random,2,ADJ,pl,0.75,1.0,0.8571428571428571,3,"[""pl"", ""sg""]","[[3, 0], [1, 165]]"
qwen3-0.6b,target_mean_span,number,random,2,ADJ,sg,1.0,0.9939759036144579,0.9969788519637462,166,"[""pl"", ""sg""]","[[3, 0], [1, 165]]"
qwen3-0.6b,target_mean_span,number,random,2,NOUN,du,1.0,0.5,0.6666666666666666,6,"[""du"", ""pl"", ""sg""]","[[3, 2, 1], [0, 114, 12], [0, 2, 460]]"
qwen3-0.6b,target_mean_span,number,random,2,NOUN,pl,0.9661016949152542,0.9047619047619048,0.9344262295081968,126,"[""du"", ""pl"", ""sg""]","[[3, 2, 1], [0, 114, 12], [0, 2, 460]]"
qwen3-0.6b,target_mean_span,number,random,2,NOUN,sg,0.9725158562367865,0.9956709956709957,0.983957219251337,462,"[""du"", ""pl"", ""sg""]","[[3, 2, 1], [0, 114, 12], [0, 2, 460]]"
qwen3-0.6b,target_mean_span,number,random,2,VERB,du,0.0,0.0,0.0,3,"[""du"", ""pl"", ""sg""]","[[0, 1, 2], [0, 11, 0], [0, 1, 162]]"
qwen3-0.6b,target_mean_span,number,random,2,VERB,pl,0.8461538461538461,1.0,0.9166666666666666,11,"[""du"", ""pl"", ""sg""]","[[0, 1, 2], [0, 11, 0], [0, 1, 162]]"
qwen3-0.6b,target_mean_span,number,random,2,VERB,sg,0.9878048780487805,0.9938650306748467,0.9908256880733946,163,"[""du"", ""pl"", ""sg""]","[[0, 1, 2], [0, 11, 0], [0, 1, 162]]"
qwen3-0.6b,target_mean_span,number,random,2,all,du,1.0,0.3333333333333333,0.5,9,"[""du"", ""pl"", ""sg""]","[[3, 3, 3], [0, 128, 12], [0, 4, 787]]"
qwen3-0.6b,target_mean_span,number,random,2,all,pl,0.9481481481481482,0.9142857142857143,0.9309090909090909,140,"[""du"", ""pl"", ""sg""]","[[3, 3, 3], [0, 128, 12], [0, 4, 787]]"
qwen3-0.6b,target_mean_span,number,random,2,all,sg,0.9812967581047382,0.9949431099873578,0.9880728185812931,791,"[""du"", ""pl"", ""sg""]","[[3, 3, 3], [0, 128, 12], [0, 4, 787]]"
qwen3-0.6b,target_mean_span,number,random,3,ADJ,du,1.0,0.6666666666666666,0.8,3,"[""du"", ""pl"", ""sg""]","[[2, 1, 0], [0, 3, 1], [0, 1, 186]]"
qwen3-0.6b,target_mean_span,number,random,3,ADJ,pl,0.6,0.75,0.6666666666666666,4,"[""du"", ""pl"", ""sg""]","[[2, 1, 0], [0, 3, 1], [0, 1, 186]]"
qwen3-0.6b,target_mean_span,number,random,3,ADJ,sg,0.9946524064171123,0.9946524064171123,0.9946524064171123,187,"[""du"", ""pl"", ""sg""]","[[2, 1, 0], [0, 3, 1], [0, 1, 186]]"
qwen3-0.6b,target_mean_span,number,random,3,NOUN,du,1.0,0.6666666666666666,0.8,6,"[""du"", ""pl"", ""sg""]","[[4, 1, 1], [0, 114, 9], [0, 3, 429]]"
qwen3-0.6b,target_mean_span,number,random,3,NOUN,pl,0.9661016949152542,0.926829268292683,0.946058091286307,123,"[""du"", ""pl"", ""sg""]","[[4, 1, 1], [0, 114, 9], [0, 3, 429]]"
qwen3-0.6b,target_mean_span,number,random,3,NOUN,sg,0.9772209567198178,0.9930555555555556,0.9850746268656716,432,"[""du"", ""pl"", ""sg""]","[[4, 1, 1], [0, 114, 9], [0, 3, 429]]"
qwen3-0.6b,target_mean_span,number,random,3,VERB,pl,0.9166666666666666,0.8461538461538461,0.88,13,"[""pl"", ""sg""]","[[11, 2], [1, 171]]"
qwen3-0.6b,target_mean_span,number,random,3,VERB,sg,0.9884393063583815,0.9941860465116279,0.991304347826087,172,"[""pl"", ""sg""]","[[11, 2], [1, 171]]"
qwen3-0.6b,target_mean_span,number,random,3,all,du,1.0,0.6666666666666666,0.8,9,"[""du"", ""pl"", ""sg""]","[[6, 2, 1], [0, 128, 12], [0, 5, 786]]"
qwen3-0.6b,target_mean_span,number,random,3,all,pl,0.9481481481481482,0.9142857142857143,0.9309090909090909,140,"[""du"", ""pl"", ""sg""]","[[6, 2, 1], [0, 128, 12], [0, 5, 786]]"
qwen3-0.6b,target_mean_span,number,random,3,all,sg,0.983729662077597,0.9936788874841972,0.9886792452830189,791,"[""du"", ""pl"", ""sg""]","[[6, 2, 1], [0, 128, 12], [0, 5, 786]]"
qwen3-0.6b,target_mean_span,number,random,4,ADJ,pl,0.6666666666666666,1.0,0.8,4,"[""pl"", ""sg""]","[[4, 0], [2, 167]]"
qwen3-0.6b,target_mean_span,number,random,4,ADJ,sg,1.0,0.9881656804733728,0.9940476190476191,169,"[""pl"", ""sg""]","[[4, 0], [2, 167]]"
qwen3-0.6b,target_mean_span,number,random,4,NOUN,du,1.0,0.42857142857142855,0.6,7,"[""du"", ""pl"", ""sg""]","[[3, 4, 0], [0, 120, 7], [0, 3, 480]]"
qwen3-0.6b,target_mean_span,number,random,4,NOUN,pl,0.9448818897637795,0.9448818897637795,0.9448818897637795,127,"[""du"", ""pl"", ""sg""]","[[3, 4, 0], [0, 120, 7], [0, 3, 480]]"
qwen3-0.6b,target_mean_span,number,random,4,NOUN,sg,0.9856262833675564,0.9937888198757764,0.9896907216494846,483,"[""du"", ""pl"", ""sg""]","[[3, 4, 0], [0, 120, 7], [0, 3, 480]]"
qwen3-0.6b,target_mean_span,number,random,4,VERB,du,0.0,0.0,0.0,2,"[""du"", ""pl"", ""sg""]","[[0, 1, 1], [0, 6, 3], [0, 2, 136]]"
qwen3-0.6b,target_mean_span,number,random,4,VERB,pl,0.6666666666666666,0.6666666666666666,0.6666666666666666,9,"[""du"", ""pl"", ""sg""]","[[0, 1, 1], [0, 6, 3], [0, 2, 136]]"
qwen3-0.6b,target_mean_span,number,random,4,VERB,sg,0.9714285714285714,0.9855072463768116,0.9784172661870504,138,"[""du"", ""pl"", ""sg""]","[[0, 1, 1], [0, 6, 3], [0, 2, 136]]"
qwen3-0.6b,target_mean_span,number,random,4,all,du,1.0,0.3333333333333333,0.5,9,"[""du"", ""pl"", ""sg""]","[[3, 5, 1], [0, 130, 10], [0, 7, 783]]"
qwen3-0.6b,target_mean_span,number,random,4,all,pl,0.9154929577464789,0.9285714285714286,0.9219858156028369,140,"[""du"", ""pl"", ""sg""]","[[3, 5, 1], [0, 130, 10], [0, 7, 783]]"
qwen3-0.6b,target_mean_span,number,random,4,all,sg,0.9861460957178841,0.9911392405063291,0.9886363636363636,790,"[""du"", ""pl"", ""sg""]","[[3, 5, 1], [0, 130, 10], [0, 7, 783]]"
qwen3-0.6b,target_mean_span,number,root-heldout,0,ADJ,du,0.0,0.0,0.0,1,"[""du"", ""pl"", ""sg""]","[[0, 1, 0], [0, 2, 1], [0, 33, 244]]"
qwen3-0.6b,target_mean_span,number,root-heldout,0,ADJ,pl,0.05555555555555555,0.6666666666666666,0.10256410256410256,3,"[""du"", ""pl"", ""sg""]","[[0, 1, 0], [0, 2, 1], [0, 33, 244]]"
qwen3-0.6b,target_mean_span,number,root-heldout,0,ADJ,sg,0.9959183673469387,0.8808664259927798,0.9348659003831418,277,"[""du"", ""pl"", ""sg""]","[[0, 1, 0], [0, 2, 1], [0, 33, 244]]"
qwen3-0.6b,target_mean_span,number,root-heldout,0,NOUN,du,1.0,0.4,0.5714285714285714,5,"[""du"", ""pl"", ""sg""]","[[2, 1, 2], [0, 82, 22], [0, 12, 408]]"
qwen3-0.6b,target_mean_span,number,root-heldout,0,NOUN,pl,0.8631578947368421,0.7884615384615384,0.8241206030150754,104,"[""du"", ""pl"", ""sg""]","[[2, 1, 2], [0, 82, 22], [0, 12, 408]]"
qwen3-0.6b,target_mean_span,number,root-heldout,0,NOUN,sg,0.9444444444444444,0.9714285714285714,0.9577464788732394,420,"[""du"", ""pl"", ""sg""]","[[2, 1, 2], [0, 82, 22], [0, 12, 408]]"
qwen3-0.6b,target_mean_span,number,root-heldout,0,VERB,du,0.0,0.0,0.0,1,"[""du"", ""pl"", ""sg""]","[[0, 1, 0], [0, 13, 1], [0, 6, 109]]"
qwen3-0.6b,target_mean_span,number,root-heldout,0,VERB,pl,0.65,0.9285714285714286,0.7647058823529411,14,"[""du"", ""pl"", ""sg""]","[[0, 1, 0], [0, 13, 1], [0, 6, 109]]"
qwen3-0.6b,target_mean_span,number,root-heldout,0,VERB,sg,0.990909090909091,0.9478260869565217,0.9688888888888889,115,"[""du"", ""pl"", ""sg""]","[[0, 1, 0], [0, 13, 1], [0, 6, 109]]"
qwen3-0.6b,target_mean_span,number,root-heldout,0,all,du,1.0,0.2857142857142857,0.4444444444444444,7,"[""du"", ""pl"", ""sg""]","[[2, 3, 2], [0, 97, 24], [0, 51, 761]]"
qwen3-0.6b,target_mean_span,number,root-heldout,0,all,pl,0.6423841059602649,0.8016528925619835,0.7132352941176471,121,"[""du"", ""pl"", ""sg""]","[[2, 3, 2], [0, 97, 24], [0, 51, 761]]"
qwen3-0.6b,target_mean_span,number,root-heldout,0,all,sg,0.9669631512071156,0.937192118226601,0.9518449030644153,812,"[""du"", ""pl"", ""sg""]","[[2, 3, 2], [0, 97, 24], [0, 51, 761]]"
qwen3-0.6b,target_mean_span,number,root-heldout,1,ADJ,du,1.0,0.5,0.6666666666666666,2,"[""du"", ""pl"", ""sg""]","[[1, 0, 1], [0, 1, 0], [0, 11, 185]]"
qwen3-0.6b,target_mean_span,number,root-heldout,1,ADJ,pl,0.08333333333333333,1.0,0.15384615384615385,1,"[""du"", ""pl"", ""sg""]","[[1, 0, 1], [0, 1, 0], [0, 11, 185]]"
qwen3-0.6b,target_mean_span,number,root-heldout,1,ADJ,sg,0.9946236559139785,0.9438775510204082,0.9685863874345549,196,"[""du"", ""pl"", ""sg""]","[[1, 0, 1], [0, 1, 0], [0, 11, 185]]"
qwen3-0.6b,target_mean_span,number,root-heldout,1,NOUN,du,0.0,0.0,0.0,7,"[""du"", ""pl"", ""sg""]","[[0, 4, 3], [0, 66, 20], [2, 13, 492]]"
qwen3-0.6b,target_mean_span,number,root-heldout,1,NOUN,pl,0.7951807228915663,0.7674418604651163,0.7810650887573964,86,"[""du"", ""pl"", ""sg""]","[[0, 4, 3], [0, 66, 20], [2, 13, 492]]"
qwen3-0.6b,target_mean_span,number,root-heldout,1,NOUN,sg,0.9553398058252427,0.9704142011834319,0.9628180039138943,507,"[""du"", ""pl"", ""sg""]","[[0, 4, 3], [0, 66, 20], [2, 13, 492]]"
qwen3-0.6b,target_mean_span,number,root-heldout,1,VERB,du,0.0,0.0,0.0,2,"[""du"", ""pl"", ""sg""]","[[0, 0, 2], [0, 6, 2], [0, 0, 131]]"
qwen3-0.6b,target_mean_span,number,root-heldout,1,VERB,pl,1.0,0.75,0.8571428571428571,8,"[""du"", ""pl"", ""sg""]","[[0, 0, 2], [0, 6, 2], [0, 0, 131]]"
qwen3-0.6b,target_mean_span,number,root-heldout,1,VERB,sg,0.9703703703703703,1.0,0.9849624060150376,131,"[""du"", ""pl"", ""sg""]","[[0, 0, 2], [0, 6, 2], [0, 0, 131]]"
qwen3-0.6b,target_mean_span,number,root-heldout,1,all,du,0.3333333333333333,0.09090909090909091,0.14285714285714285,11,"[""du"", ""pl"", ""sg""]","[[1, 4, 6], [0, 73, 22], [2, 24, 808]]"
qwen3-0.6b,target_mean_span,number,root-heldout,1,all,pl,0.7227722772277227,0.7684210526315789,0.7448979591836735,95,"[""du"", ""pl"", ""sg""]","[[1, 4, 6], [0, 73, 22], [2, 24, 808]]"
qwen3-0.6b,target_mean_span,number,root-heldout,1,all,sg,0.9665071770334929,0.9688249400479616,0.9676646706586827,834,"[""du"", ""pl"", ""sg""]","[[1, 4, 6], [0, 73, 22], [2, 24, 808]]"
qwen3-0.6b,target_mean_span,number,root-heldout,2,ADJ,pl,0.8333333333333334,0.8333333333333334,0.8333333333333334,6,"[""pl"", ""sg""]","[[5, 1], [1, 172]]"
qwen3-0.6b,target_mean_span,number,root-heldout,2,ADJ,sg,0.9942196531791907,0.9942196531791907,0.9942196531791907,173,"[""pl"", ""sg""]","[[5, 1], [1, 172]]"
qwen3-0.6b,target_mean_span,number,root-heldout,2,NOUN,du,0.125,0.5,0.2,2,"[""du"", ""pl"", ""sg""]","[[1, 0, 1], [0, 101, 43], [7, 9, 426]]"
qwen3-0.6b,target_mean_span,number,root-heldout,2,NOUN,pl,0.9181818181818182,0.7013888888888888,0.7952755905511811,144,"[""du"", ""pl"", ""sg""]","[[1, 0, 1], [0, 101, 43], [7, 9, 426]]"
qwen3-0.6b,target_mean_span,number,root-heldout,2,NOUN,sg,0.9063829787234042,0.9638009049773756,0.9342105263157895,442,"[""du"", ""pl"", ""sg""]","[[1, 0, 1], [0, 101, 43], [7, 9, 426]]"
qwen3-0.6b,target_mean_span,number,root-heldout,2,VERB,du,0.0,0.0,0.0,2,"[""du"", ""pl"", ""sg""]","[[0, 1, 1], [0, 10, 1], [0, 19, 141]]"
qwen3-0.6b,target_mean_span,number,root-heldout,2,VERB,pl,0.3333333333333333,0.9090909090909091,0.4878048780487805,11,"[""du"", ""pl"", ""sg""]","[[0, 1, 1], [0, 10, 1], [0, 19, 141]]"
qwen3-0.6b,target_mean_span,number,root-heldout,2,VERB,sg,0.986013986013986,0.88125,0.9306930693069307,160,"[""du"", ""pl"", ""sg""]","[[0, 1, 1], [0, 10, 1], [0, 19, 141]]"
qwen3-0.6b,target_mean_span,number,root-heldout,2,all,du,0.125,0.25,0.16666666666666666,4,"[""du"", ""pl"", ""sg""]","[[1, 1, 2], [0, 116, 45], [7, 29, 739]]"
qwen3-0.6b,target_mean_span,number,root-heldout,2,all,pl,0.7945205479452054,0.7204968944099379,0.755700325732899,161,"[""du"", ""pl"", ""sg""]","[[1, 1, 2], [0, 116, 45], [7, 29, 739]]"
qwen3-0.6b,target_mean_span,number,root-heldout,2,all,sg,0.9402035623409669,0.9535483870967741,0.9468289557975657,775,"[""du"", ""pl"", ""sg""]","[[1, 1, 2], [0, 116, 45], [7, 29, 739]]"
qwen3-0.6b,target_mean_span,number,root-heldout,3,ADJ,du,1.0,0.5,0.6666666666666666,2,"[""du"", ""pl"", ""sg""]","[[1, 0, 1], [0, 6, 0], [0, 16, 99]]"
qwen3-0.6b,target_mean_span,number,root-heldout,3,ADJ,pl,0.2727272727272727,1.0,0.42857142857142855,6,"[""du"", ""pl"", ""sg""]","[[1, 0, 1], [0, 6, 0], [0, 16, 99]]"
qwen3-0.6b,target_mean_span,number,root-heldout,3,ADJ,sg,0.99,0.8608695652173913,0.9209302325581395,115,"[""du"", ""pl"", ""sg""]","[[1, 0, 1], [0, 6, 0], [0, 16, 99]]"
qwen3-0.6b,target_mean_span,number,root-heldout,3,NOUN,du,1.0,0.45454545454545453,0.625,11,"[""du"", ""pl"", ""sg""]","[[5, 5, 1], [0, 112, 25], [0, 22, 467]]"
qwen3-0.6b,target_mean_span,number,root-heldout,3,NOUN,pl,0.8057553956834532,0.8175182481751825,0.8115942028985508,137,"[""du"", ""pl"", ""sg""]","[[5, 5, 1], [0, 112, 25], [0, 22, 467]]"
qwen3-0.6b,target_mean_span,number,root-heldout,3,NOUN,sg,0.947261663286004,0.9550102249488752,0.9511201629327902,489,"[""du"", ""pl"", ""sg""]","[[5, 5, 1], [0, 112, 25], [0, 22, 467]]"
qwen3-0.6b,target_mean_span,number,root-heldout,3,VERB,du,0.0,0.0,0.0,1,"[""du"", ""pl"", ""sg""]","[[0, 1, 0], [0, 6, 2], [0, 10, 161]]"
qwen3-0.6b,target_mean_span,number,root-heldout,3,VERB,pl,0.35294117647058826,0.75,0.48,8,"[""du"", ""pl"", ""sg""]","[[0, 1, 0], [0, 6, 2], [0, 10, 161]]"
qwen3-0.6b,target_mean_span,number,root-heldout,3,VERB,sg,0.9877300613496932,0.9415204678362573,0.9640718562874252,171,"[""du"", ""pl"", ""sg""]","[[0, 1, 0], [0, 6, 2], [0, 10, 161]]"
qwen3-0.6b,target_mean_span,number,root-heldout,3,all,du,1.0,0.42857142857142855,0.6,14,"[""du"", ""pl"", ""sg""]","[[6, 6, 2], [0, 124, 27], [0, 48, 727]]"
qwen3-0.6b,target_mean_span,number,root-heldout,3,all,pl,0.6966292134831461,0.8211920529801324,0.7537993920972644,151,"[""du"", ""pl"", ""sg""]","[[6, 6, 2], [0, 124, 27], [0, 48, 727]]"
qwen3-0.6b,target_mean_span,number,root-heldout,3,all,sg,0.9616402116402116,0.9380645161290323,0.9497060744611365,775,"[""du"", ""pl"", ""sg""]","[[6, 6, 2], [0, 124, 27], [0, 48, 727]]"
qwen3-0.6b,target_mean_span,number,root-heldout,4,ADJ,pl,0.125,0.5,0.2,2,"[""pl"", ""sg""]","[[1, 1], [7, 118]]"
qwen3-0.6b,target_mean_span,number,root-heldout,4,ADJ,sg,0.9915966386554622,0.944,0.9672131147540983,125,"[""pl"", ""sg""]","[[1, 1], [7, 118]]"
qwen3-0.6b,target_mean_span,number,root-heldout,4,NOUN,du,0.75,0.375,0.5,8,"[""du"", ""pl"", ""sg""]","[[3, 4, 1], [1, 133, 26], [0, 12, 422]]"
qwen3-0.6b,target_mean_span,number,root-heldout,4,NOUN,pl,0.8926174496644296,0.83125,0.86084142394822,160,"[""du"", ""pl"", ""sg""]","[[3, 4, 1], [1, 133, 26], [0, 12, 422]]"
qwen3-0.6b,target_mean_span,number,root-heldout,4,NOUN,sg,0.9398663697104677,0.9723502304147466,0.9558323895809739,434,"[""du"", ""pl"", ""sg""]","[[3, 4, 1], [1, 133, 26], [0, 12, 422]]"
qwen3-0.6b,target_mean_span,number,root-heldout,4,VERB,du,1.0,1.0,1.0,1,"[""du"", ""pl"", ""sg""]","[[1, 0, 0], [0, 9, 1], [0, 0, 199]]"
qwen3-0.6b,target_mean_span,number,root-heldout,4,VERB,pl,1.0,0.9,0.9473684210526315,10,"[""du"", ""pl"", ""sg""]","[[1, 0, 0], [0, 9, 1], [0, 0, 199]]"
qwen3-0.6b,target_mean_span,number,root-heldout,4,VERB,sg,0.995,1.0,0.9974937343358395,199,"[""du"", ""pl"", ""sg""]","[[1, 0, 0], [0, 9, 1], [0, 0, 199]]"
qwen3-0.6b,target_mean_span,number,root-heldout,4,all,du,0.8,0.4444444444444444,0.5714285714285714,9,"[""du"", ""pl"", ""sg""]","[[4, 4, 1], [1, 143, 28], [0, 19, 739]]"
qwen3-0.6b,target_mean_span,number,root-heldout,4,all,pl,0.8614457831325302,0.8313953488372093,0.8461538461538461,172,"[""du"", ""pl"", ""sg""]","[[4, 4, 1], [1, 143, 28], [0, 19, 739]]"
qwen3-0.6b,target_mean_span,number,root-heldout,4,all,sg,0.9622395833333334,0.974934036939314,0.9685452162516383,758,"[""du"", ""pl"", ""sg""]","[[4, 4, 1], [1, 143, 28], [0, 19, 739]]"
qwen3-0.6b,target_mean_span,pos,lemma-heldout,0,ADJ,ADJ,1.0,0.6436781609195402,0.7832167832167832,174,"[""ADJ"", ""NOUN"", ""VERB""]","[[112, 58, 4], [0, 0, 0], [0, 0, 0]]"
qwen3-0.6b,target_mean_span,pos,lemma-heldout,0,ADJ,NOUN,0.0,0.0,0.0,0,"[""ADJ"", ""NOUN"", ""VERB""]","[[112, 58, 4], [0, 0, 0], [0, 0, 0]]"
qwen3-0.6b,target_mean_span,pos,lemma-heldout,0,ADJ,VERB,0.0,0.0,0.0,0,"[""ADJ"", ""NOUN"", ""VERB""]","[[112, 58, 4], [0, 0, 0], [0, 0, 0]]"
qwen3-0.6b,target_mean_span,pos,lemma-heldout,0,NOUN,ADJ,0.0,0.0,0.0,0,"[""ADJ"", ""NOUN"", ""VERB""]","[[0, 0, 0], [47, 584, 17], [0, 0, 0]]"
qwen3-0.6b,target_mean_span,pos,lemma-heldout,0,NOUN,NOUN,1.0,0.9012345679012346,0.948051948051948,648,"[""ADJ"", ""NOUN"", ""VERB""]","[[0, 0, 0], [47, 584, 17], [0, 0, 0]]"
qwen3-0.6b,target_mean_span,pos,lemma-heldout,0,NOUN,VERB,0.0,0.0,0.0,0,"[""ADJ"", ""NOUN"", ""VERB""]","[[0, 0, 0], [47, 584, 17], [0, 0, 0]]"
qwen3-0.6b,target_mean_span,pos,lemma-heldout,0,VERB,ADJ,0.0,0.0,0.0,0,"[""ADJ"", ""NOUN"", ""VERB""]","[[0, 0, 0], [0, 0, 0], [4, 12, 103]]"
qwen3-0.6b,target_mean_span,pos,lemma-heldout,0,VERB,NOUN,0.0,0.0,0.0,0,"[""ADJ"", ""NOUN"", ""VERB""]","[[0, 0, 0], [0, 0, 0], [4, 12, 103]]"
qwen3-0.6b,target_mean_span,pos,lemma-heldout,0,VERB,VERB,1.0,0.865546218487395,0.9279279279279279,119,"[""ADJ"", ""NOUN"", ""VERB""]","[[0, 0, 0], [0, 0, 0], [4, 12, 103]]"
qwen3-0.6b,target_mean_span,pos,lemma-heldout,0,all,ADJ,0.6871165644171779,0.6436781609195402,0.6646884272997032,174,"[""ADJ"", ""NOUN"", ""VERB""]","[[112, 58, 4], [47, 584, 17], [4, 12, 103]]"
qwen3-0.6b,target_mean_span,pos,lemma-heldout,0,all,NOUN,0.8929663608562691,0.9012345679012346,0.8970814132104454,648,"[""ADJ"", ""NOUN"", ""VERB""]","[[112, 58, 4], [47, 584, 17], [4, 12, 103]]"
qwen3-0.6b,target_mean_span,pos,lemma-heldout,0,all,VERB,0.8306451612903226,0.865546218487395,0.8477366255144033,119,"[""ADJ"", ""NOUN"", ""VERB""]","[[112, 58, 4], [47, 584, 17], [4, 12, 103]]"
qwen3-0.6b,target_mean_span,pos,lemma-heldout,1,ADJ,ADJ,1.0,0.7632850241545893,0.8657534246575342,207,"[""ADJ"", ""NOUN"", ""VERB""]","[[158, 48, 1], [0, 0, 0], [0, 0, 0]]"
qwen3-0.6b,target_mean_span,pos,lemma-heldout,1,ADJ,NOUN,0.0,0.0,0.0,0,"[""ADJ"", ""NOUN"", ""VERB""]","[[158, 48, 1], [0, 0, 0], [0, 0, 0]]"
qwen3-0.6b,target_mean_span,pos,lemma-heldout,1,ADJ,VERB,0.0,0.0,0.0,0,"[""ADJ"", ""NOUN"", ""VERB""]","[[158, 48, 1], [0, 0, 0], [0, 0, 0]]"
qwen3-0.6b,target_mean_span,pos,lemma-heldout,1,NOUN,ADJ,0.0,0.0,0.0,0,"[""ADJ"", ""NOUN"", ""VERB""]","[[0, 0, 0], [63, 484, 16], [0, 0, 0]]"
qwen3-0.6b,target_mean_span,pos,lemma-heldout,1,NOUN,NOUN,1.0,0.8596802841918295,0.9245463228271251,563,"[""ADJ"", ""NOUN"", ""VERB""]","[[0, 0, 0], [63, 484, 16], [0, 0, 0]]"
qwen3-0.6b,target_mean_span,pos,lemma-heldout,1,NOUN,VERB,0.0,0.0,0.0,0,"[""ADJ"", ""NOUN"", ""VERB""]","[[0, 0, 0], [63, 484, 16], [0, 0, 0]]"
qwen3-0.6b,target_mean_span,pos,lemma-heldout,1,VERB,NOUN,0.0,0.0,0.0,0,"[""NOUN"", ""VERB""]","[[0, 0], [27, 143]]"
qwen3-0.6b,target_mean_span,pos,lemma-heldout,1,VERB,VERB,1.0,0.8411764705882353,0.9137380191693291,170,"[""NOUN"", ""VERB""]","[[0, 0], [27, 143]]"
qwen3-0.6b,target_mean_span,pos,lemma-heldout,1,all,ADJ,0.7149321266968326,0.7632850241545893,0.7383177570093458,207,"[""ADJ"", ""NOUN"", ""VERB""]","[[158, 48, 1], [63, 484, 16], [0, 27, 143]]"
qwen3-0.6b,target_mean_span,pos,lemma-heldout,1,all,NOUN,0.8658318425760286,0.8596802841918295,0.8627450980392157,563,"[""ADJ"", ""NOUN"", ""VERB""]","[[158, 48, 1], [63, 484, 16], [0, 27, 143]]"
qwen3-0.6b,target_mean_span,pos,lemma-heldout,1,all,VERB,0.89375,0.8411764705882353,0.8666666666666667,170,"[""ADJ"", ""NOUN"", ""VERB""]","[[158, 48, 1], [63, 484, 16], [0, 27, 143]]"
qwen3-0.6b,target_mean_span,pos,lemma-heldout,2,ADJ,ADJ,1.0,0.6267605633802817,0.7705627705627706,142,"[""ADJ"", ""NOUN"", ""VERB""]","[[89, 48, 5], [0, 0, 0], [0, 0, 0]]"
qwen3-0.6b,target_mean_span,pos,lemma-heldout,2,ADJ,NOUN,0.0,0.0,0.0,0,"[""ADJ"", ""NOUN"", ""VERB""]","[[89, 48, 5], [0, 0, 0], [0, 0, 0]]"
qwen3-0.6b,target_mean_span,pos,lemma-heldout,2,ADJ,VERB,0.0,0.0,0.0,0,"[""ADJ"", ""NOUN"", ""VERB""]","[[89, 48, 5], [0, 0, 0], [0, 0, 0]]"
qwen3-0.6b,target_mean_span,pos,lemma-heldout,2,NOUN,ADJ,0.0,0.0,0.0,0,"[""ADJ"", ""NOUN"", ""VERB""]","[[0, 0, 0], [51, 529, 20], [0, 0, 0]]"
qwen3-0.6b,target_mean_span,pos,lemma-heldout,2,NOUN,NOUN,1.0,0.8816666666666667,0.937112488928255,600,"[""ADJ"", ""NOUN"", ""VERB""]","[[0, 0, 0], [51, 529, 20], [0, 0, 0]]"
qwen3-0.6b,target_mean_span,pos,lemma-heldout,2,NOUN,VERB,0.0,0.0,0.0,0,"[""ADJ"", ""NOUN"", ""VERB""]","[[0, 0, 0], [51, 529, 20], [0, 0, 0]]"
qwen3-0.6b,target_mean_span,pos,lemma-heldout,2,VERB,ADJ,0.0,0.0,0.0,0,"[""ADJ"", ""NOUN"", ""VERB""]","[[0, 0, 0], [0, 0, 0], [5, 18, 175]]"
qwen3-0.6b,target_mean_span,pos,lemma-heldout,2,VERB,NOUN,0.0,0.0,0.0,0,"[""ADJ"", ""NOUN"", ""VERB""]","[[0, 0, 0], [0, 0, 0], [5, 18, 175]]"
qwen3-0.6b,target_mean_span,pos,lemma-heldout,2,VERB,VERB,1.0,0.8838383838383839,0.938337801608579,198,"[""ADJ"", ""NOUN"", ""VERB""]","[[0, 0, 0], [0, 0, 0], [5, 18, 175]]"
qwen3-0.6b,target_mean_span,pos,lemma-heldout,2,all,ADJ,0.6137931034482759,0.6267605633802817,0.6202090592334495,142,"[""ADJ"", ""NOUN"", ""VERB""]","[[89, 48, 5], [51, 529, 20], [5, 18, 175]]"
qwen3-0.6b,target_mean_span,pos,lemma-heldout,2,all,NOUN,0.8890756302521008,0.8816666666666667,0.8853556485355648,600,"[""ADJ"", ""NOUN"", ""VERB""]","[[89, 48, 5], [51, 529, 20], [5, 18, 175]]"
qwen3-0.6b,target_mean_span,pos,lemma-heldout,2,all,VERB,0.875,0.8838383838383839,0.8793969849246231,198,"[""ADJ"", ""NOUN"", ""VERB""]","[[89, 48, 5], [51, 529, 20], [5, 18, 175]]"
qwen3-0.6b,target_mean_span,pos,lemma-heldout,3,ADJ,ADJ,1.0,0.8064516129032258,0.8928571428571429,186,"[""ADJ"", ""NOUN"", ""VERB""]","[[150, 30, 6], [0, 0, 0], [0, 0, 0]]"
qwen3-0.6b,target_mean_span,pos,lemma-heldout,3,ADJ,NOUN,0.0,0.0,0.0,0,"[""ADJ"", ""NOUN"", ""VERB""]","[[150, 30, 6], [0, 0, 0], [0, 0, 0]]"
qwen3-0.6b,target_mean_span,pos,lemma-heldout,3,ADJ,VERB,0.0,0.0,0.0,0,"[""ADJ"", ""NOUN"", ""VERB""]","[[150, 30, 6], [0, 0, 0], [0, 0, 0]]"
qwen3-0.6b,target_mean_span,pos,lemma-heldout,3,NOUN,ADJ,0.0,0.0,0.0,0,"[""ADJ"", ""NOUN"", ""VERB""]","[[0, 0, 0], [48, 534, 15], [0, 0, 0]]"
qwen3-0.6b,target_mean_span,pos,lemma-heldout,3,NOUN,NOUN,1.0,0.8944723618090452,0.9442970822281167,597,"[""ADJ"", ""NOUN"", ""VERB""]","[[0, 0, 0], [48, 534, 15], [0, 0, 0]]"
qwen3-0.6b,target_mean_span,pos,lemma-heldout,3,NOUN,VERB,0.0,0.0,0.0,0,"[""ADJ"", ""NOUN"", ""VERB""]","[[0, 0, 0], [48, 534, 15], [0, 0, 0]]"
qwen3-0.6b,target_mean_span,pos,lemma-heldout,3,VERB,ADJ,0.0,0.0,0.0,0,"[""ADJ"", ""NOUN"", ""VERB""]","[[0, 0, 0], [0, 0, 0], [1, 18, 138]]"
qwen3-0.6b,target_mean_span,pos,lemma-heldout,3,VERB,NOUN,0.0,0.0,0.0,0,"[""ADJ"", ""NOUN"", ""VERB""]","[[0, 0, 0], [0, 0, 0], [1, 18, 138]]"
qwen3-0.6b,target_mean_span,pos,lemma-heldout,3,VERB,VERB,1.0,0.8789808917197452,0.9355932203389831,157,"[""ADJ"", ""NOUN"", ""VERB""]","[[0, 0, 0], [0, 0, 0], [1, 18, 138]]"
qwen3-0.6b,target_mean_span,pos,lemma-heldout,3,all,ADJ,0.7537688442211056,0.8064516129032258,0.7792207792207793,186,"[""ADJ"", ""NOUN"", ""VERB""]","[[150, 30, 6], [48, 534, 15], [1, 18, 138]]"
qwen3-0.6b,target_mean_span,pos,lemma-heldout,3,all,NOUN,0.9175257731958762,0.8944723618090452,0.905852417302799,597,"[""ADJ"", ""NOUN"", ""VERB""]","[[150, 30, 6], [48, 534, 15], [1, 18, 138]]"
qwen3-0.6b,target_mean_span,pos,lemma-heldout,3,all,VERB,0.8679245283018868,0.8789808917197452,0.8734177215189873,157,"[""ADJ"", ""NOUN"", ""VERB""]","[[150, 30, 6], [48, 534, 15], [1, 18, 138]]"
qwen3-0.6b,target_mean_span,pos,lemma-heldout,4,ADJ,ADJ,1.0,0.6915422885572139,0.8176470588235294,201,"[""ADJ"", ""NOUN"", ""VERB""]","[[139, 44, 18], [0, 0, 0], [0, 0, 0]]"
qwen3-0.6b,target_mean_span,pos,lemma-heldout,4,ADJ,NOUN,0.0,0.0,0.0,0,"[""ADJ"", ""NOUN"", ""VERB""]","[[139, 44, 18], [0, 0, 0], [0, 0, 0]]"
qwen3-0.6b,target_mean_span,pos,lemma-heldout,4,ADJ,VERB,0.0,0.0,0.0,0,"[""ADJ"", ""NOUN"", ""VERB""]","[[139, 44, 18], [0, 0, 0], [0, 0, 0]]"
qwen3-0.6b,target_mean_span,pos,lemma-heldout,4,NOUN,ADJ,0.0,0.0,0.0,0,"[""ADJ"", ""NOUN"", ""VERB""]","[[0, 0, 0], [61, 477, 11], [0, 0, 0]]"
qwen3-0.6b,target_mean_span,pos,lemma-heldout,4,NOUN,NOUN,1.0,0.8688524590163934,0.9298245614035088,549,"[""ADJ"", ""NOUN"", ""VERB""]","[[0, 0, 0], [61, 477, 11], [0, 0, 0]]"
qwen3-0.6b,target_mean_span,pos,lemma-heldout,4,NOUN,VERB,0.0,0.0,0.0,0,"[""ADJ"", ""NOUN"", ""VERB""]","[[0, 0, 0], [61, 477, 11], [0, 0, 0]]"
qwen3-0.6b,target_mean_span,pos,lemma-heldout,4,VERB,NOUN,0.0,0.0,0.0,0,"[""NOUN"", ""VERB""]","[[0, 0], [43, 147]]"
qwen3-0.6b,target_mean_span,pos,lemma-heldout,4,VERB,VERB,1.0,0.7736842105263158,0.8724035608308606,190,"[""NOUN"", ""VERB""]","[[0, 0], [43, 147]]"
qwen3-0.6b,target_mean_span,pos,lemma-heldout,4,all,ADJ,0.695,0.6915422885572139,0.6932668329177057,201,"[""ADJ"", ""NOUN"", ""VERB""]","[[139, 44, 18], [61, 477, 11], [0, 43, 147]]"
qwen3-0.6b,target_mean_span,pos,lemma-heldout,4,all,NOUN,0.8457446808510638,0.8688524590163934,0.8571428571428571,549,"[""ADJ"", ""NOUN"", ""VERB""]","[[139, 44, 18], [61, 477, 11], [0, 43, 147]]"
qwen3-0.6b,target_mean_span,pos,lemma-heldout,4,all,VERB,0.8352272727272727,0.7736842105263158,0.8032786885245902,190,"[""ADJ"", ""NOUN"", ""VERB""]","[[139, 44, 18], [61, 477, 11], [0, 43, 147]]"
qwen3-0.6b,target_mean_span,pos,random,0,ADJ,ADJ,1.0,0.8956043956043956,0.9449275362318841,182,"[""ADJ"", ""NOUN"", ""VERB""]","[[163, 18, 1], [0, 0, 0], [0, 0, 0]]"
qwen3-0.6b,target_mean_span,pos,random,0,ADJ,NOUN,0.0,0.0,0.0,0,"[""ADJ"", ""NOUN"", ""VERB""]","[[163, 18, 1], [0, 0, 0], [0, 0, 0]]"
qwen3-0.6b,target_mean_span,pos,random,0,ADJ,VERB,0.0,0.0,0.0,0,"[""ADJ"", ""NOUN"", ""VERB""]","[[163, 18, 1], [0, 0, 0], [0, 0, 0]]"
qwen3-0.6b,target_mean_span,pos,random,0,NOUN,ADJ,0.0,0.0,0.0,0,"[""ADJ"", ""NOUN"", ""VERB""]","[[0, 0, 0], [21, 566, 5], [0, 0, 0]]"
qwen3-0.6b,target_mean_span,pos,random,0,NOUN,NOUN,1.0,0.956081081081081,0.9775474956822107,592,"[""ADJ"", ""NOUN"", ""VERB""]","[[0, 0, 0], [21, 566, 5], [0, 0, 0]]"
qwen3-0.6b,target_mean_span,pos,random,0,NOUN,VERB,0.0,0.0,0.0,0,"[""ADJ"", ""NOUN"", ""VERB""]","[[0, 0, 0], [21, 566, 5], [0, 0, 0]]"
qwen3-0.6b,target_mean_span,pos,random,0,VERB,NOUN,0.0,0.0,0.0,0,"[""NOUN"", ""VERB""]","[[0, 0], [11, 156]]"
qwen3-0.6b,target_mean_span,pos,random,0,VERB,VERB,1.0,0.9341317365269461,0.9659442724458205,167,"[""NOUN"", ""VERB""]","[[0, 0], [11, 156]]"
qwen3-0.6b,target_mean_span,pos,random,0,all,ADJ,0.8858695652173914,0.8956043956043956,0.8907103825136612,182,"[""ADJ"", ""NOUN"", ""VERB""]","[[163, 18, 1], [21, 566, 5], [0, 11, 156]]"
qwen3-0.6b,target_mean_span,pos,random,0,all,NOUN,0.9512605042016806,0.956081081081081,0.953664700926706,592,"[""ADJ"", ""NOUN"", ""VERB""]","[[163, 18, 1], [21, 566, 5], [0, 11, 156]]"
qwen3-0.6b,target_mean_span,pos,random,0,all,VERB,0.9629629629629629,0.9341317365269461,0.9483282674772037,167,"[""ADJ"", ""NOUN"", ""VERB""]","[[163, 18, 1], [21, 566, 5], [0, 11, 156]]"
qwen3-0.6b,target_mean_span,pos,random,1,ADJ,ADJ,1.0,0.8901098901098901,0.9418604651162791,182,"[""ADJ"", ""NOUN"", ""VERB""]","[[162, 18, 2], [0, 0, 0], [0, 0, 0]]"
qwen3-0.6b,target_mean_span,pos,random,1,ADJ,NOUN,0.0,0.0,0.0,0,"[""ADJ"", ""NOUN"", ""VERB""]","[[162, 18, 2], [0, 0, 0], [0, 0, 0]]"
qwen3-0.6b,target_mean_span,pos,random,1,ADJ,VERB,0.0,0.0,0.0,0,"[""ADJ"", ""NOUN"", ""VERB""]","[[162, 18, 2], [0, 0, 0], [0, 0, 0]]"
qwen3-0.6b,target_mean_span,pos,random,1,NOUN,ADJ,0.0,0.0,0.0,0,"[""ADJ"", ""NOUN"", ""VERB""]","[[0, 0, 0], [16, 568, 8], [0, 0, 0]]"
qwen3-0.6b,target_mean_span,pos,random,1,NOUN,NOUN,1.0,0.9594594594594594,0.9793103448275862,592,"[""ADJ"", ""NOUN"", ""VERB""]","[[0, 0, 0], [16, 568, 8], [0, 0, 0]]"
qwen3-0.6b,target_mean_span,pos,random,1,NOUN,VERB,0.0,0.0,0.0,0,"[""ADJ"", ""NOUN"", ""VERB""]","[[0, 0, 0], [16, 568, 8], [0, 0, 0]]"
qwen3-0.6b,target_mean_span,pos,random,1,VERB,NOUN,0.0,0.0,0.0,0,"[""NOUN"", ""VERB""]","[[0, 0], [19, 147]]"
qwen3-0.6b,target_mean_span,pos,random,1,VERB,VERB,1.0,0.8855421686746988,0.939297124600639,166,"[""NOUN"", ""VERB""]","[[0, 0], [19, 147]]"
qwen3-0.6b,target_mean_span,pos,random,1,all,ADJ,0.9101123595505618,0.8901098901098901,0.9,182,"[""ADJ"", ""NOUN"", ""VERB""]","[[162, 18, 2], [16, 568, 8], [0, 19, 147]]"
qwen3-0.6b,target_mean_span,pos,random,1,all,NOUN,0.9388429752066115,0.9594594594594594,0.9490392648287385,592,"[""ADJ"", ""NOUN"", ""VERB""]","[[162, 18, 2], [16, 568, 8], [0, 19, 147]]"
qwen3-0.6b,target_mean_span,pos,random,1,all,VERB,0.9363057324840764,0.8855421686746988,0.9102167182662538,166,"[""ADJ"", ""NOUN"", ""VERB""]","[[162, 18, 2], [16, 568, 8], [0, 19, 147]]"
qwen3-0.6b,target_mean_span,pos,random,2,ADJ,ADJ,1.0,0.8901098901098901,0.9418604651162791,182,"[""ADJ"", ""NOUN""]","[[162, 20], [0, 0]]"
qwen3-0.6b,target_mean_span,pos,random,2,ADJ,NOUN,0.0,0.0,0.0,0,"[""ADJ"", ""NOUN""]","[[162, 20], [0, 0]]"
qwen3-0.6b,target_mean_span,pos,random,2,NOUN,ADJ,0.0,0.0,0.0,0,"[""ADJ"", ""NOUN"", ""VERB""]","[[0, 0, 0], [21, 565, 5], [0, 0, 0]]"
qwen3-0.6b,target_mean_span,pos,random,2,NOUN,NOUN,1.0,0.9560067681895094,0.9775086505190311,591,"[""ADJ"", ""NOUN"", ""VERB""]","[[0, 0, 0], [21, 565, 5], [0, 0, 0]]"
qwen3-0.6b,target_mean_span,pos,random,2,NOUN,VERB,0.0,0.0,0.0,0,"[""ADJ"", ""NOUN"", ""VERB""]","[[0, 0, 0], [21, 565, 5], [0, 0, 0]]"
qwen3-0.6b,target_mean_span,pos,random,2,VERB,NOUN,0.0,0.0,0.0,0,"[""NOUN"", ""VERB""]","[[0, 0], [17, 150]]"
qwen3-0.6b,target_mean_span,pos,random,2,VERB,VERB,1.0,0.8982035928143712,0.9463722397476341,167,"[""NOUN"", ""VERB""]","[[0, 0], [17, 150]]"
qwen3-0.6b,target_mean_span,pos,random,2,all,ADJ,0.8852459016393442,0.8901098901098901,0.8876712328767123,182,"[""ADJ"", ""NOUN"", ""VERB""]","[[162, 20, 0], [21, 565, 5], [0, 17, 150]]"
qwen3-0.6b,target_mean_span,pos,random,2,all,NOUN,0.9385382059800664,0.9560067681895094,0.9471919530595139,591,"[""ADJ"", ""NOUN"", ""VERB""]","[[162, 20, 0], [21, 565, 5], [0, 17, 150]]"
qwen3-0.6b,target_mean_span,pos,random,2,all,VERB,0.967741935483871,0.8982035928143712,0.9316770186335404,167,"[""ADJ"", ""NOUN"", ""VERB""]","[[162, 20, 0], [21, 565, 5], [0, 17, 150]]"
qwen3-0.6b,target_mean_span,pos,random,3,ADJ,ADJ,1.0,0.9560439560439561,0.9775280898876404,182,"[""ADJ"", ""NOUN"", ""VERB""]","[[174, 7, 1], [0, 0, 0], [0, 0, 0]]"
qwen3-0.6b,target_mean_span,pos,random,3,ADJ,NOUN,0.0,0.0,0.0,0,"[""ADJ"", ""NOUN"", ""VERB""]","[[174, 7, 1], [0, 0, 0], [0, 0, 0]]"
qwen3-0.6b,target_mean_span,pos,random,3,ADJ,VERB,0.0,0.0,0.0,0,"[""ADJ"", ""NOUN"", ""VERB""]","[[174, 7, 1], [0, 0, 0], [0, 0, 0]]"
qwen3-0.6b,target_mean_span,pos,random,3,NOUN,ADJ,0.0,0.0,0.0,0,"[""ADJ"", ""NOUN"", ""VERB""]","[[0, 0, 0], [20, 566, 5], [0, 0, 0]]"
qwen3-0.6b,target_mean_span,pos,random,3,NOUN,NOUN,1.0,0.9576988155668359,0.9783923941227312,591,"[""ADJ"", ""NOUN"", ""VERB""]","[[0, 0, 0], [20, 566, 5], [0, 0, 0]]"
qwen3-0.6b,target_mean_span,pos,random,3,NOUN,VERB,0.0,0.0,0.0,0,"[""ADJ"", ""NOUN"", ""VERB""]","[[0, 0, 0], [20, 566, 5], [0, 0, 0]]"
qwen3-0.6b,target_mean_span,pos,random,3,VERB,NOUN,0.0,0.0,0.0,0,"[""NOUN"", ""VERB""]","[[0, 0], [7, 160]]"
qwen3-0.6b,target_mean_span,pos,random,3,VERB,VERB,1.0,0.9580838323353293,0.9785932721712538,167,"[""NOUN"", ""VERB""]","[[0, 0], [7, 160]]"
qwen3-0.6b,target_mean_span,pos,random,3,all,ADJ,0.8969072164948454,0.9560439560439561,0.925531914893617,182,"[""ADJ"", ""NOUN"", ""VERB""]","[[174, 7, 1], [20, 566, 5], [0, 7, 160]]"
qwen3-0.6b,target_mean_span,pos,random,3,all,NOUN,0.9758620689655172,0.9576988155668359,0.9666951323654995,591,"[""ADJ"", ""NOUN"", ""VERB""]","[[174, 7, 1], [20, 566, 5], [0, 7, 160]]"
qwen3-0.6b,target_mean_span,pos,random,3,all,VERB,0.963855421686747,0.9580838323353293,0.960960960960961,167,"[""ADJ"", ""NOUN"", ""VERB""]","[[174, 7, 1], [20, 566, 5], [0, 7, 160]]"
qwen3-0.6b,target_mean_span,pos,random,4,ADJ,ADJ,1.0,0.8626373626373627,0.9262536873156342,182,"[""ADJ"", ""NOUN"", ""VERB""]","[[157, 21, 4], [0, 0, 0], [0, 0, 0]]"
qwen3-0.6b,target_mean_span,pos,random,4,ADJ,NOUN,0.0,0.0,0.0,0,"[""ADJ"", ""NOUN"", ""VERB""]","[[157, 21, 4], [0, 0, 0], [0, 0, 0]]"
qwen3-0.6b,target_mean_span,pos,random,4,ADJ,VERB,0.0,0.0,0.0,0,"[""ADJ"", ""NOUN"", ""VERB""]","[[157, 21, 4], [0, 0, 0], [0, 0, 0]]"
qwen3-0.6b,target_mean_span,pos,random,4,NOUN,ADJ,0.0,0.0,0.0,0,"[""ADJ"", ""NOUN"", ""VERB""]","[[0, 0, 0], [12, 568, 11], [0, 0, 0]]"
qwen3-0.6b,target_mean_span,pos,random,4,NOUN,NOUN,1.0,0.961082910321489,0.9801553062985332,591,"[""ADJ"", ""NOUN"", ""VERB""]","[[0, 0, 0], [12, 568, 11], [0, 0, 0]]"
qwen3-0.6b,target_mean_span,pos,random,4,NOUN,VERB,0.0,0.0,0.0,0,"[""ADJ"", ""NOUN"", ""VERB""]","[[0, 0, 0], [12, 568, 11], [0, 0, 0]]"
qwen3-0.6b,target_mean_span,pos,random,4,VERB,NOUN,0.0,0.0,0.0,0,"[""NOUN"", ""VERB""]","[[0, 0], [6, 161]]"
qwen3-0.6b,target_mean_span,pos,random,4,VERB,VERB,1.0,0.9640718562874252,0.9817073170731707,167,"[""NOUN"", ""VERB""]","[[0, 0], [6, 161]]"
qwen3-0.6b,target_mean_span,pos,random,4,all,ADJ,0.9289940828402367,0.8626373626373627,0.8945868945868946,182,"[""ADJ"", ""NOUN"", ""VERB""]","[[157, 21, 4], [12, 568, 11], [0, 6, 161]]"
qwen3-0.6b,target_mean_span,pos,random,4,all,NOUN,0.9546218487394958,0.961082910321489,0.9578414839797639,591,"[""ADJ"", ""NOUN"", ""VERB""]","[[157, 21, 4], [12, 568, 11], [0, 6, 161]]"
qwen3-0.6b,target_mean_span,pos,random,4,all,VERB,0.9147727272727273,0.9640718562874252,0.9387755102040817,167,"[""ADJ"", ""NOUN"", ""VERB""]","[[157, 21, 4], [12, 568, 11], [0, 6, 161]]"
qwen3-0.6b,target_mean_span,pos,root-heldout,0,ADJ,ADJ,1.0,0.7536231884057971,0.859504132231405,276,"[""ADJ"", ""NOUN"", ""VERB""]","[[208, 64, 4], [0, 0, 0], [0, 0, 0]]"
qwen3-0.6b,target_mean_span,pos,root-heldout,0,ADJ,NOUN,0.0,0.0,0.0,0,"[""ADJ"", ""NOUN"", ""VERB""]","[[208, 64, 4], [0, 0, 0], [0, 0, 0]]"
qwen3-0.6b,target_mean_span,pos,root-heldout,0,ADJ,VERB,0.0,0.0,0.0,0,"[""ADJ"", ""NOUN"", ""VERB""]","[[208, 64, 4], [0, 0, 0], [0, 0, 0]]"
qwen3-0.6b,target_mean_span,pos,root-heldout,0,NOUN,ADJ,0.0,0.0,0.0,0,"[""ADJ"", ""NOUN"", ""VERB""]","[[0, 0, 0], [67, 436, 27], [0, 0, 0]]"
qwen3-0.6b,target_mean_span,pos,root-heldout,0,NOUN,NOUN,1.0,0.8226415094339623,0.9026915113871635,530,"[""ADJ"", ""NOUN"", ""VERB""]","[[0, 0, 0], [67, 436, 27], [0, 0, 0]]"
qwen3-0.6b,target_mean_span,pos,root-heldout,0,NOUN,VERB,0.0,0.0,0.0,0,"[""ADJ"", ""NOUN"", ""VERB""]","[[0, 0, 0], [67, 436, 27], [0, 0, 0]]"
qwen3-0.6b,target_mean_span,pos,root-heldout,0,VERB,ADJ,0.0,0.0,0.0,0,"[""ADJ"", ""NOUN"", ""VERB""]","[[0, 0, 0], [0, 0, 0], [3, 29, 103]]"
qwen3-0.6b,target_mean_span,pos,root-heldout,0,VERB,NOUN,0.0,0.0,0.0,0,"[""ADJ"", ""NOUN"", ""VERB""]","[[0, 0, 0], [0, 0, 0], [3, 29, 103]]"
qwen3-0.6b,target_mean_span,pos,root-heldout,0,VERB,VERB,1.0,0.762962962962963,0.865546218487395,135,"[""ADJ"", ""NOUN"", ""VERB""]","[[0, 0, 0], [0, 0, 0], [3, 29, 103]]"
qwen3-0.6b,target_mean_span,pos,root-heldout,0,all,ADJ,0.7482014388489209,0.7536231884057971,0.7509025270758123,276,"[""ADJ"", ""NOUN"", ""VERB""]","[[208, 64, 4], [67, 436, 27], [3, 29, 103]]"
qwen3-0.6b,target_mean_span,pos,root-heldout,0,all,NOUN,0.8241965973534972,0.8226415094339623,0.8234183191690274,530,"[""ADJ"", ""NOUN"", ""VERB""]","[[208, 64, 4], [67, 436, 27], [3, 29, 103]]"
qwen3-0.6b,target_mean_span,pos,root-heldout,0,all,VERB,0.7686567164179104,0.762962962962963,0.7657992565055762,135,"[""ADJ"", ""NOUN"", ""VERB""]","[[208, 64, 4], [67, 436, 27], [3, 29, 103]]"
qwen3-0.6b,target_mean_span,pos,root-heldout,1,ADJ,ADJ,1.0,0.8205128205128205,0.9014084507042254,156,"[""ADJ"", ""NOUN""]","[[128, 28], [0, 0]]"
qwen3-0.6b,target_mean_span,pos,root-heldout,1,ADJ,NOUN,0.0,0.0,0.0,0,"[""ADJ"", ""NOUN""]","[[128, 28], [0, 0]]"
qwen3-0.6b,target_mean_span,pos,root-heldout,1,NOUN,ADJ,0.0,0.0,0.0,0,"[""ADJ"", ""NOUN"", ""VERB""]","[[0, 0, 0], [57, 546, 15], [0, 0, 0]]"
qwen3-0.6b,target_mean_span,pos,root-heldout,1,NOUN,NOUN,1.0,0.883495145631068,0.9381443298969072,618,"[""ADJ"", ""NOUN"", ""VERB""]","[[0, 0, 0], [57, 546, 15], [0, 0, 0]]"
qwen3-0.6b,target_mean_span,pos,root-heldout,1,NOUN,VERB,0.0,0.0,0.0,0,"[""ADJ"", ""NOUN"", ""VERB""]","[[0, 0, 0], [57, 546, 15], [0, 0, 0]]"
qwen3-0.6b,target_mean_span,pos,root-heldout,1,VERB,ADJ,0.0,0.0,0.0,0,"[""ADJ"", ""NOUN"", ""VERB""]","[[0, 0, 0], [0, 0, 0], [1, 40, 125]]"
qwen3-0.6b,target_mean_span,pos,root-heldout,1,VERB,NOUN,0.0,0.0,0.0,0,"[""ADJ"", ""NOUN"", ""VERB""]","[[0, 0, 0], [0, 0, 0], [1, 40, 125]]"
qwen3-0.6b,target_mean_span,pos,root-heldout,1,VERB,VERB,1.0,0.7530120481927711,0.8591065292096219,166,"[""ADJ"", ""NOUN"", ""VERB""]","[[0, 0, 0], [0, 0, 0], [1, 40, 125]]"
qwen3-0.6b,target_mean_span,pos,root-heldout,1,all,ADJ,0.6881720430107527,0.8205128205128205,0.7485380116959064,156,"[""ADJ"", ""NOUN"", ""VERB""]","[[128, 28, 0], [57, 546, 15], [1, 40, 125]]"
qwen3-0.6b,target_mean_span,pos,root-heldout,1,all,NOUN,0.8892508143322475,0.883495145631068,0.8863636363636364,618,"[""ADJ"", ""NOUN"", ""VERB""]","[[128, 28, 0], [57, 546, 15], [1, 40, 125]]"
qwen3-0.6b,target_mean_span,pos,root-heldout,1,all,VERB,0.8928571428571429,0.7530120481927711,0.8169934640522876,166,"[""ADJ"", ""NOUN"", ""VERB""]","[[128, 28, 0], [57, 546, 15], [1, 40, 125]]"
qwen3-0.6b,target_mean_span,pos,root-heldout,2,ADJ,ADJ,1.0,0.6136363636363636,0.7605633802816901,220,"[""ADJ"", ""NOUN"", ""VERB""]","[[135, 73, 12], [0, 0, 0], [0, 0, 0]]"
qwen3-0.6b,target_mean_span,pos,root-heldout,2,ADJ,NOUN,0.0,0.0,0.0,0,"[""ADJ"", ""NOUN"", ""VERB""]","[[135, 73, 12], [0, 0, 0], [0, 0, 0]]"
qwen3-0.6b,target_mean_span,pos,root-heldout,2,ADJ,VERB,0.0,0.0,0.0,0,"[""ADJ"", ""NOUN"", ""VERB""]","[[135, 73, 12], [0, 0, 0], [0, 0, 0]]"
qwen3-0.6b,target_mean_span,pos,root-heldout,2,NOUN,ADJ,0.0,0.0,0.0,0,"[""ADJ"", ""NOUN"", ""VERB""]","[[0, 0, 0], [41, 520, 19], [0, 0, 0]]"
qwen3-0.6b,target_mean_span,pos,root-heldout,2,NOUN,NOUN,1.0,0.896551724137931,0.9454545454545454,580,"[""ADJ"", ""NOUN"", ""VERB""]","[[0, 0, 0], [41, 520, 19], [0, 0, 0]]"
qwen3-0.6b,target_mean_span,pos,root-heldout,2,NOUN,VERB,0.0,0.0,0.0,0,"[""ADJ"", ""NOUN"", ""VERB""]","[[0, 0, 0], [41, 520, 19], [0, 0, 0]]"
qwen3-0.6b,target_mean_span,pos,root-heldout,2,VERB,ADJ,0.0,0.0,0.0,0,"[""ADJ"", ""NOUN"", ""VERB""]","[[0, 0, 0], [0, 0, 0], [2, 22, 116]]"
qwen3-0.6b,target_mean_span,pos,root-heldout,2,VERB,NOUN,0.0,0.0,0.0,0,"[""ADJ"", ""NOUN"", ""VERB""]","[[0, 0, 0], [0, 0, 0], [2, 22, 116]]"
qwen3-0.6b,target_mean_span,pos,root-heldout,2,VERB,VERB,1.0,0.8285714285714286,0.90625,140,"[""ADJ"", ""NOUN"", ""VERB""]","[[0, 0, 0], [0, 0, 0], [2, 22, 116]]"
qwen3-0.6b,target_mean_span,pos,root-heldout,2,all,ADJ,0.7584269662921348,0.6136363636363636,0.678391959798995,220,"[""ADJ"", ""NOUN"", ""VERB""]","[[135, 73, 12], [41, 520, 19], [2, 22, 116]]"
qwen3-0.6b,target_mean_span,pos,root-heldout,2,all,NOUN,0.8455284552845529,0.896551724137931,0.8702928870292888,580,"[""ADJ"", ""NOUN"", ""VERB""]","[[135, 73, 12], [41, 520, 19], [2, 22, 116]]"
qwen3-0.6b,target_mean_span,pos,root-heldout,2,all,VERB,0.7891156462585034,0.8285714285714286,0.8083623693379791,140,"[""ADJ"", ""NOUN"", ""VERB""]","[[135, 73, 12], [41, 520, 19], [2, 22, 116]]"
qwen3-0.6b,target_mean_span,pos,root-heldout,3,ADJ,ADJ,1.0,0.6532258064516129,0.7902439024390244,124,"[""ADJ"", ""NOUN"", ""VERB""]","[[81, 38, 5], [0, 0, 0], [0, 0, 0]]"
qwen3-0.6b,target_mean_span,pos,root-heldout,3,ADJ,NOUN,0.0,0.0,0.0,0,"[""ADJ"", ""NOUN"", ""VERB""]","[[81, 38, 5], [0, 0, 0], [0, 0, 0]]"
qwen3-0.6b,target_mean_span,pos,root-heldout,3,ADJ,VERB,0.0,0.0,0.0,0,"[""ADJ"", ""NOUN"", ""VERB""]","[[81, 38, 5], [0, 0, 0], [0, 0, 0]]"
qwen3-0.6b,target_mean_span,pos,root-heldout,3,NOUN,ADJ,0.0,0.0,0.0,0,"[""ADJ"", ""NOUN"", ""VERB""]","[[0, 0, 0], [79, 532, 20], [0, 0, 0]]"
qwen3-0.6b,target_mean_span,pos,root-heldout,3,NOUN,NOUN,1.0,0.8431061806656102,0.9148753224419605,631,"[""ADJ"", ""NOUN"", ""VERB""]","[[0, 0, 0], [79, 532, 20], [0, 0, 0]]"
qwen3-0.6b,target_mean_span,pos,root-heldout,3,NOUN,VERB,0.0,0.0,0.0,0,"[""ADJ"", ""NOUN"", ""VERB""]","[[0, 0, 0], [79, 532, 20], [0, 0, 0]]"
qwen3-0.6b,target_mean_span,pos,root-heldout,3,VERB,NOUN,0.0,0.0,0.0,0,"[""NOUN"", ""VERB""]","[[0, 0], [22, 163]]"
qwen3-0.6b,target_mean_span,pos,root-heldout,3,VERB,VERB,1.0,0.8810810810810811,0.9367816091954023,185,"[""NOUN"", ""VERB""]","[[0, 0], [22, 163]]"
qwen3-0.6b,target_mean_span,pos,root-heldout,3,all,ADJ,0.50625,0.6532258064516129,0.5704225352112676,124,"[""ADJ"", ""NOUN"", ""VERB""]","[[81, 38, 5], [79, 532, 20], [0, 22, 163]]"
qwen3-0.6b,target_mean_span,pos,root-heldout,3,all,NOUN,0.8986486486486487,0.8431061806656102,0.8699918233851186,631,"[""ADJ"", ""NOUN"", ""VERB""]","[[81, 38, 5], [79, 532, 20], [0, 22, 163]]"
qwen3-0.6b,target_mean_span,pos,root-heldout,3,all,VERB,0.8670212765957447,0.8810810810810811,0.8739946380697051,185,"[""ADJ"", ""NOUN"", ""VERB""]","[[81, 38, 5], [79, 532, 20], [0, 22, 163]]"
qwen3-0.6b,target_mean_span,pos,root-heldout,4,ADJ,ADJ,1.0,0.5447761194029851,0.7053140096618358,134,"[""ADJ"", ""NOUN"", ""VERB""]","[[73, 59, 2], [0, 0, 0], [0, 0, 0]]"
qwen3-0.6b,target_mean_span,pos,root-heldout,4,ADJ,NOUN,0.0,0.0,0.0,0,"[""ADJ"", ""NOUN"", ""VERB""]","[[73, 59, 2], [0, 0, 0], [0, 0, 0]]"
qwen3-0.6b,target_mean_span,pos,root-heldout,4,ADJ,VERB,0.0,0.0,0.0,0,"[""ADJ"", ""NOUN"", ""VERB""]","[[73, 59, 2], [0, 0, 0], [0, 0, 0]]"
qwen3-0.6b,target_mean_span,pos,root-heldout,4,NOUN,ADJ,0.0,0.0,0.0,0,"[""ADJ"", ""NOUN"", ""VERB""]","[[0, 0, 0], [73, 506, 19], [0, 0, 0]]"
qwen3-0.6b,target_mean_span,pos,root-heldout,4,NOUN,NOUN,1.0,0.8461538461538461,0.9166666666666666,598,"[""ADJ"", ""NOUN"", ""VERB""]","[[0, 0, 0], [73, 506, 19], [0, 0, 0]]"
qwen3-0.6b,target_mean_span,pos,root-heldout,4,NOUN,VERB,0.0,0.0,0.0,0,"[""ADJ"", ""NOUN"", ""VERB""]","[[0, 0, 0], [73, 506, 19], [0, 0, 0]]"
qwen3-0.6b,target_mean_span,pos,root-heldout,4,VERB,ADJ,0.0,0.0,0.0,0,"[""ADJ"", ""NOUN"", ""VERB""]","[[0, 0, 0], [0, 0, 0], [8, 14, 186]]"
qwen3-0.6b,target_mean_span,pos,root-heldout,4,VERB,NOUN,0.0,0.0,0.0,0,"[""ADJ"", ""NOUN"", ""VERB""]","[[0, 0, 0], [0, 0, 0], [8, 14, 186]]"
qwen3-0.6b,target_mean_span,pos,root-heldout,4,VERB,VERB,1.0,0.8942307692307693,0.9441624365482234,208,"[""ADJ"", ""NOUN"", ""VERB""]","[[0, 0, 0], [0, 0, 0], [8, 14, 186]]"
qwen3-0.6b,target_mean_span,pos,root-heldout,4,all,ADJ,0.474025974025974,0.5447761194029851,0.5069444444444444,134,"[""ADJ"", ""NOUN"", ""VERB""]","[[73, 59, 2], [73, 506, 19], [8, 14, 186]]"
qwen3-0.6b,target_mean_span,pos,root-heldout,4,all,NOUN,0.8739205526770294,0.8461538461538461,0.8598130841121495,598,"[""ADJ"", ""NOUN"", ""VERB""]","[[73, 59, 2], [73, 506, 19], [8, 14, 186]]"
qwen3-0.6b,target_mean_span,pos,root-heldout,4,all,VERB,0.8985507246376812,0.8942307692307693,0.8963855421686747,208,"[""ADJ"", ""NOUN"", ""VERB""]","[[73, 59, 2], [73, 506, 19], [8, 14, 186]]"
